run_id,snapshot_id,region_ref,mask_refs,platform,viewport,baseline_path,actual_path,diff_path,diff_pixels,diff_ratio,threshold,status,duration_ms,failure_bucket,architecture_type,repository_name,experiment_batch_id,run_index,workflow_run_id,workflow_attempt,tool_name,platform,viewport,generated_at
desktop-176ea4da-cb18-4c26-b88e-8831211b537b,catalog_screen,catalogScreen,searchInput,web,desktop,C:\Users\gilsa\Documents\Repos\Generat-Test-Automation-Architecture-TS\gTAA\visual-baselines\catalog\catalog_screen\web\desktop\us\en\catalog-renders-in-us-en\baseline.png,C:\Users\gilsa\Documents\Repos\Generat-Test-Automation-Architecture-TS\gTAA\visual-results\desktop-176ea4da-cb18-4c26-b88e-8831211b537b\catalog\catalog_screen\web\desktop\us\en\catalog-renders-in-us-en\actual.png,,,,0.01,SKIP,1523,,GTAA_BASELINE,gTAA,local-batch,0,NOT_AVAILABLE,NOT_AVAILABLE,playwright,web,desktop,2026-06-09T17:38:55.916Z
desktop-176ea4da-cb18-4c26-b88e-8831211b537b,catalog_screen,catalogScreen,searchInput,web,desktop,C:\Users\gilsa\Documents\Repos\Generat-Test-Automation-Architecture-TS\gTAA\visual-baselines\catalog\catalog_screen\web\desktop\mx\es\catalog-renders-in-mx-es\baseline.png,C:\Users\gilsa\Documents\Repos\Generat-Test-Automation-Architecture-TS\gTAA\visual-results\desktop-176ea4da-cb18-4c26-b88e-8831211b537b\catalog\catalog_screen\web\desktop\mx\es\catalog-renders-in-mx-es\actual.png,,,,0.01,SKIP,1479,,GTAA_BASELINE,gTAA,local-batch,0,NOT_AVAILABLE,NOT_AVAILABLE,playwright,web,desktop,2026-06-09T17:38:55.916Z
desktop-176ea4da-cb18-4c26-b88e-8831211b537b,catalog_screen,catalogScreen,searchInput,web,desktop,C:\Users\gilsa\Documents\Repos\Generat-Test-Automation-Architecture-TS\gTAA\visual-baselines\catalog\catalog_screen\web\desktop\ch\de\catalog-renders-in-ch-de\baseline.png,C:\Users\gilsa\Documents\Repos\Generat-Test-Automation-Architecture-TS\gTAA\visual-results\desktop-176ea4da-cb18-4c26-b88e-8831211b537b\catalog\catalog_screen\web\desktop\ch\de\catalog-renders-in-ch-de\actual.png,,,,0.01,SKIP,1183,,GTAA_BASELINE,gTAA,local-batch,0,NOT_AVAILABLE,NOT_AVAILABLE,playwright,web,desktop,2026-06-09T17:38:55.916Z
desktop-176ea4da-cb18-4c26-b88e-8831211b537b,catalog_screen,catalogScreen,searchInput,web,desktop,C:\Users\gilsa\Documents\Repos\Generat-Test-Automation-Architecture-TS\gTAA\visual-baselines\catalog\catalog_screen\web\desktop\ch\fr\catalog-renders-in-ch-fr\baseline.png,C:\Users\gilsa\Documents\Repos\Generat-Test-Automation-Architecture-TS\gTAA\visual-results\desktop-176ea4da-cb18-4c26-b88e-8831211b537b\catalog\catalog_screen\web\desktop\ch\fr\catalog-renders-in-ch-fr\actual.png,,,,0.01,SKIP,1294,,GTAA_BASELINE,gTAA,local-batch,0,NOT_AVAILABLE,NOT_AVAILABLE,playwright,web,desktop,2026-06-09T17:38:55.916Z
desktop-176ea4da-cb18-4c26-b88e-8831211b537b,catalog_screen,catalogScreen,searchInput,web,desktop,C:\Users\gilsa\Documents\Repos\Generat-Test-Automation-Architecture-TS\gTAA\visual-baselines\catalog\catalog_screen\web\desktop\jp\ja\catalog-renders-in-jp-ja\baseline.png,C:\Users\gilsa\Documents\Repos\Generat-Test-Automation-Architecture-TS\gTAA\visual-results\desktop-176ea4da-cb18-4c26-b88e-8831211b537b\catalog\catalog_screen\web\desktop\jp\ja\catalog-renders-in-jp-ja\actual.png,,,,0.01,SKIP,1546,,GTAA_BASELINE,gTAA,local-batch,0,NOT_AVAILABLE,NOT_AVAILABLE,playwright,web,desktop,2026-06-09T17:38:55.916Z
desktop-176ea4da-cb18-4c26-b88e-8831211b537b,checkout_order_summary,orderDetailsList,orderTotalValue,web,desktop,C:\Users\gilsa\Documents\Repos\Generat-Test-Automation-Architecture-TS\gTAA\visual-baselines\checkout\checkout_order_summary\web\desktop\place-a-delivery-order-in-us-paying-with-credit-card\baseline.png,C:\Users\gilsa\Documents\Repos\Generat-Test-Automation-Architecture-TS\gTAA\visual-results\desktop-176ea4da-cb18-4c26-b88e-8831211b537b\checkout\checkout_order_summary\web\desktop\place-a-delivery-order-in-us-paying-with-credit-card\actual.png,,,,0.005,SKIP,30130,,GTAA_BASELINE,gTAA,local-batch,0,NOT_AVAILABLE,NOT_AVAILABLE,playwright,web,desktop,2026-06-09T17:38:55.916Z
desktop-176ea4da-cb18-4c26-b88e-8831211b537b,checkout_order_summary,orderDetailsList,orderTotalValue,web,desktop,C:\Users\gilsa\Documents\Repos\Generat-Test-Automation-Architecture-TS\gTAA\visual-baselines\checkout\checkout_order_summary\web\desktop\place-a-delivery-order-in-mx-paying-with-credit-card\baseline.png,C:\Users\gilsa\Documents\Repos\Generat-Test-Automation-Architecture-TS\gTAA\visual-results\desktop-176ea4da-cb18-4c26-b88e-8831211b537b\checkout\checkout_order_summary\web\desktop\place-a-delivery-order-in-mx-paying-with-credit-card\actual.png,,,,0.005,SKIP,30147,,GTAA_BASELINE,gTAA,local-batch,0,NOT_AVAILABLE,NOT_AVAILABLE,playwright,web,desktop,2026-06-09T17:38:55.916Z
desktop-176ea4da-cb18-4c26-b88e-8831211b537b,checkout_order_summary,orderDetailsList,orderTotalValue,web,desktop,C:\Users\gilsa\Documents\Repos\Generat-Test-Automation-Architecture-TS\gTAA\visual-baselines\checkout\checkout_order_summary\web\desktop\place-a-delivery-order-in-ch-paying-with-credit-card\baseline.png,C:\Users\gilsa\Documents\Repos\Generat-Test-Automation-Architecture-TS\gTAA\visual-results\desktop-176ea4da-cb18-4c26-b88e-8831211b537b\checkout\checkout_order_summary\web\desktop\place-a-delivery-order-in-ch-paying-with-credit-card\actual.png,,,,0.005,SKIP,30140,,GTAA_BASELINE,gTAA,local-batch,0,NOT_AVAILABLE,NOT_AVAILABLE,playwright,web,desktop,2026-06-09T17:38:55.916Z
desktop-176ea4da-cb18-4c26-b88e-8831211b537b,checkout_order_summary,orderDetailsList,orderTotalValue,web,desktop,C:\Users\gilsa\Documents\Repos\Generat-Test-Automation-Architecture-TS\gTAA\visual-baselines\checkout\checkout_order_summary\web\desktop\place-a-delivery-order-in-jp-paying-with-credit-card\baseline.png,C:\Users\gilsa\Documents\Repos\Generat-Test-Automation-Architecture-TS\gTAA\visual-results\desktop-176ea4da-cb18-4c26-b88e-8831211b537b\checkout\checkout_order_summary\web\desktop\place-a-delivery-order-in-jp-paying-with-credit-card\actual.png,,,,0.005,SKIP,30132,,GTAA_BASELINE,gTAA,local-batch,0,NOT_AVAILABLE,NOT_AVAILABLE,playwright,web,desktop,2026-06-09T17:38:55.916Z
desktop-176ea4da-cb18-4c26-b88e-8831211b537b,checkout_order_summary,orderDetailsList,orderTotalValue,web,desktop,C:\Users\gilsa\Documents\Repos\Generat-Test-Automation-Architecture-TS\gTAA\visual-baselines\checkout\checkout_order_summary\web\desktop\place-a-delivery-order-in-us-paying-with-cash\baseline.png,C:\Users\gilsa\Documents\Repos\Generat-Test-Automation-Architecture-TS\gTAA\visual-results\desktop-176ea4da-cb18-4c26-b88e-8831211b537b\checkout\checkout_order_summary\web\desktop\place-a-delivery-order-in-us-paying-with-cash\actual.png,,,,0.005,SKIP,30153,,GTAA_BASELINE,gTAA,local-batch,0,NOT_AVAILABLE,NOT_AVAILABLE,playwright,web,desktop,2026-06-09T17:38:55.916Z
desktop-176ea4da-cb18-4c26-b88e-8831211b537b,checkout_order_summary,orderDetailsList,orderTotalValue,web,desktop,C:\Users\gilsa\Documents\Repos\Generat-Test-Automation-Architecture-TS\gTAA\visual-baselines\checkout\checkout_order_summary\web\desktop\place-a-delivery-order-in-mx-paying-with-cash\baseline.png,C:\Users\gilsa\Documents\Repos\Generat-Test-Automation-Architecture-TS\gTAA\visual-results\desktop-176ea4da-cb18-4c26-b88e-8831211b537b\checkout\checkout_order_summary\web\desktop\place-a-delivery-order-in-mx-paying-with-cash\actual.png,,,,0.005,SKIP,30162,,GTAA_BASELINE,gTAA,local-batch,0,NOT_AVAILABLE,NOT_AVAILABLE,playwright,web,desktop,2026-06-09T17:38:55.916Z
desktop-176ea4da-cb18-4c26-b88e-8831211b537b,checkout_order_summary,orderDetailsList,orderTotalValue,web,desktop,C:\Users\gilsa\Documents\Repos\Generat-Test-Automation-Architecture-TS\gTAA\visual-baselines\checkout\checkout_order_summary\web\desktop\place-a-delivery-order-in-ch-paying-with-cash\baseline.png,C:\Users\gilsa\Documents\Repos\Generat-Test-Automation-Architecture-TS\gTAA\visual-results\desktop-176ea4da-cb18-4c26-b88e-8831211b537b\checkout\checkout_order_summary\web\desktop\place-a-delivery-order-in-ch-paying-with-cash\actual.png,,,,0.005,SKIP,30160,,GTAA_BASELINE,gTAA,local-batch,0,NOT_AVAILABLE,NOT_AVAILABLE,playwright,web,desktop,2026-06-09T17:38:55.916Z
desktop-176ea4da-cb18-4c26-b88e-8831211b537b,checkout_order_summary,orderDetailsList,orderTotalValue,web,desktop,C:\Users\gilsa\Documents\Repos\Generat-Test-Automation-Architecture-TS\gTAA\visual-baselines\checkout\checkout_order_summary\web\desktop\place-a-delivery-order-in-jp-paying-with-cash\baseline.png,C:\Users\gilsa\Documents\Repos\Generat-Test-Automation-Architecture-TS\gTAA\visual-results\desktop-176ea4da-cb18-4c26-b88e-8831211b537b\checkout\checkout_order_summary\web\desktop\place-a-delivery-order-in-jp-paying-with-cash\actual.png,,,,0.005,SKIP,30145,,GTAA_BASELINE,gTAA,local-batch,0,NOT_AVAILABLE,NOT_AVAILABLE,playwright,web,desktop,2026-06-09T17:38:55.916Z
desktop-176ea4da-cb18-4c26-b88e-8831211b537b,login_screen_invalid_credentials,loginScreen,usernameInput;passwordInput,web,desktop,C:\Users\gilsa\Documents\Repos\Generat-Test-Automation-Architecture-TS\gTAA\visual-baselines\login\login_screen_invalid_credentials\web\desktop\login-rejected-when-username-is-missing\baseline.png,C:\Users\gilsa\Documents\Repos\Generat-Test-Automation-Architecture-TS\gTAA\visual-results\desktop-176ea4da-cb18-4c26-b88e-8831211b537b\login\login_screen_invalid_credentials\web\desktop\login-rejected-when-username-is-missing\actual.png,,,,0.01,SKIP,1456,,GTAA_BASELINE,gTAA,local-batch,0,NOT_AVAILABLE,NOT_AVAILABLE,playwright,web,desktop,2026-06-09T17:38:55.916Z
desktop-176ea4da-cb18-4c26-b88e-8831211b537b,login_screen_invalid_credentials,loginScreen,usernameInput;passwordInput,web,desktop,C:\Users\gilsa\Documents\Repos\Generat-Test-Automation-Architecture-TS\gTAA\visual-baselines\login\login_screen_invalid_credentials\web\desktop\login-rejected-when-password-is-missing\baseline.png,C:\Users\gilsa\Documents\Repos\Generat-Test-Automation-Architecture-TS\gTAA\visual-results\desktop-176ea4da-cb18-4c26-b88e-8831211b537b\login\login_screen_invalid_credentials\web\desktop\login-rejected-when-password-is-missing\actual.png,,,,0.01,SKIP,1390,,GTAA_BASELINE,gTAA,local-batch,0,NOT_AVAILABLE,NOT_AVAILABLE,playwright,web,desktop,2026-06-09T17:38:55.916Z
desktop-176ea4da-cb18-4c26-b88e-8831211b537b,login_screen_invalid_credentials,loginScreen,usernameInput;passwordInput,web,desktop,C:\Users\gilsa\Documents\Repos\Generat-Test-Automation-Architecture-TS\gTAA\visual-baselines\login\login_screen_invalid_credentials\web\desktop\login-rejected-when-both-fields-are-empty\baseline.png,C:\Users\gilsa\Documents\Repos\Generat-Test-Automation-Architecture-TS\gTAA\visual-results\desktop-176ea4da-cb18-4c26-b88e-8831211b537b\login\login_screen_invalid_credentials\web\desktop\login-rejected-when-both-fields-are-empty\actual.png,,,,0.01,SKIP,1442,,GTAA_BASELINE,gTAA,local-batch,0,NOT_AVAILABLE,NOT_AVAILABLE,playwright,web,desktop,2026-06-09T17:38:55.916Z
desktop-176ea4da-cb18-4c26-b88e-8831211b537b,login_screen_invalid_credentials,loginScreen,usernameInput;passwordInput,web,desktop,C:\Users\gilsa\Documents\Repos\Generat-Test-Automation-Architecture-TS\gTAA\visual-baselines\login\login_screen_invalid_credentials\web\desktop\login-rejected-when-credentials-are-wrong\baseline.png,C:\Users\gilsa\Documents\Repos\Generat-Test-Automation-Architecture-TS\gTAA\visual-results\desktop-176ea4da-cb18-4c26-b88e-8831211b537b\login\login_screen_invalid_credentials\web\desktop\login-rejected-when-credentials-are-wrong\actual.png,,,,0.01,SKIP,193,,GTAA_BASELINE,gTAA,local-batch,0,NOT_AVAILABLE,NOT_AVAILABLE,playwright,web,desktop,2026-06-09T17:38:55.916Z
desktop-176ea4da-cb18-4c26-b88e-8831211b537b,login_screen_invalid_credentials,loginScreen,usernameInput;passwordInput,web,desktop,C:\Users\gilsa\Documents\Repos\Generat-Test-Automation-Architecture-TS\gTAA\visual-baselines\login\login_screen_invalid_credentials\web\desktop\login-rejected-when-user-is-locked-out\baseline.png,C:\Users\gilsa\Documents\Repos\Generat-Test-Automation-Architecture-TS\gTAA\visual-results\desktop-176ea4da-cb18-4c26-b88e-8831211b537b\login\login_screen_invalid_credentials\web\desktop\login-rejected-when-user-is-locked-out\actual.png,,,,0.01,SKIP,1159,,GTAA_BASELINE,gTAA,local-batch,0,NOT_AVAILABLE,NOT_AVAILABLE,playwright,web,desktop,2026-06-09T17:38:55.916Z
desktop-176ea4da-cb18-4c26-b88e-8831211b537b,login_screen_localized,logoutButton,,web,desktop,C:\Users\gilsa\Documents\Repos\Generat-Test-Automation-Architecture-TS\gTAA\visual-baselines\login\login_screen_localized\web\desktop\us\english\logout-label-is-translated-to-english-after-market-us\baseline.png,C:\Users\gilsa\Documents\Repos\Generat-Test-Automation-Architecture-TS\gTAA\visual-results\desktop-176ea4da-cb18-4c26-b88e-8831211b537b\login\login_screen_localized\web\desktop\us\english\logout-label-is-translated-to-english-after-market-us\actual.png,,,,0.02,SKIP,1776,,GTAA_BASELINE,gTAA,local-batch,0,NOT_AVAILABLE,NOT_AVAILABLE,playwright,web,desktop,2026-06-09T17:38:55.916Z
desktop-176ea4da-cb18-4c26-b88e-8831211b537b,login_screen_localized,logoutButton,,web,desktop,C:\Users\gilsa\Documents\Repos\Generat-Test-Automation-Architecture-TS\gTAA\visual-baselines\login\login_screen_localized\web\desktop\mx\spanish\logout-label-is-translated-to-spanish-after-market-mx\baseline.png,C:\Users\gilsa\Documents\Repos\Generat-Test-Automation-Architecture-TS\gTAA\visual-results\desktop-176ea4da-cb18-4c26-b88e-8831211b537b\login\login_screen_localized\web\desktop\mx\spanish\logout-label-is-translated-to-spanish-after-market-mx\actual.png,,,,0.02,SKIP,1742,,GTAA_BASELINE,gTAA,local-batch,0,NOT_AVAILABLE,NOT_AVAILABLE,playwright,web,desktop,2026-06-09T17:38:55.916Z
desktop-176ea4da-cb18-4c26-b88e-8831211b537b,login_screen_localized,logoutButton,,web,desktop,C:\Users\gilsa\Documents\Repos\Generat-Test-Automation-Architecture-TS\gTAA\visual-baselines\login\login_screen_localized\web\desktop\ch\german\logout-label-is-translated-to-german-after-market-ch\baseline.png,C:\Users\gilsa\Documents\Repos\Generat-Test-Automation-Architecture-TS\gTAA\visual-results\desktop-176ea4da-cb18-4c26-b88e-8831211b537b\login\login_screen_localized\web\desktop\ch\german\logout-label-is-translated-to-german-after-market-ch\actual.png,,,,0.02,SKIP,1718,,GTAA_BASELINE,gTAA,local-batch,0,NOT_AVAILABLE,NOT_AVAILABLE,playwright,web,desktop,2026-06-09T17:38:55.916Z
desktop-176ea4da-cb18-4c26-b88e-8831211b537b,login_screen_localized,logoutButton,,web,desktop,C:\Users\gilsa\Documents\Repos\Generat-Test-Automation-Architecture-TS\gTAA\visual-baselines\login\login_screen_localized\web\desktop\ch\french\logout-label-is-translated-to-french-after-market-ch\baseline.png,C:\Users\gilsa\Documents\Repos\Generat-Test-Automation-Architecture-TS\gTAA\visual-results\desktop-176ea4da-cb18-4c26-b88e-8831211b537b\login\login_screen_localized\web\desktop\ch\french\logout-label-is-translated-to-french-after-market-ch\actual.png,,,,0.02,SKIP,1643,,GTAA_BASELINE,gTAA,local-batch,0,NOT_AVAILABLE,NOT_AVAILABLE,playwright,web,desktop,2026-06-09T17:38:55.916Z
desktop-176ea4da-cb18-4c26-b88e-8831211b537b,login_screen_localized,logoutButton,,web,desktop,C:\Users\gilsa\Documents\Repos\Generat-Test-Automation-Architecture-TS\gTAA\visual-baselines\login\login_screen_localized\web\desktop\jp\japanese\logout-label-is-translated-to-japanese-after-market-jp\baseline.png,C:\Users\gilsa\Documents\Repos\Generat-Test-Automation-Architecture-TS\gTAA\visual-results\desktop-176ea4da-cb18-4c26-b88e-8831211b537b\login\login_screen_localized\web\desktop\jp\japanese\logout-label-is-translated-to-japanese-after-market-jp\actual.png,,,,0.02,SKIP,2124,,GTAA_BASELINE,gTAA,local-batch,0,NOT_AVAILABLE,NOT_AVAILABLE,playwright,web,desktop,2026-06-09T17:38:55.916Z
desktop-176ea4da-cb18-4c26-b88e-8831211b537b,navbar_desktop_strip,navLogo,,web,desktop,C:\Users\gilsa\Documents\Repos\Generat-Test-Automation-Architecture-TS\gTAA\visual-baselines\navbar\navbar_desktop_strip\web\desktop\us\en\desktop-navbar-links-are-present-in-us\baseline.png,C:\Users\gilsa\Documents\Repos\Generat-Test-Automation-Architecture-TS\gTAA\visual-results\desktop-176ea4da-cb18-4c26-b88e-8831211b537b\navbar\navbar_desktop_strip\web\desktop\us\en\desktop-navbar-links-are-present-in-us\actual.png,,,,0.01,SKIP,1645,,GTAA_BASELINE,gTAA,local-batch,0,NOT_AVAILABLE,NOT_AVAILABLE,playwright,web,desktop,2026-06-09T17:38:55.916Z
desktop-176ea4da-cb18-4c26-b88e-8831211b537b,navbar_desktop_strip,navLogo,,web,desktop,C:\Users\gilsa\Documents\Repos\Generat-Test-Automation-Architecture-TS\gTAA\visual-baselines\navbar\navbar_desktop_strip\web\desktop\mx\es\desktop-navbar-links-are-present-in-mx\baseline.png,C:\Users\gilsa\Documents\Repos\Generat-Test-Automation-Architecture-TS\gTAA\visual-results\desktop-176ea4da-cb18-4c26-b88e-8831211b537b\navbar\navbar_desktop_strip\web\desktop\mx\es\desktop-navbar-links-are-present-in-mx\actual.png,,,,0.01,SKIP,1367,,GTAA_BASELINE,gTAA,local-batch,0,NOT_AVAILABLE,NOT_AVAILABLE,playwright,web,desktop,2026-06-09T17:38:55.916Z
desktop-176ea4da-cb18-4c26-b88e-8831211b537b,navbar_desktop_strip,navLogo,,web,desktop,C:\Users\gilsa\Documents\Repos\Generat-Test-Automation-Architecture-TS\gTAA\visual-baselines\navbar\navbar_desktop_strip\web\desktop\ch\de\desktop-navbar-links-are-present-in-ch\baseline.png,C:\Users\gilsa\Documents\Repos\Generat-Test-Automation-Architecture-TS\gTAA\visual-results\desktop-176ea4da-cb18-4c26-b88e-8831211b537b\navbar\navbar_desktop_strip\web\desktop\ch\de\desktop-navbar-links-are-present-in-ch\actual.png,,,,0.01,SKIP,1368,,GTAA_BASELINE,gTAA,local-batch,0,NOT_AVAILABLE,NOT_AVAILABLE,playwright,web,desktop,2026-06-09T17:38:55.916Z
desktop-176ea4da-cb18-4c26-b88e-8831211b537b,navbar_desktop_strip,navLogo,,web,desktop,C:\Users\gilsa\Documents\Repos\Generat-Test-Automation-Architecture-TS\gTAA\visual-baselines\navbar\navbar_desktop_strip\web\desktop\ch\fr\desktop-navbar-links-are-present-in-ch\baseline.png,C:\Users\gilsa\Documents\Repos\Generat-Test-Automation-Architecture-TS\gTAA\visual-results\desktop-176ea4da-cb18-4c26-b88e-8831211b537b\navbar\navbar_desktop_strip\web\desktop\ch\fr\desktop-navbar-links-are-present-in-ch\actual.png,,,,0.01,SKIP,1423,,GTAA_BASELINE,gTAA,local-batch,0,NOT_AVAILABLE,NOT_AVAILABLE,playwright,web,desktop,2026-06-09T17:38:55.916Z
desktop-176ea4da-cb18-4c26-b88e-8831211b537b,navbar_desktop_strip,navLogo,,web,desktop,C:\Users\gilsa\Documents\Repos\Generat-Test-Automation-Architecture-TS\gTAA\visual-baselines\navbar\navbar_desktop_strip\web\desktop\jp\ja\desktop-navbar-links-are-present-in-jp\baseline.png,C:\Users\gilsa\Documents\Repos\Generat-Test-Automation-Architecture-TS\gTAA\visual-results\desktop-176ea4da-cb18-4c26-b88e-8831211b537b\navbar\navbar_desktop_strip\web\desktop\jp\ja\desktop-navbar-links-are-present-in-jp\actual.png,,,,0.01,SKIP,1758,,GTAA_BASELINE,gTAA,local-batch,0,NOT_AVAILABLE,NOT_AVAILABLE,playwright,web,desktop,2026-06-09T17:38:55.916Z
desktop-176ea4da-cb18-4c26-b88e-8831211b537b,navbar_header_language_switcher,languageDEButton,,web,desktop,C:\Users\gilsa\Documents\Repos\Generat-Test-Automation-Architecture-TS\gTAA\visual-baselines\navbar\navbar_header_language_switcher\web\desktop\ch\fr\header-language-switcher-updates-the-locale-in-ch-de-fr\baseline.png,C:\Users\gilsa\Documents\Repos\Generat-Test-Automation-Architecture-TS\gTAA\visual-results\desktop-176ea4da-cb18-4c26-b88e-8831211b537b\navbar\navbar_header_language_switcher\web\desktop\ch\fr\header-language-switcher-updates-the-locale-in-ch-de-fr\actual.png,,,,0.02,SKIP,1529,,GTAA_BASELINE,gTAA,local-batch,0,NOT_AVAILABLE,NOT_AVAILABLE,playwright,web,desktop,2026-06-09T17:38:55.916Z
desktop-176ea4da-cb18-4c26-b88e-8831211b537b,navbar_header_language_switcher,languageDEButton,,web,desktop,C:\Users\gilsa\Documents\Repos\Generat-Test-Automation-Architecture-TS\gTAA\visual-baselines\navbar\navbar_header_language_switcher\web\desktop\ch\de\header-language-switcher-updates-the-locale-in-ch-fr-de\baseline.png,C:\Users\gilsa\Documents\Repos\Generat-Test-Automation-Architecture-TS\gTAA\visual-results\desktop-176ea4da-cb18-4c26-b88e-8831211b537b\navbar\navbar_header_language_switcher\web\desktop\ch\de\header-language-switcher-updates-the-locale-in-ch-fr-de\actual.png,,,,0.02,SKIP,1547,,GTAA_BASELINE,gTAA,local-batch,0,NOT_AVAILABLE,NOT_AVAILABLE,playwright,web,desktop,2026-06-09T17:38:55.916Z
desktop-176ea4da-cb18-4c26-b88e-8831211b537b,order_success_screen_landed,orderSuccessScreen,orderIdLabel;orderTotalText;timeEstimateText,web,desktop,C:\Users\gilsa\Documents\Repos\Generat-Test-Automation-Architecture-TS\gTAA\visual-baselines\order_success\order_success_screen_landed\web\desktop\us\en\order-success-screen-in-us-en-shows-tracking-courier\baseline.png,C:\Users\gilsa\Documents\Repos\Generat-Test-Automation-Architecture-TS\gTAA\visual-results\desktop-176ea4da-cb18-4c26-b88e-8831211b537b\order_success\order_success_screen_landed\web\desktop\us\en\order-success-screen-in-us-en-shows-tracking-courier\actual.png,,,,0.01,SKIP,562,,GTAA_BASELINE,gTAA,local-batch,0,NOT_AVAILABLE,NOT_AVAILABLE,playwright,web,desktop,2026-06-09T17:38:55.916Z
desktop-176ea4da-cb18-4c26-b88e-8831211b537b,order_success_screen_landed,orderSuccessScreen,orderIdLabel;orderTotalText;timeEstimateText,web,desktop,C:\Users\gilsa\Documents\Repos\Generat-Test-Automation-Architecture-TS\gTAA\visual-baselines\order_success\order_success_screen_landed\web\desktop\mx\es\order-success-screen-in-mx-es-shows-tracking-courier\baseline.png,C:\Users\gilsa\Documents\Repos\Generat-Test-Automation-Architecture-TS\gTAA\visual-results\desktop-176ea4da-cb18-4c26-b88e-8831211b537b\order_success\order_success_screen_landed\web\desktop\mx\es\order-success-screen-in-mx-es-shows-tracking-courier\actual.png,,,,0.01,SKIP,555,,GTAA_BASELINE,gTAA,local-batch,0,NOT_AVAILABLE,NOT_AVAILABLE,playwright,web,desktop,2026-06-09T17:38:55.916Z
desktop-176ea4da-cb18-4c26-b88e-8831211b537b,order_success_screen_landed,orderSuccessScreen,orderIdLabel;orderTotalText;timeEstimateText,web,desktop,C:\Users\gilsa\Documents\Repos\Generat-Test-Automation-Architecture-TS\gTAA\visual-baselines\order_success\order_success_screen_landed\web\desktop\ch\de\order-success-screen-in-ch-de-shows-tracking-courier\baseline.png,C:\Users\gilsa\Documents\Repos\Generat-Test-Automation-Architecture-TS\gTAA\visual-results\desktop-176ea4da-cb18-4c26-b88e-8831211b537b\order_success\order_success_screen_landed\web\desktop\ch\de\order-success-screen-in-ch-de-shows-tracking-courier\actual.png,,,,0.01,SKIP,548,,GTAA_BASELINE,gTAA,local-batch,0,NOT_AVAILABLE,NOT_AVAILABLE,playwright,web,desktop,2026-06-09T17:38:55.916Z
desktop-176ea4da-cb18-4c26-b88e-8831211b537b,order_success_screen_landed,orderSuccessScreen,orderIdLabel;orderTotalText;timeEstimateText,web,desktop,C:\Users\gilsa\Documents\Repos\Generat-Test-Automation-Architecture-TS\gTAA\visual-baselines\order_success\order_success_screen_landed\web\desktop\ch\fr\order-success-screen-in-ch-fr-shows-tracking-courier\baseline.png,C:\Users\gilsa\Documents\Repos\Generat-Test-Automation-Architecture-TS\gTAA\visual-results\desktop-176ea4da-cb18-4c26-b88e-8831211b537b\order_success\order_success_screen_landed\web\desktop\ch\fr\order-success-screen-in-ch-fr-shows-tracking-courier\actual.png,,,,0.01,SKIP,456,,GTAA_BASELINE,gTAA,local-batch,0,NOT_AVAILABLE,NOT_AVAILABLE,playwright,web,desktop,2026-06-09T17:38:55.916Z
desktop-176ea4da-cb18-4c26-b88e-8831211b537b,order_success_screen_landed,orderSuccessScreen,orderIdLabel;orderTotalText;timeEstimateText,web,desktop,C:\Users\gilsa\Documents\Repos\Generat-Test-Automation-Architecture-TS\gTAA\visual-baselines\order_success\order_success_screen_landed\web\desktop\jp\ja\order-success-screen-in-jp-ja-shows-tracking-courier\baseline.png,C:\Users\gilsa\Documents\Repos\Generat-Test-Automation-Architecture-TS\gTAA\visual-results\desktop-176ea4da-cb18-4c26-b88e-8831211b537b\order_success\order_success_screen_landed\web\desktop\jp\ja\order-success-screen-in-jp-ja-shows-tracking-courier\actual.png,,,,0.01,SKIP,505,,GTAA_BASELINE,gTAA,local-batch,0,NOT_AVAILABLE,NOT_AVAILABLE,playwright,web,desktop,2026-06-09T17:38:55.916Z
desktop-176ea4da-cb18-4c26-b88e-8831211b537b,pizzaBuilder_confirm_state,confirmAddToCartButton,,web,desktop,C:\Users\gilsa\Documents\Repos\Generat-Test-Automation-Architecture-TS\gTAA\visual-baselines\pizzaBuilder\pizzaBuilder_confirm_state\web\desktop\us\en\confirming-add-to-cart-closes-the-builder-and-increments-the-navbar-cart-count-i\baseline.png,C:\Users\gilsa\Documents\Repos\Generat-Test-Automation-Architecture-TS\gTAA\visual-results\desktop-176ea4da-cb18-4c26-b88e-8831211b537b\pizzaBuilder\pizzaBuilder_confirm_state\web\desktop\us\en\confirming-add-to-cart-closes-the-builder-and-increments-the-navbar-cart-count-i\actual.png,,,,0.005,SKIP,30267,,GTAA_BASELINE,gTAA,local-batch,0,NOT_AVAILABLE,NOT_AVAILABLE,playwright,web,desktop,2026-06-09T17:38:55.916Z
desktop-176ea4da-cb18-4c26-b88e-8831211b537b,pizzaBuilder_confirm_state,confirmAddToCartButton,,web,desktop,C:\Users\gilsa\Documents\Repos\Generat-Test-Automation-Architecture-TS\gTAA\visual-baselines\pizzaBuilder\pizzaBuilder_confirm_state\web\desktop\mx\es\confirming-add-to-cart-closes-the-builder-and-increments-the-navbar-cart-count-i\baseline.png,C:\Users\gilsa\Documents\Repos\Generat-Test-Automation-Architecture-TS\gTAA\visual-results\desktop-176ea4da-cb18-4c26-b88e-8831211b537b\pizzaBuilder\pizzaBuilder_confirm_state\web\desktop\mx\es\confirming-add-to-cart-closes-the-builder-and-increments-the-navbar-cart-count-i\actual.png,,,,0.005,SKIP,30264,,GTAA_BASELINE,gTAA,local-batch,0,NOT_AVAILABLE,NOT_AVAILABLE,playwright,web,desktop,2026-06-09T17:38:55.916Z
desktop-176ea4da-cb18-4c26-b88e-8831211b537b,pizzaBuilder_confirm_state,confirmAddToCartButton,,web,desktop,C:\Users\gilsa\Documents\Repos\Generat-Test-Automation-Architecture-TS\gTAA\visual-baselines\pizzaBuilder\pizzaBuilder_confirm_state\web\desktop\ch\de\confirming-add-to-cart-closes-the-builder-and-increments-the-navbar-cart-count-i\baseline.png,C:\Users\gilsa\Documents\Repos\Generat-Test-Automation-Architecture-TS\gTAA\visual-results\desktop-176ea4da-cb18-4c26-b88e-8831211b537b\pizzaBuilder\pizzaBuilder_confirm_state\web\desktop\ch\de\confirming-add-to-cart-closes-the-builder-and-increments-the-navbar-cart-count-i\actual.png,,,,0.005,SKIP,30266,,GTAA_BASELINE,gTAA,local-batch,0,NOT_AVAILABLE,NOT_AVAILABLE,playwright,web,desktop,2026-06-09T17:38:55.916Z
desktop-176ea4da-cb18-4c26-b88e-8831211b537b,pizzaBuilder_confirm_state,confirmAddToCartButton,,web,desktop,C:\Users\gilsa\Documents\Repos\Generat-Test-Automation-Architecture-TS\gTAA\visual-baselines\pizzaBuilder\pizzaBuilder_confirm_state\web\desktop\ch\fr\confirming-add-to-cart-closes-the-builder-and-increments-the-navbar-cart-count-i\baseline.png,C:\Users\gilsa\Documents\Repos\Generat-Test-Automation-Architecture-TS\gTAA\visual-results\desktop-176ea4da-cb18-4c26-b88e-8831211b537b\pizzaBuilder\pizzaBuilder_confirm_state\web\desktop\ch\fr\confirming-add-to-cart-closes-the-builder-and-increments-the-navbar-cart-count-i\actual.png,,,,0.005,SKIP,30224,,GTAA_BASELINE,gTAA,local-batch,0,NOT_AVAILABLE,NOT_AVAILABLE,playwright,web,desktop,2026-06-09T17:38:55.916Z
desktop-176ea4da-cb18-4c26-b88e-8831211b537b,pizzaBuilder_confirm_state,confirmAddToCartButton,,web,desktop,C:\Users\gilsa\Documents\Repos\Generat-Test-Automation-Architecture-TS\gTAA\visual-baselines\pizzaBuilder\pizzaBuilder_confirm_state\web\desktop\jp\ja\confirming-add-to-cart-closes-the-builder-and-increments-the-navbar-cart-count-i\baseline.png,C:\Users\gilsa\Documents\Repos\Generat-Test-Automation-Architecture-TS\gTAA\visual-results\desktop-176ea4da-cb18-4c26-b88e-8831211b537b\pizzaBuilder\pizzaBuilder_confirm_state\web\desktop\jp\ja\confirming-add-to-cart-closes-the-builder-and-increments-the-navbar-cart-count-i\actual.png,,,,0.005,SKIP,30247,,GTAA_BASELINE,gTAA,local-batch,0,NOT_AVAILABLE,NOT_AVAILABLE,playwright,web,desktop,2026-06-09T17:38:55.916Z
desktop-176ea4da-cb18-4c26-b88e-8831211b537b,pizzaBuilder_size_selected,sizeOptionsList,,web,desktop,C:\Users\gilsa\Documents\Repos\Generat-Test-Automation-Architecture-TS\gTAA\visual-baselines\pizzaBuilder\pizzaBuilder_size_selected\web\desktop\us\en\selecting-a-size-updates-the-estimated-total-for-pepperoni-in-us\baseline.png,C:\Users\gilsa\Documents\Repos\Generat-Test-Automation-Architecture-TS\gTAA\visual-results\desktop-176ea4da-cb18-4c26-b88e-8831211b537b\pizzaBuilder\pizzaBuilder_size_selected\web\desktop\us\en\selecting-a-size-updates-the-estimated-total-for-pepperoni-in-us\actual.png,,,,0.01,SKIP,1514,,GTAA_BASELINE,gTAA,local-batch,0,NOT_AVAILABLE,NOT_AVAILABLE,playwright,web,desktop,2026-06-09T17:38:55.916Z
desktop-176ea4da-cb18-4c26-b88e-8831211b537b,pizzaBuilder_size_selected,sizeOptionsList,,web,desktop,C:\Users\gilsa\Documents\Repos\Generat-Test-Automation-Architecture-TS\gTAA\visual-baselines\pizzaBuilder\pizzaBuilder_size_selected\web\desktop\mx\es\selecting-a-size-updates-the-estimated-total-for-margherita-in-mx\baseline.png,C:\Users\gilsa\Documents\Repos\Generat-Test-Automation-Architecture-TS\gTAA\visual-results\desktop-176ea4da-cb18-4c26-b88e-8831211b537b\pizzaBuilder\pizzaBuilder_size_selected\web\desktop\mx\es\selecting-a-size-updates-the-estimated-total-for-margherita-in-mx\actual.png,,,,0.01,SKIP,1500,,GTAA_BASELINE,gTAA,local-batch,0,NOT_AVAILABLE,NOT_AVAILABLE,playwright,web,desktop,2026-06-09T17:38:55.916Z
desktop-176ea4da-cb18-4c26-b88e-8831211b537b,pizzaBuilder_size_selected,sizeOptionsList,,web,desktop,C:\Users\gilsa\Documents\Repos\Generat-Test-Automation-Architecture-TS\gTAA\visual-baselines\pizzaBuilder\pizzaBuilder_size_selected\web\desktop\ch\de\selecting-a-size-updates-the-estimated-total-for-marinara-in-ch\baseline.png,C:\Users\gilsa\Documents\Repos\Generat-Test-Automation-Architecture-TS\gTAA\visual-results\desktop-176ea4da-cb18-4c26-b88e-8831211b537b\pizzaBuilder\pizzaBuilder_size_selected\web\desktop\ch\de\selecting-a-size-updates-the-estimated-total-for-marinara-in-ch\actual.png,,,,0.01,SKIP,1334,,GTAA_BASELINE,gTAA,local-batch,0,NOT_AVAILABLE,NOT_AVAILABLE,playwright,web,desktop,2026-06-09T17:38:55.916Z
desktop-176ea4da-cb18-4c26-b88e-8831211b537b,pizzaBuilder_size_selected,sizeOptionsList,,web,desktop,C:\Users\gilsa\Documents\Repos\Generat-Test-Automation-Architecture-TS\gTAA\visual-baselines\pizzaBuilder\pizzaBuilder_size_selected\web\desktop\ch\fr\selecting-a-size-updates-the-estimated-total-for-marinara-in-ch\baseline.png,C:\Users\gilsa\Documents\Repos\Generat-Test-Automation-Architecture-TS\gTAA\visual-results\desktop-176ea4da-cb18-4c26-b88e-8831211b537b\pizzaBuilder\pizzaBuilder_size_selected\web\desktop\ch\fr\selecting-a-size-updates-the-estimated-total-for-marinara-in-ch\actual.png,,,,0.01,SKIP,1432,,GTAA_BASELINE,gTAA,local-batch,0,NOT_AVAILABLE,NOT_AVAILABLE,playwright,web,desktop,2026-06-09T17:38:55.916Z
desktop-176ea4da-cb18-4c26-b88e-8831211b537b,pizzaBuilder_size_selected,sizeOptionsList,,web,desktop,C:\Users\gilsa\Documents\Repos\Generat-Test-Automation-Architecture-TS\gTAA\visual-baselines\pizzaBuilder\pizzaBuilder_size_selected\web\desktop\jp\ja\selecting-a-size-updates-the-estimated-total-for-pepperoni-in-jp\baseline.png,C:\Users\gilsa\Documents\Repos\Generat-Test-Automation-Architecture-TS\gTAA\visual-results\desktop-176ea4da-cb18-4c26-b88e-8831211b537b\pizzaBuilder\pizzaBuilder_size_selected\web\desktop\jp\ja\selecting-a-size-updates-the-estimated-total-for-pepperoni-in-jp\actual.png,,,,0.01,SKIP,1331,,GTAA_BASELINE,gTAA,local-batch,0,NOT_AVAILABLE,NOT_AVAILABLE,playwright,web,desktop,2026-06-09T17:38:55.916Z
desktop-176ea4da-cb18-4c26-b88e-8831211b537b,pizzaBuilder_toppings_selected,toppingsList,customizerPriceText,web,desktop,C:\Users\gilsa\Documents\Repos\Generat-Test-Automation-Architecture-TS\gTAA\visual-baselines\pizzaBuilder\pizzaBuilder_toppings_selected\web\desktop\us\en\selecting-toppings-updates-the-estimated-total-for-pepperoni-in-us\baseline.png,C:\Users\gilsa\Documents\Repos\Generat-Test-Automation-Architecture-TS\gTAA\visual-results\desktop-176ea4da-cb18-4c26-b88e-8831211b537b\pizzaBuilder\pizzaBuilder_toppings_selected\web\desktop\us\en\selecting-toppings-updates-the-estimated-total-for-pepperoni-in-us\actual.png,,,,0.01,SKIP,1342,,GTAA_BASELINE,gTAA,local-batch,0,NOT_AVAILABLE,NOT_AVAILABLE,playwright,web,desktop,2026-06-09T17:38:55.916Z
desktop-176ea4da-cb18-4c26-b88e-8831211b537b,pizzaBuilder_toppings_selected,toppingsList,customizerPriceText,web,desktop,C:\Users\gilsa\Documents\Repos\Generat-Test-Automation-Architecture-TS\gTAA\visual-baselines\pizzaBuilder\pizzaBuilder_toppings_selected\web\desktop\mx\es\selecting-toppings-updates-the-estimated-total-for-margherita-in-mx\baseline.png,C:\Users\gilsa\Documents\Repos\Generat-Test-Automation-Architecture-TS\gTAA\visual-results\desktop-176ea4da-cb18-4c26-b88e-8831211b537b\pizzaBuilder\pizzaBuilder_toppings_selected\web\desktop\mx\es\selecting-toppings-updates-the-estimated-total-for-margherita-in-mx\actual.png,,,,0.01,SKIP,1216,,GTAA_BASELINE,gTAA,local-batch,0,NOT_AVAILABLE,NOT_AVAILABLE,playwright,web,desktop,2026-06-09T17:38:55.916Z
desktop-176ea4da-cb18-4c26-b88e-8831211b537b,pizzaBuilder_toppings_selected,toppingsList,customizerPriceText,web,desktop,C:\Users\gilsa\Documents\Repos\Generat-Test-Automation-Architecture-TS\gTAA\visual-baselines\pizzaBuilder\pizzaBuilder_toppings_selected\web\desktop\ch\de\selecting-toppings-updates-the-estimated-total-for-marinara-in-ch\baseline.png,C:\Users\gilsa\Documents\Repos\Generat-Test-Automation-Architecture-TS\gTAA\visual-results\desktop-176ea4da-cb18-4c26-b88e-8831211b537b\pizzaBuilder\pizzaBuilder_toppings_selected\web\desktop\ch\de\selecting-toppings-updates-the-estimated-total-for-marinara-in-ch\actual.png,,,,0.01,SKIP,1367,,GTAA_BASELINE,gTAA,local-batch,0,NOT_AVAILABLE,NOT_AVAILABLE,playwright,web,desktop,2026-06-09T17:38:55.916Z
desktop-176ea4da-cb18-4c26-b88e-8831211b537b,pizzaBuilder_toppings_selected,toppingsList,customizerPriceText,web,desktop,C:\Users\gilsa\Documents\Repos\Generat-Test-Automation-Architecture-TS\gTAA\visual-baselines\pizzaBuilder\pizzaBuilder_toppings_selected\web\desktop\ch\fr\selecting-toppings-updates-the-estimated-total-for-marinara-in-ch\baseline.png,C:\Users\gilsa\Documents\Repos\Generat-Test-Automation-Architecture-TS\gTAA\visual-results\desktop-176ea4da-cb18-4c26-b88e-8831211b537b\pizzaBuilder\pizzaBuilder_toppings_selected\web\desktop\ch\fr\selecting-toppings-updates-the-estimated-total-for-marinara-in-ch\actual.png,,,,0.01,SKIP,1264,,GTAA_BASELINE,gTAA,local-batch,0,NOT_AVAILABLE,NOT_AVAILABLE,playwright,web,desktop,2026-06-09T17:38:55.916Z
desktop-176ea4da-cb18-4c26-b88e-8831211b537b,pizzaBuilder_toppings_selected,toppingsList,customizerPriceText,web,desktop,C:\Users\gilsa\Documents\Repos\Generat-Test-Automation-Architecture-TS\gTAA\visual-baselines\pizzaBuilder\pizzaBuilder_toppings_selected\web\desktop\jp\ja\selecting-toppings-updates-the-estimated-total-for-pepperoni-in-jp\baseline.png,C:\Users\gilsa\Documents\Repos\Generat-Test-Automation-Architecture-TS\gTAA\visual-results\desktop-176ea4da-cb18-4c26-b88e-8831211b537b\pizzaBuilder\pizzaBuilder_toppings_selected\web\desktop\jp\ja\selecting-toppings-updates-the-estimated-total-for-pepperoni-in-jp\actual.png,,,,0.01,SKIP,1435,,GTAA_BASELINE,gTAA,local-batch,0,NOT_AVAILABLE,NOT_AVAILABLE,playwright,web,desktop,2026-06-09T17:38:55.916Z
desktop-176ea4da-cb18-4c26-b88e-8831211b537b,profile_card_render,profileFullNameInput,profileFullNameInput;profilePhoneNumberInput;notesInput,web,desktop,C:\Users\gilsa\Documents\Repos\Generat-Test-Automation-Architecture-TS\gTAA\visual-baselines\profile\profile_card_render\web\desktop\us\en\profile-renders-for-standard-user-in-us-en\baseline.png,C:\Users\gilsa\Documents\Repos\Generat-Test-Automation-Architecture-TS\gTAA\visual-results\desktop-176ea4da-cb18-4c26-b88e-8831211b537b\profile\profile_card_render\web\desktop\us\en\profile-renders-for-standard-user-in-us-en\actual.png,,,,0.01,SKIP,797,,GTAA_BASELINE,gTAA,local-batch,0,NOT_AVAILABLE,NOT_AVAILABLE,playwright,web,desktop,2026-06-09T17:38:55.916Z
desktop-176ea4da-cb18-4c26-b88e-8831211b537b,profile_card_render,profileFullNameInput,profileFullNameInput;profilePhoneNumberInput;notesInput,web,desktop,C:\Users\gilsa\Documents\Repos\Generat-Test-Automation-Architecture-TS\gTAA\visual-baselines\profile\profile_card_render\web\desktop\mx\es\profile-renders-for-standard-user-in-mx-es\baseline.png,C:\Users\gilsa\Documents\Repos\Generat-Test-Automation-Architecture-TS\gTAA\visual-results\desktop-176ea4da-cb18-4c26-b88e-8831211b537b\profile\profile_card_render\web\desktop\mx\es\profile-renders-for-standard-user-in-mx-es\actual.png,,,,0.01,SKIP,776,,GTAA_BASELINE,gTAA,local-batch,0,NOT_AVAILABLE,NOT_AVAILABLE,playwright,web,desktop,2026-06-09T17:38:55.916Z
desktop-176ea4da-cb18-4c26-b88e-8831211b537b,profile_card_render,profileFullNameInput,profileFullNameInput;profilePhoneNumberInput;notesInput,web,desktop,C:\Users\gilsa\Documents\Repos\Generat-Test-Automation-Architecture-TS\gTAA\visual-baselines\profile\profile_card_render\web\desktop\ch\de\profile-renders-for-standard-user-in-ch-de\baseline.png,C:\Users\gilsa\Documents\Repos\Generat-Test-Automation-Architecture-TS\gTAA\visual-results\desktop-176ea4da-cb18-4c26-b88e-8831211b537b\profile\profile_card_render\web\desktop\ch\de\profile-renders-for-standard-user-in-ch-de\actual.png,,,,0.01,SKIP,788,,GTAA_BASELINE,gTAA,local-batch,0,NOT_AVAILABLE,NOT_AVAILABLE,playwright,web,desktop,2026-06-09T17:38:55.916Z
desktop-176ea4da-cb18-4c26-b88e-8831211b537b,profile_card_render,profileFullNameInput,profileFullNameInput;profilePhoneNumberInput;notesInput,web,desktop,C:\Users\gilsa\Documents\Repos\Generat-Test-Automation-Architecture-TS\gTAA\visual-baselines\profile\profile_card_render\web\desktop\ch\fr\profile-renders-for-standard-user-in-ch-fr\baseline.png,C:\Users\gilsa\Documents\Repos\Generat-Test-Automation-Architecture-TS\gTAA\visual-results\desktop-176ea4da-cb18-4c26-b88e-8831211b537b\profile\profile_card_render\web\desktop\ch\fr\profile-renders-for-standard-user-in-ch-fr\actual.png,,,,0.01,SKIP,821,,GTAA_BASELINE,gTAA,local-batch,0,NOT_AVAILABLE,NOT_AVAILABLE,playwright,web,desktop,2026-06-09T17:38:55.916Z
desktop-176ea4da-cb18-4c26-b88e-8831211b537b,profile_card_render,profileFullNameInput,profileFullNameInput;profilePhoneNumberInput;notesInput,web,desktop,C:\Users\gilsa\Documents\Repos\Generat-Test-Automation-Architecture-TS\gTAA\visual-baselines\profile\profile_card_render\web\desktop\jp\ja\profile-renders-for-standard-user-in-jp-ja\baseline.png,C:\Users\gilsa\Documents\Repos\Generat-Test-Automation-Architecture-TS\gTAA\visual-results\desktop-176ea4da-cb18-4c26-b88e-8831211b537b\profile\profile_card_render\web\desktop\jp\ja\profile-renders-for-standard-user-in-jp-ja\actual.png,,,,0.01,SKIP,800,,GTAA_BASELINE,gTAA,local-batch,0,NOT_AVAILABLE,NOT_AVAILABLE,playwright,web,desktop,2026-06-09T17:38:55.916Z
desktop-176ea4da-cb18-4c26-b88e-8831211b537b,profile_post_save,profileFullNameInput,profilePhoneNumberInput;notesInput,web,desktop,C:\Users\gilsa\Documents\Repos\Generat-Test-Automation-Architecture-TS\gTAA\visual-baselines\profile\profile_post_save\web\desktop\us\en\the-profile-form-is-editable-and-the-save-is-accepted-in-us\baseline.png,C:\Users\gilsa\Documents\Repos\Generat-Test-Automation-Architecture-TS\gTAA\visual-results\desktop-176ea4da-cb18-4c26-b88e-8831211b537b\profile\profile_post_save\web\desktop\us\en\the-profile-form-is-editable-and-the-save-is-accepted-in-us\actual.png,,,,0.01,SKIP,851,,GTAA_BASELINE,gTAA,local-batch,0,NOT_AVAILABLE,NOT_AVAILABLE,playwright,web,desktop,2026-06-09T17:38:55.916Z
desktop-176ea4da-cb18-4c26-b88e-8831211b537b,profile_post_save,profileFullNameInput,profilePhoneNumberInput;notesInput,web,desktop,C:\Users\gilsa\Documents\Repos\Generat-Test-Automation-Architecture-TS\gTAA\visual-baselines\profile\profile_post_save\web\desktop\mx\es\the-profile-form-is-editable-and-the-save-is-accepted-in-mx\baseline.png,C:\Users\gilsa\Documents\Repos\Generat-Test-Automation-Architecture-TS\gTAA\visual-results\desktop-176ea4da-cb18-4c26-b88e-8831211b537b\profile\profile_post_save\web\desktop\mx\es\the-profile-form-is-editable-and-the-save-is-accepted-in-mx\actual.png,,,,0.01,SKIP,815,,GTAA_BASELINE,gTAA,local-batch,0,NOT_AVAILABLE,NOT_AVAILABLE,playwright,web,desktop,2026-06-09T17:38:55.916Z
desktop-176ea4da-cb18-4c26-b88e-8831211b537b,profile_post_save,profileFullNameInput,profilePhoneNumberInput;notesInput,web,desktop,C:\Users\gilsa\Documents\Repos\Generat-Test-Automation-Architecture-TS\gTAA\visual-baselines\profile\profile_post_save\web\desktop\ch\de\the-profile-form-is-editable-and-the-save-is-accepted-in-ch\baseline.png,C:\Users\gilsa\Documents\Repos\Generat-Test-Automation-Architecture-TS\gTAA\visual-results\desktop-176ea4da-cb18-4c26-b88e-8831211b537b\profile\profile_post_save\web\desktop\ch\de\the-profile-form-is-editable-and-the-save-is-accepted-in-ch\actual.png,,,,0.01,SKIP,826,,GTAA_BASELINE,gTAA,local-batch,0,NOT_AVAILABLE,NOT_AVAILABLE,playwright,web,desktop,2026-06-09T17:38:55.916Z
desktop-176ea4da-cb18-4c26-b88e-8831211b537b,profile_post_save,profileFullNameInput,profilePhoneNumberInput;notesInput,web,desktop,C:\Users\gilsa\Documents\Repos\Generat-Test-Automation-Architecture-TS\gTAA\visual-baselines\profile\profile_post_save\web\desktop\ch\fr\the-profile-form-is-editable-and-the-save-is-accepted-in-ch\baseline.png,C:\Users\gilsa\Documents\Repos\Generat-Test-Automation-Architecture-TS\gTAA\visual-results\desktop-176ea4da-cb18-4c26-b88e-8831211b537b\profile\profile_post_save\web\desktop\ch\fr\the-profile-form-is-editable-and-the-save-is-accepted-in-ch\actual.png,,,,0.01,SKIP,845,,GTAA_BASELINE,gTAA,local-batch,0,NOT_AVAILABLE,NOT_AVAILABLE,playwright,web,desktop,2026-06-09T17:38:55.916Z
desktop-176ea4da-cb18-4c26-b88e-8831211b537b,profile_post_save,profileFullNameInput,profilePhoneNumberInput;notesInput,web,desktop,C:\Users\gilsa\Documents\Repos\Generat-Test-Automation-Architecture-TS\gTAA\visual-baselines\profile\profile_post_save\web\desktop\jp\ja\the-profile-form-is-editable-and-the-save-is-accepted-in-jp\baseline.png,C:\Users\gilsa\Documents\Repos\Generat-Test-Automation-Architecture-TS\gTAA\visual-results\desktop-176ea4da-cb18-4c26-b88e-8831211b537b\profile\profile_post_save\web\desktop\jp\ja\the-profile-form-is-editable-and-the-save-is-accepted-in-jp\actual.png,,,,0.01,SKIP,791,,GTAA_BASELINE,gTAA,local-batch,0,NOT_AVAILABLE,NOT_AVAILABLE,playwright,web,desktop,2026-06-09T17:38:55.916Z
desktop-2b9b1014-81be-41ec-933d-592c17bbcb0a,catalog_screen,catalogScreen,searchInput,web,desktop,C:\Users\gilsa\Documents\Repos\Generat-Test-Automation-Architecture-TS\gTAA\visual-baselines\catalog\catalog_screen\web\desktop\us\en\baseline.png,C:\Users\gilsa\Documents\Repos\Generat-Test-Automation-Architecture-TS\gTAA\visual-results\desktop-2b9b1014-81be-41ec-933d-592c17bbcb0a\catalog\catalog_screen\web\desktop\us\en\actual.png,,,,0.01,SKIP,1444,,GTAA_BASELINE,gTAA,local-batch,0,NOT_AVAILABLE,NOT_AVAILABLE,playwright,web,desktop,2026-06-09T17:38:55.916Z
desktop-2b9b1014-81be-41ec-933d-592c17bbcb0a,catalog_screen,catalogScreen,searchInput,web,desktop,C:\Users\gilsa\Documents\Repos\Generat-Test-Automation-Architecture-TS\gTAA\visual-baselines\catalog\catalog_screen\web\desktop\mx\es\baseline.png,C:\Users\gilsa\Documents\Repos\Generat-Test-Automation-Architecture-TS\gTAA\visual-results\desktop-2b9b1014-81be-41ec-933d-592c17bbcb0a\catalog\catalog_screen\web\desktop\mx\es\actual.png,,,,0.01,SKIP,1313,,GTAA_BASELINE,gTAA,local-batch,0,NOT_AVAILABLE,NOT_AVAILABLE,playwright,web,desktop,2026-06-09T17:38:55.916Z
desktop-2b9b1014-81be-41ec-933d-592c17bbcb0a,catalog_screen,catalogScreen,searchInput,web,desktop,C:\Users\gilsa\Documents\Repos\Generat-Test-Automation-Architecture-TS\gTAA\visual-baselines\catalog\catalog_screen\web\desktop\ch\de\baseline.png,C:\Users\gilsa\Documents\Repos\Generat-Test-Automation-Architecture-TS\gTAA\visual-results\desktop-2b9b1014-81be-41ec-933d-592c17bbcb0a\catalog\catalog_screen\web\desktop\ch\de\actual.png,,,,0.01,SKIP,1496,,GTAA_BASELINE,gTAA,local-batch,0,NOT_AVAILABLE,NOT_AVAILABLE,playwright,web,desktop,2026-06-09T17:38:55.916Z
desktop-2b9b1014-81be-41ec-933d-592c17bbcb0a,catalog_screen,catalogScreen,searchInput,web,desktop,C:\Users\gilsa\Documents\Repos\Generat-Test-Automation-Architecture-TS\gTAA\visual-baselines\catalog\catalog_screen\web\desktop\ch\fr\baseline.png,C:\Users\gilsa\Documents\Repos\Generat-Test-Automation-Architecture-TS\gTAA\visual-results\desktop-2b9b1014-81be-41ec-933d-592c17bbcb0a\catalog\catalog_screen\web\desktop\ch\fr\actual.png,,,,0.01,SKIP,1418,,GTAA_BASELINE,gTAA,local-batch,0,NOT_AVAILABLE,NOT_AVAILABLE,playwright,web,desktop,2026-06-09T17:38:55.916Z
desktop-2b9b1014-81be-41ec-933d-592c17bbcb0a,catalog_screen,catalogScreen,searchInput,web,desktop,C:\Users\gilsa\Documents\Repos\Generat-Test-Automation-Architecture-TS\gTAA\visual-baselines\catalog\catalog_screen\web\desktop\jp\ja\baseline.png,C:\Users\gilsa\Documents\Repos\Generat-Test-Automation-Architecture-TS\gTAA\visual-results\desktop-2b9b1014-81be-41ec-933d-592c17bbcb0a\catalog\catalog_screen\web\desktop\jp\ja\actual.png,,,,0.01,SKIP,1291,,GTAA_BASELINE,gTAA,local-batch,0,NOT_AVAILABLE,NOT_AVAILABLE,playwright,web,desktop,2026-06-09T17:38:55.916Z
desktop-2b9b1014-81be-41ec-933d-592c17bbcb0a,checkout_order_summary,orderDetailsList,orderTotalValue,web,desktop,,,,,,0.005,SKIP,30003,WEB_SESSION_FAILURE,GTAA_BASELINE,gTAA,local-batch,0,NOT_AVAILABLE,NOT_AVAILABLE,playwright,web,desktop,2026-06-09T17:38:55.916Z
desktop-2b9b1014-81be-41ec-933d-592c17bbcb0a,checkout_order_summary,orderDetailsList,orderTotalValue,web,desktop,,,,,,0.005,SKIP,30012,WEB_SESSION_FAILURE,GTAA_BASELINE,gTAA,local-batch,0,NOT_AVAILABLE,NOT_AVAILABLE,playwright,web,desktop,2026-06-09T17:38:55.916Z
desktop-2b9b1014-81be-41ec-933d-592c17bbcb0a,checkout_order_summary,orderDetailsList,orderTotalValue,web,desktop,,,,,,0.005,SKIP,30005,WEB_SESSION_FAILURE,GTAA_BASELINE,gTAA,local-batch,0,NOT_AVAILABLE,NOT_AVAILABLE,playwright,web,desktop,2026-06-09T17:38:55.916Z
desktop-2b9b1014-81be-41ec-933d-592c17bbcb0a,checkout_order_summary,orderDetailsList,orderTotalValue,web,desktop,,,,,,0.005,SKIP,30001,WEB_SESSION_FAILURE,GTAA_BASELINE,gTAA,local-batch,0,NOT_AVAILABLE,NOT_AVAILABLE,playwright,web,desktop,2026-06-09T17:38:55.916Z
desktop-2b9b1014-81be-41ec-933d-592c17bbcb0a,checkout_order_summary,orderDetailsList,orderTotalValue,web,desktop,,,,,,0.005,SKIP,30006,WEB_SESSION_FAILURE,GTAA_BASELINE,gTAA,local-batch,0,NOT_AVAILABLE,NOT_AVAILABLE,playwright,web,desktop,2026-06-09T17:38:55.916Z
desktop-2b9b1014-81be-41ec-933d-592c17bbcb0a,checkout_order_summary,orderDetailsList,orderTotalValue,web,desktop,,,,,,0.005,SKIP,30008,WEB_SESSION_FAILURE,GTAA_BASELINE,gTAA,local-batch,0,NOT_AVAILABLE,NOT_AVAILABLE,playwright,web,desktop,2026-06-09T17:38:55.916Z
desktop-2b9b1014-81be-41ec-933d-592c17bbcb0a,checkout_order_summary,orderDetailsList,orderTotalValue,web,desktop,,,,,,0.005,SKIP,30001,WEB_SESSION_FAILURE,GTAA_BASELINE,gTAA,local-batch,0,NOT_AVAILABLE,NOT_AVAILABLE,playwright,web,desktop,2026-06-09T17:38:55.916Z
desktop-2b9b1014-81be-41ec-933d-592c17bbcb0a,login_screen_invalid_credentials,loginScreen,usernameInput;passwordInput,web,desktop,C:\Users\gilsa\Documents\Repos\Generat-Test-Automation-Architecture-TS\gTAA\visual-baselines\login\login_screen_invalid_credentials\web\desktop\baseline.png,C:\Users\gilsa\Documents\Repos\Generat-Test-Automation-Architecture-TS\gTAA\visual-results\desktop-2b9b1014-81be-41ec-933d-592c17bbcb0a\login\login_screen_invalid_credentials\web\desktop\actual.png,,,,0.01,SKIP,1359,,GTAA_BASELINE,gTAA,local-batch,0,NOT_AVAILABLE,NOT_AVAILABLE,playwright,web,desktop,2026-06-09T17:38:55.916Z
desktop-2b9b1014-81be-41ec-933d-592c17bbcb0a,login_screen_invalid_credentials,loginScreen,usernameInput;passwordInput,web,desktop,C:\Users\gilsa\Documents\Repos\Generat-Test-Automation-Architecture-TS\gTAA\visual-baselines\login\login_screen_invalid_credentials\web\desktop\baseline.png,C:\Users\gilsa\Documents\Repos\Generat-Test-Automation-Architecture-TS\gTAA\visual-results\desktop-2b9b1014-81be-41ec-933d-592c17bbcb0a\login\login_screen_invalid_credentials\web\desktop\actual.png,C:\Users\gilsa\Documents\Repos\Generat-Test-Automation-Architecture-TS\gTAA\visual-results\desktop-2b9b1014-81be-41ec-933d-592c17bbcb0a\login\login_screen_invalid_credentials\web\desktop\diff.png,0,0,0.01,PASS,1564,,GTAA_BASELINE,gTAA,local-batch,0,NOT_AVAILABLE,NOT_AVAILABLE,playwright,web,desktop,2026-06-09T17:38:55.916Z
desktop-2b9b1014-81be-41ec-933d-592c17bbcb0a,login_screen_invalid_credentials,loginScreen,usernameInput;passwordInput,web,desktop,C:\Users\gilsa\Documents\Repos\Generat-Test-Automation-Architecture-TS\gTAA\visual-baselines\login\login_screen_invalid_credentials\web\desktop\baseline.png,C:\Users\gilsa\Documents\Repos\Generat-Test-Automation-Architecture-TS\gTAA\visual-results\desktop-2b9b1014-81be-41ec-933d-592c17bbcb0a\login\login_screen_invalid_credentials\web\desktop\actual.png,C:\Users\gilsa\Documents\Repos\Generat-Test-Automation-Architecture-TS\gTAA\visual-results\desktop-2b9b1014-81be-41ec-933d-592c17bbcb0a\login\login_screen_invalid_credentials\web\desktop\diff.png,0,0,0.01,PASS,1469,,GTAA_BASELINE,gTAA,local-batch,0,NOT_AVAILABLE,NOT_AVAILABLE,playwright,web,desktop,2026-06-09T17:38:55.916Z
desktop-2b9b1014-81be-41ec-933d-592c17bbcb0a,login_screen_invalid_credentials,loginScreen,usernameInput;passwordInput,web,desktop,C:\Users\gilsa\Documents\Repos\Generat-Test-Automation-Architecture-TS\gTAA\visual-baselines\login\login_screen_invalid_credentials\web\desktop\baseline.png,C:\Users\gilsa\Documents\Repos\Generat-Test-Automation-Architecture-TS\gTAA\visual-results\desktop-2b9b1014-81be-41ec-933d-592c17bbcb0a\login\login_screen_invalid_credentials\web\desktop\actual.png,C:\Users\gilsa\Documents\Repos\Generat-Test-Automation-Architecture-TS\gTAA\visual-results\desktop-2b9b1014-81be-41ec-933d-592c17bbcb0a\login\login_screen_invalid_credentials\web\desktop\diff.png,162234,0.12518055555555554,0.01,FAIL,441,VISUAL_DIFF_FAILURE,GTAA_BASELINE,gTAA,local-batch,0,NOT_AVAILABLE,NOT_AVAILABLE,playwright,web,desktop,2026-06-09T17:38:55.916Z
desktop-2b9b1014-81be-41ec-933d-592c17bbcb0a,login_screen_invalid_credentials,loginScreen,usernameInput;passwordInput,web,desktop,C:\Users\gilsa\Documents\Repos\Generat-Test-Automation-Architecture-TS\gTAA\visual-baselines\login\login_screen_invalid_credentials\web\desktop\baseline.png,C:\Users\gilsa\Documents\Repos\Generat-Test-Automation-Architecture-TS\gTAA\visual-results\desktop-2b9b1014-81be-41ec-933d-592c17bbcb0a\login\login_screen_invalid_credentials\web\desktop\actual.png,C:\Users\gilsa\Documents\Repos\Generat-Test-Automation-Architecture-TS\gTAA\visual-results\desktop-2b9b1014-81be-41ec-933d-592c17bbcb0a\login\login_screen_invalid_credentials\web\desktop\diff.png,0,0,0.01,PASS,1179,,GTAA_BASELINE,gTAA,local-batch,0,NOT_AVAILABLE,NOT_AVAILABLE,playwright,web,desktop,2026-06-09T17:38:55.916Z
desktop-2b9b1014-81be-41ec-933d-592c17bbcb0a,login_screen_localized,logoutButton,,web,desktop,C:\Users\gilsa\Documents\Repos\Generat-Test-Automation-Architecture-TS\gTAA\visual-baselines\login\login_screen_localized\web\desktop\us\english\baseline.png,C:\Users\gilsa\Documents\Repos\Generat-Test-Automation-Architecture-TS\gTAA\visual-results\desktop-2b9b1014-81be-41ec-933d-592c17bbcb0a\login\login_screen_localized\web\desktop\us\english\actual.png,,,,0.02,SKIP,1670,,GTAA_BASELINE,gTAA,local-batch,0,NOT_AVAILABLE,NOT_AVAILABLE,playwright,web,desktop,2026-06-09T17:38:55.916Z
desktop-2b9b1014-81be-41ec-933d-592c17bbcb0a,login_screen_localized,logoutButton,,web,desktop,C:\Users\gilsa\Documents\Repos\Generat-Test-Automation-Architecture-TS\gTAA\visual-baselines\login\login_screen_localized\web\desktop\mx\spanish\baseline.png,C:\Users\gilsa\Documents\Repos\Generat-Test-Automation-Architecture-TS\gTAA\visual-results\desktop-2b9b1014-81be-41ec-933d-592c17bbcb0a\login\login_screen_localized\web\desktop\mx\spanish\actual.png,,,,0.02,SKIP,1670,,GTAA_BASELINE,gTAA,local-batch,0,NOT_AVAILABLE,NOT_AVAILABLE,playwright,web,desktop,2026-06-09T17:38:55.916Z
desktop-2b9b1014-81be-41ec-933d-592c17bbcb0a,login_screen_localized,logoutButton,,web,desktop,C:\Users\gilsa\Documents\Repos\Generat-Test-Automation-Architecture-TS\gTAA\visual-baselines\login\login_screen_localized\web\desktop\ch\german\baseline.png,C:\Users\gilsa\Documents\Repos\Generat-Test-Automation-Architecture-TS\gTAA\visual-results\desktop-2b9b1014-81be-41ec-933d-592c17bbcb0a\login\login_screen_localized\web\desktop\ch\german\actual.png,,,,0.02,SKIP,1662,,GTAA_BASELINE,gTAA,local-batch,0,NOT_AVAILABLE,NOT_AVAILABLE,playwright,web,desktop,2026-06-09T17:38:55.916Z
desktop-2b9b1014-81be-41ec-933d-592c17bbcb0a,login_screen_localized,logoutButton,,web,desktop,C:\Users\gilsa\Documents\Repos\Generat-Test-Automation-Architecture-TS\gTAA\visual-baselines\login\login_screen_localized\web\desktop\ch\french\baseline.png,C:\Users\gilsa\Documents\Repos\Generat-Test-Automation-Architecture-TS\gTAA\visual-results\desktop-2b9b1014-81be-41ec-933d-592c17bbcb0a\login\login_screen_localized\web\desktop\ch\french\actual.png,,,,0.02,SKIP,1654,,GTAA_BASELINE,gTAA,local-batch,0,NOT_AVAILABLE,NOT_AVAILABLE,playwright,web,desktop,2026-06-09T17:38:55.916Z
desktop-2b9b1014-81be-41ec-933d-592c17bbcb0a,login_screen_localized,logoutButton,,web,desktop,C:\Users\gilsa\Documents\Repos\Generat-Test-Automation-Architecture-TS\gTAA\visual-baselines\login\login_screen_localized\web\desktop\jp\japanese\baseline.png,C:\Users\gilsa\Documents\Repos\Generat-Test-Automation-Architecture-TS\gTAA\visual-results\desktop-2b9b1014-81be-41ec-933d-592c17bbcb0a\login\login_screen_localized\web\desktop\jp\japanese\actual.png,,,,0.02,SKIP,1775,,GTAA_BASELINE,gTAA,local-batch,0,NOT_AVAILABLE,NOT_AVAILABLE,playwright,web,desktop,2026-06-09T17:38:55.916Z
desktop-2b9b1014-81be-41ec-933d-592c17bbcb0a,navbar_desktop_strip,navLogo,,web,desktop,C:\Users\gilsa\Documents\Repos\Generat-Test-Automation-Architecture-TS\gTAA\visual-baselines\navbar\navbar_desktop_strip\web\desktop\us\en\baseline.png,C:\Users\gilsa\Documents\Repos\Generat-Test-Automation-Architecture-TS\gTAA\visual-results\desktop-2b9b1014-81be-41ec-933d-592c17bbcb0a\navbar\navbar_desktop_strip\web\desktop\us\en\actual.png,,,,0.01,SKIP,1278,,GTAA_BASELINE,gTAA,local-batch,0,NOT_AVAILABLE,NOT_AVAILABLE,playwright,web,desktop,2026-06-09T17:38:55.916Z
desktop-2b9b1014-81be-41ec-933d-592c17bbcb0a,navbar_desktop_strip,navLogo,,web,desktop,C:\Users\gilsa\Documents\Repos\Generat-Test-Automation-Architecture-TS\gTAA\visual-baselines\navbar\navbar_desktop_strip\web\desktop\mx\es\baseline.png,C:\Users\gilsa\Documents\Repos\Generat-Test-Automation-Architecture-TS\gTAA\visual-results\desktop-2b9b1014-81be-41ec-933d-592c17bbcb0a\navbar\navbar_desktop_strip\web\desktop\mx\es\actual.png,,,,0.01,SKIP,1318,,GTAA_BASELINE,gTAA,local-batch,0,NOT_AVAILABLE,NOT_AVAILABLE,playwright,web,desktop,2026-06-09T17:38:55.916Z
desktop-2b9b1014-81be-41ec-933d-592c17bbcb0a,navbar_desktop_strip,navLogo,,web,desktop,C:\Users\gilsa\Documents\Repos\Generat-Test-Automation-Architecture-TS\gTAA\visual-baselines\navbar\navbar_desktop_strip\web\desktop\ch\de\baseline.png,C:\Users\gilsa\Documents\Repos\Generat-Test-Automation-Architecture-TS\gTAA\visual-results\desktop-2b9b1014-81be-41ec-933d-592c17bbcb0a\navbar\navbar_desktop_strip\web\desktop\ch\de\actual.png,,,,0.01,SKIP,1366,,GTAA_BASELINE,gTAA,local-batch,0,NOT_AVAILABLE,NOT_AVAILABLE,playwright,web,desktop,2026-06-09T17:38:55.916Z
desktop-2b9b1014-81be-41ec-933d-592c17bbcb0a,navbar_desktop_strip,navLogo,,web,desktop,C:\Users\gilsa\Documents\Repos\Generat-Test-Automation-Architecture-TS\gTAA\visual-baselines\navbar\navbar_desktop_strip\web\desktop\ch\fr\baseline.png,C:\Users\gilsa\Documents\Repos\Generat-Test-Automation-Architecture-TS\gTAA\visual-results\desktop-2b9b1014-81be-41ec-933d-592c17bbcb0a\navbar\navbar_desktop_strip\web\desktop\ch\fr\actual.png,,,,0.01,SKIP,1346,,GTAA_BASELINE,gTAA,local-batch,0,NOT_AVAILABLE,NOT_AVAILABLE,playwright,web,desktop,2026-06-09T17:38:55.916Z
desktop-2b9b1014-81be-41ec-933d-592c17bbcb0a,navbar_desktop_strip,navLogo,,web,desktop,C:\Users\gilsa\Documents\Repos\Generat-Test-Automation-Architecture-TS\gTAA\visual-baselines\navbar\navbar_desktop_strip\web\desktop\jp\ja\baseline.png,C:\Users\gilsa\Documents\Repos\Generat-Test-Automation-Architecture-TS\gTAA\visual-results\desktop-2b9b1014-81be-41ec-933d-592c17bbcb0a\navbar\navbar_desktop_strip\web\desktop\jp\ja\actual.png,,,,0.01,SKIP,1337,,GTAA_BASELINE,gTAA,local-batch,0,NOT_AVAILABLE,NOT_AVAILABLE,playwright,web,desktop,2026-06-09T17:38:55.916Z
desktop-2b9b1014-81be-41ec-933d-592c17bbcb0a,navbar_header_language_switcher,languageDEButton,,web,desktop,C:\Users\gilsa\Documents\Repos\Generat-Test-Automation-Architecture-TS\gTAA\visual-baselines\navbar\navbar_header_language_switcher\web\desktop\ch\fr\baseline.png,C:\Users\gilsa\Documents\Repos\Generat-Test-Automation-Architecture-TS\gTAA\visual-results\desktop-2b9b1014-81be-41ec-933d-592c17bbcb0a\navbar\navbar_header_language_switcher\web\desktop\ch\fr\actual.png,,,,0.02,SKIP,1342,,GTAA_BASELINE,gTAA,local-batch,0,NOT_AVAILABLE,NOT_AVAILABLE,playwright,web,desktop,2026-06-09T17:38:55.916Z
desktop-2b9b1014-81be-41ec-933d-592c17bbcb0a,navbar_header_language_switcher,languageDEButton,,web,desktop,C:\Users\gilsa\Documents\Repos\Generat-Test-Automation-Architecture-TS\gTAA\visual-baselines\navbar\navbar_header_language_switcher\web\desktop\ch\de\baseline.png,C:\Users\gilsa\Documents\Repos\Generat-Test-Automation-Architecture-TS\gTAA\visual-results\desktop-2b9b1014-81be-41ec-933d-592c17bbcb0a\navbar\navbar_header_language_switcher\web\desktop\ch\de\actual.png,,,,0.02,SKIP,1358,,GTAA_BASELINE,gTAA,local-batch,0,NOT_AVAILABLE,NOT_AVAILABLE,playwright,web,desktop,2026-06-09T17:38:55.916Z
desktop-2b9b1014-81be-41ec-933d-592c17bbcb0a,order_success_screen_landed,orderSuccessScreen,orderIdLabel;orderTotalText;timeEstimateText,web,desktop,C:\Users\gilsa\Documents\Repos\Generat-Test-Automation-Architecture-TS\gTAA\visual-baselines\order_success\order_success_screen_landed\web\desktop\us\en\baseline.png,C:\Users\gilsa\Documents\Repos\Generat-Test-Automation-Architecture-TS\gTAA\visual-results\desktop-2b9b1014-81be-41ec-933d-592c17bbcb0a\order_success\order_success_screen_landed\web\desktop\us\en\actual.png,,,,0.01,SKIP,560,,GTAA_BASELINE,gTAA,local-batch,0,NOT_AVAILABLE,NOT_AVAILABLE,playwright,web,desktop,2026-06-09T17:38:55.916Z
desktop-2b9b1014-81be-41ec-933d-592c17bbcb0a,order_success_screen_landed,orderSuccessScreen,orderIdLabel;orderTotalText;timeEstimateText,web,desktop,C:\Users\gilsa\Documents\Repos\Generat-Test-Automation-Architecture-TS\gTAA\visual-baselines\order_success\order_success_screen_landed\web\desktop\mx\es\baseline.png,C:\Users\gilsa\Documents\Repos\Generat-Test-Automation-Architecture-TS\gTAA\visual-results\desktop-2b9b1014-81be-41ec-933d-592c17bbcb0a\order_success\order_success_screen_landed\web\desktop\mx\es\actual.png,,,,0.01,SKIP,570,,GTAA_BASELINE,gTAA,local-batch,0,NOT_AVAILABLE,NOT_AVAILABLE,playwright,web,desktop,2026-06-09T17:38:55.916Z
desktop-2b9b1014-81be-41ec-933d-592c17bbcb0a,order_success_screen_landed,orderSuccessScreen,orderIdLabel;orderTotalText;timeEstimateText,web,desktop,C:\Users\gilsa\Documents\Repos\Generat-Test-Automation-Architecture-TS\gTAA\visual-baselines\order_success\order_success_screen_landed\web\desktop\ch\de\baseline.png,C:\Users\gilsa\Documents\Repos\Generat-Test-Automation-Architecture-TS\gTAA\visual-results\desktop-2b9b1014-81be-41ec-933d-592c17bbcb0a\order_success\order_success_screen_landed\web\desktop\ch\de\actual.png,,,,0.01,SKIP,544,,GTAA_BASELINE,gTAA,local-batch,0,NOT_AVAILABLE,NOT_AVAILABLE,playwright,web,desktop,2026-06-09T17:38:55.916Z
desktop-2b9b1014-81be-41ec-933d-592c17bbcb0a,order_success_screen_landed,orderSuccessScreen,orderIdLabel;orderTotalText;timeEstimateText,web,desktop,C:\Users\gilsa\Documents\Repos\Generat-Test-Automation-Architecture-TS\gTAA\visual-baselines\order_success\order_success_screen_landed\web\desktop\ch\fr\baseline.png,C:\Users\gilsa\Documents\Repos\Generat-Test-Automation-Architecture-TS\gTAA\visual-results\desktop-2b9b1014-81be-41ec-933d-592c17bbcb0a\order_success\order_success_screen_landed\web\desktop\ch\fr\actual.png,,,,0.01,SKIP,543,,GTAA_BASELINE,gTAA,local-batch,0,NOT_AVAILABLE,NOT_AVAILABLE,playwright,web,desktop,2026-06-09T17:38:55.916Z
desktop-2b9b1014-81be-41ec-933d-592c17bbcb0a,order_success_screen_landed,orderSuccessScreen,orderIdLabel;orderTotalText;timeEstimateText,web,desktop,C:\Users\gilsa\Documents\Repos\Generat-Test-Automation-Architecture-TS\gTAA\visual-baselines\order_success\order_success_screen_landed\web\desktop\jp\ja\baseline.png,C:\Users\gilsa\Documents\Repos\Generat-Test-Automation-Architecture-TS\gTAA\visual-results\desktop-2b9b1014-81be-41ec-933d-592c17bbcb0a\order_success\order_success_screen_landed\web\desktop\jp\ja\actual.png,,,,0.01,SKIP,462,,GTAA_BASELINE,gTAA,local-batch,0,NOT_AVAILABLE,NOT_AVAILABLE,playwright,web,desktop,2026-06-09T17:38:55.916Z
desktop-2b9b1014-81be-41ec-933d-592c17bbcb0a,pizzaBuilder_confirm_state,confirmAddToCartButton,,web,desktop,,,,,,0.005,SKIP,30010,WEB_SESSION_FAILURE,GTAA_BASELINE,gTAA,local-batch,0,NOT_AVAILABLE,NOT_AVAILABLE,playwright,web,desktop,2026-06-09T17:38:55.916Z
desktop-2b9b1014-81be-41ec-933d-592c17bbcb0a,pizzaBuilder_confirm_state,confirmAddToCartButton,,web,desktop,,,,,,0.005,SKIP,30000,WEB_SESSION_FAILURE,GTAA_BASELINE,gTAA,local-batch,0,NOT_AVAILABLE,NOT_AVAILABLE,playwright,web,desktop,2026-06-09T17:38:55.916Z
desktop-2b9b1014-81be-41ec-933d-592c17bbcb0a,pizzaBuilder_confirm_state,confirmAddToCartButton,,web,desktop,,,,,,0.005,SKIP,30008,WEB_SESSION_FAILURE,GTAA_BASELINE,gTAA,local-batch,0,NOT_AVAILABLE,NOT_AVAILABLE,playwright,web,desktop,2026-06-09T17:38:55.916Z
desktop-2b9b1014-81be-41ec-933d-592c17bbcb0a,pizzaBuilder_confirm_state,confirmAddToCartButton,,web,desktop,,,,,,0.005,SKIP,30006,WEB_SESSION_FAILURE,GTAA_BASELINE,gTAA,local-batch,0,NOT_AVAILABLE,NOT_AVAILABLE,playwright,web,desktop,2026-06-09T17:38:55.916Z
desktop-2b9b1014-81be-41ec-933d-592c17bbcb0a,pizzaBuilder_confirm_state,confirmAddToCartButton,,web,desktop,,,,,,0.005,SKIP,30004,WEB_SESSION_FAILURE,GTAA_BASELINE,gTAA,local-batch,0,NOT_AVAILABLE,NOT_AVAILABLE,playwright,web,desktop,2026-06-09T17:38:55.916Z
desktop-2b9b1014-81be-41ec-933d-592c17bbcb0a,pizzaBuilder_size_selected,sizeOptionsList,,web,desktop,C:\Users\gilsa\Documents\Repos\Generat-Test-Automation-Architecture-TS\gTAA\visual-baselines\pizzaBuilder\pizzaBuilder_size_selected\web\desktop\baseline.png,C:\Users\gilsa\Documents\Repos\Generat-Test-Automation-Architecture-TS\gTAA\visual-results\desktop-2b9b1014-81be-41ec-933d-592c17bbcb0a\pizzaBuilder\pizzaBuilder_size_selected\web\desktop\actual.png,,,,0.01,SKIP,1265,,GTAA_BASELINE,gTAA,local-batch,0,NOT_AVAILABLE,NOT_AVAILABLE,playwright,web,desktop,2026-06-09T17:38:55.916Z
desktop-2b9b1014-81be-41ec-933d-592c17bbcb0a,pizzaBuilder_size_selected,sizeOptionsList,,web,desktop,C:\Users\gilsa\Documents\Repos\Generat-Test-Automation-Architecture-TS\gTAA\visual-baselines\pizzaBuilder\pizzaBuilder_size_selected\web\desktop\baseline.png,C:\Users\gilsa\Documents\Repos\Generat-Test-Automation-Architecture-TS\gTAA\visual-results\desktop-2b9b1014-81be-41ec-933d-592c17bbcb0a\pizzaBuilder\pizzaBuilder_size_selected\web\desktop\actual.png,C:\Users\gilsa\Documents\Repos\Generat-Test-Automation-Architecture-TS\gTAA\visual-results\desktop-2b9b1014-81be-41ec-933d-592c17bbcb0a\pizzaBuilder\pizzaBuilder_size_selected\web\desktop\diff.png,0,0,0.01,PASS,1382,,GTAA_BASELINE,gTAA,local-batch,0,NOT_AVAILABLE,NOT_AVAILABLE,playwright,web,desktop,2026-06-09T17:38:55.916Z
desktop-2b9b1014-81be-41ec-933d-592c17bbcb0a,pizzaBuilder_size_selected,sizeOptionsList,,web,desktop,C:\Users\gilsa\Documents\Repos\Generat-Test-Automation-Architecture-TS\gTAA\visual-baselines\pizzaBuilder\pizzaBuilder_size_selected\web\desktop\baseline.png,C:\Users\gilsa\Documents\Repos\Generat-Test-Automation-Architecture-TS\gTAA\visual-results\desktop-2b9b1014-81be-41ec-933d-592c17bbcb0a\pizzaBuilder\pizzaBuilder_size_selected\web\desktop\actual.png,C:\Users\gilsa\Documents\Repos\Generat-Test-Automation-Architecture-TS\gTAA\visual-results\desktop-2b9b1014-81be-41ec-933d-592c17bbcb0a\pizzaBuilder\pizzaBuilder_size_selected\web\desktop\diff.png,3698,0.8576066790352505,0.01,FAIL,1321,VISUAL_DIFF_FAILURE,GTAA_BASELINE,gTAA,local-batch,0,NOT_AVAILABLE,NOT_AVAILABLE,playwright,web,desktop,2026-06-09T17:38:55.916Z
desktop-2b9b1014-81be-41ec-933d-592c17bbcb0a,pizzaBuilder_size_selected,sizeOptionsList,,web,desktop,C:\Users\gilsa\Documents\Repos\Generat-Test-Automation-Architecture-TS\gTAA\visual-baselines\pizzaBuilder\pizzaBuilder_size_selected\web\desktop\baseline.png,C:\Users\gilsa\Documents\Repos\Generat-Test-Automation-Architecture-TS\gTAA\visual-results\desktop-2b9b1014-81be-41ec-933d-592c17bbcb0a\pizzaBuilder\pizzaBuilder_size_selected\web\desktop\actual.png,C:\Users\gilsa\Documents\Repos\Generat-Test-Automation-Architecture-TS\gTAA\visual-results\desktop-2b9b1014-81be-41ec-933d-592c17bbcb0a\pizzaBuilder\pizzaBuilder_size_selected\web\desktop\diff.png,3698,0.8576066790352505,0.01,FAIL,1366,VISUAL_DIFF_FAILURE,GTAA_BASELINE,gTAA,local-batch,0,NOT_AVAILABLE,NOT_AVAILABLE,playwright,web,desktop,2026-06-09T17:38:55.916Z
desktop-2b9b1014-81be-41ec-933d-592c17bbcb0a,pizzaBuilder_size_selected,sizeOptionsList,,web,desktop,C:\Users\gilsa\Documents\Repos\Generat-Test-Automation-Architecture-TS\gTAA\visual-baselines\pizzaBuilder\pizzaBuilder_size_selected\web\desktop\baseline.png,C:\Users\gilsa\Documents\Repos\Generat-Test-Automation-Architecture-TS\gTAA\visual-results\desktop-2b9b1014-81be-41ec-933d-592c17bbcb0a\pizzaBuilder\pizzaBuilder_size_selected\web\desktop\actual.png,C:\Users\gilsa\Documents\Repos\Generat-Test-Automation-Architecture-TS\gTAA\visual-results\desktop-2b9b1014-81be-41ec-933d-592c17bbcb0a\pizzaBuilder\pizzaBuilder_size_selected\web\desktop\diff.png,0,0,0.01,PASS,1264,,GTAA_BASELINE,gTAA,local-batch,0,NOT_AVAILABLE,NOT_AVAILABLE,playwright,web,desktop,2026-06-09T17:38:55.916Z
desktop-2b9b1014-81be-41ec-933d-592c17bbcb0a,pizzaBuilder_toppings_selected,toppingsList,customizerPriceText,web,desktop,C:\Users\gilsa\Documents\Repos\Generat-Test-Automation-Architecture-TS\gTAA\visual-baselines\pizzaBuilder\pizzaBuilder_toppings_selected\web\desktop\baseline.png,C:\Users\gilsa\Documents\Repos\Generat-Test-Automation-Architecture-TS\gTAA\visual-results\desktop-2b9b1014-81be-41ec-933d-592c17bbcb0a\pizzaBuilder\pizzaBuilder_toppings_selected\web\desktop\actual.png,,,,0.01,SKIP,1298,,GTAA_BASELINE,gTAA,local-batch,0,NOT_AVAILABLE,NOT_AVAILABLE,playwright,web,desktop,2026-06-09T17:38:55.916Z
desktop-2b9b1014-81be-41ec-933d-592c17bbcb0a,pizzaBuilder_toppings_selected,toppingsList,customizerPriceText,web,desktop,C:\Users\gilsa\Documents\Repos\Generat-Test-Automation-Architecture-TS\gTAA\visual-baselines\pizzaBuilder\pizzaBuilder_toppings_selected\web\desktop\baseline.png,C:\Users\gilsa\Documents\Repos\Generat-Test-Automation-Architecture-TS\gTAA\visual-results\desktop-2b9b1014-81be-41ec-933d-592c17bbcb0a\pizzaBuilder\pizzaBuilder_toppings_selected\web\desktop\actual.png,C:\Users\gilsa\Documents\Repos\Generat-Test-Automation-Architecture-TS\gTAA\visual-results\desktop-2b9b1014-81be-41ec-933d-592c17bbcb0a\pizzaBuilder\pizzaBuilder_toppings_selected\web\desktop\diff.png,1147,0.07459677419354839,0.01,FAIL,1370,VISUAL_DIFF_FAILURE,GTAA_BASELINE,gTAA,local-batch,0,NOT_AVAILABLE,NOT_AVAILABLE,playwright,web,desktop,2026-06-09T17:38:55.916Z
desktop-2b9b1014-81be-41ec-933d-592c17bbcb0a,pizzaBuilder_toppings_selected,toppingsList,customizerPriceText,web,desktop,C:\Users\gilsa\Documents\Repos\Generat-Test-Automation-Architecture-TS\gTAA\visual-baselines\pizzaBuilder\pizzaBuilder_toppings_selected\web\desktop\baseline.png,C:\Users\gilsa\Documents\Repos\Generat-Test-Automation-Architecture-TS\gTAA\visual-results\desktop-2b9b1014-81be-41ec-933d-592c17bbcb0a\pizzaBuilder\pizzaBuilder_toppings_selected\web\desktop\actual.png,C:\Users\gilsa\Documents\Repos\Generat-Test-Automation-Architecture-TS\gTAA\visual-results\desktop-2b9b1014-81be-41ec-933d-592c17bbcb0a\pizzaBuilder\pizzaBuilder_toppings_selected\web\desktop\diff.png,0,0,0.01,PASS,1268,,GTAA_BASELINE,gTAA,local-batch,0,NOT_AVAILABLE,NOT_AVAILABLE,playwright,web,desktop,2026-06-09T17:38:55.916Z
desktop-2b9b1014-81be-41ec-933d-592c17bbcb0a,pizzaBuilder_toppings_selected,toppingsList,customizerPriceText,web,desktop,C:\Users\gilsa\Documents\Repos\Generat-Test-Automation-Architecture-TS\gTAA\visual-baselines\pizzaBuilder\pizzaBuilder_toppings_selected\web\desktop\baseline.png,C:\Users\gilsa\Documents\Repos\Generat-Test-Automation-Architecture-TS\gTAA\visual-results\desktop-2b9b1014-81be-41ec-933d-592c17bbcb0a\pizzaBuilder\pizzaBuilder_toppings_selected\web\desktop\actual.png,C:\Users\gilsa\Documents\Repos\Generat-Test-Automation-Architecture-TS\gTAA\visual-results\desktop-2b9b1014-81be-41ec-933d-592c17bbcb0a\pizzaBuilder\pizzaBuilder_toppings_selected\web\desktop\diff.png,0,0,0.01,PASS,1117,,GTAA_BASELINE,gTAA,local-batch,0,NOT_AVAILABLE,NOT_AVAILABLE,playwright,web,desktop,2026-06-09T17:38:55.916Z
desktop-2b9b1014-81be-41ec-933d-592c17bbcb0a,pizzaBuilder_toppings_selected,toppingsList,customizerPriceText,web,desktop,C:\Users\gilsa\Documents\Repos\Generat-Test-Automation-Architecture-TS\gTAA\visual-baselines\pizzaBuilder\pizzaBuilder_toppings_selected\web\desktop\baseline.png,C:\Users\gilsa\Documents\Repos\Generat-Test-Automation-Architecture-TS\gTAA\visual-results\desktop-2b9b1014-81be-41ec-933d-592c17bbcb0a\pizzaBuilder\pizzaBuilder_toppings_selected\web\desktop\actual.png,C:\Users\gilsa\Documents\Repos\Generat-Test-Automation-Architecture-TS\gTAA\visual-results\desktop-2b9b1014-81be-41ec-933d-592c17bbcb0a\pizzaBuilder\pizzaBuilder_toppings_selected\web\desktop\diff.png,1147,0.07459677419354839,0.01,FAIL,1149,VISUAL_DIFF_FAILURE,GTAA_BASELINE,gTAA,local-batch,0,NOT_AVAILABLE,NOT_AVAILABLE,playwright,web,desktop,2026-06-09T17:38:55.916Z
desktop-466a6c22-0917-4314-b2bb-c6bfc2a95a11,pizzaBuilder_confirm_state,confirmAddToCartButton,,web,desktop,C:\Users\gilsa\Documents\Repos\Generat-Test-Automation-Architecture-TS\gTAA\visual-baselines\pizzaBuilder\pizzaBuilder_confirm_state\web\desktop\us\en\confirming-add-to-cart-closes-the-builder-and-increments-the-navbar-cart-count-i\baseline.png,C:\Users\gilsa\Documents\Repos\Generat-Test-Automation-Architecture-TS\gTAA\visual-results\desktop-466a6c22-0917-4314-b2bb-c6bfc2a95a11\pizzaBuilder\pizzaBuilder_confirm_state\web\desktop\us\en\confirming-add-to-cart-closes-the-builder-and-increments-the-navbar-cart-count-i\actual.png,,,,0.005,SKIP,30270,,GTAA_BASELINE,gTAA,local-batch,0,NOT_AVAILABLE,NOT_AVAILABLE,playwright,web,desktop,2026-06-09T17:38:55.916Z
desktop-466a6c22-0917-4314-b2bb-c6bfc2a95a11,pizzaBuilder_confirm_state,confirmAddToCartButton,,web,desktop,C:\Users\gilsa\Documents\Repos\Generat-Test-Automation-Architecture-TS\gTAA\visual-baselines\pizzaBuilder\pizzaBuilder_confirm_state\web\desktop\mx\es\confirming-add-to-cart-closes-the-builder-and-increments-the-navbar-cart-count-i\baseline.png,C:\Users\gilsa\Documents\Repos\Generat-Test-Automation-Architecture-TS\gTAA\visual-results\desktop-466a6c22-0917-4314-b2bb-c6bfc2a95a11\pizzaBuilder\pizzaBuilder_confirm_state\web\desktop\mx\es\confirming-add-to-cart-closes-the-builder-and-increments-the-navbar-cart-count-i\actual.png,,,,0.005,SKIP,30245,,GTAA_BASELINE,gTAA,local-batch,0,NOT_AVAILABLE,NOT_AVAILABLE,playwright,web,desktop,2026-06-09T17:38:55.916Z
desktop-466a6c22-0917-4314-b2bb-c6bfc2a95a11,pizzaBuilder_confirm_state,confirmAddToCartButton,,web,desktop,C:\Users\gilsa\Documents\Repos\Generat-Test-Automation-Architecture-TS\gTAA\visual-baselines\pizzaBuilder\pizzaBuilder_confirm_state\web\desktop\ch\de\confirming-add-to-cart-closes-the-builder-and-increments-the-navbar-cart-count-i\baseline.png,C:\Users\gilsa\Documents\Repos\Generat-Test-Automation-Architecture-TS\gTAA\visual-results\desktop-466a6c22-0917-4314-b2bb-c6bfc2a95a11\pizzaBuilder\pizzaBuilder_confirm_state\web\desktop\ch\de\confirming-add-to-cart-closes-the-builder-and-increments-the-navbar-cart-count-i\actual.png,,,,0.005,SKIP,30245,,GTAA_BASELINE,gTAA,local-batch,0,NOT_AVAILABLE,NOT_AVAILABLE,playwright,web,desktop,2026-06-09T17:38:55.916Z
desktop-466a6c22-0917-4314-b2bb-c6bfc2a95a11,pizzaBuilder_confirm_state,confirmAddToCartButton,,web,desktop,C:\Users\gilsa\Documents\Repos\Generat-Test-Automation-Architecture-TS\gTAA\visual-baselines\pizzaBuilder\pizzaBuilder_confirm_state\web\desktop\ch\fr\confirming-add-to-cart-closes-the-builder-and-increments-the-navbar-cart-count-i\baseline.png,C:\Users\gilsa\Documents\Repos\Generat-Test-Automation-Architecture-TS\gTAA\visual-results\desktop-466a6c22-0917-4314-b2bb-c6bfc2a95a11\pizzaBuilder\pizzaBuilder_confirm_state\web\desktop\ch\fr\confirming-add-to-cart-closes-the-builder-and-increments-the-navbar-cart-count-i\actual.png,,,,0.005,SKIP,30247,,GTAA_BASELINE,gTAA,local-batch,0,NOT_AVAILABLE,NOT_AVAILABLE,playwright,web,desktop,2026-06-09T17:38:55.916Z
desktop-466a6c22-0917-4314-b2bb-c6bfc2a95a11,pizzaBuilder_confirm_state,confirmAddToCartButton,,web,desktop,C:\Users\gilsa\Documents\Repos\Generat-Test-Automation-Architecture-TS\gTAA\visual-baselines\pizzaBuilder\pizzaBuilder_confirm_state\web\desktop\jp\ja\confirming-add-to-cart-closes-the-builder-and-increments-the-navbar-cart-count-i\baseline.png,C:\Users\gilsa\Documents\Repos\Generat-Test-Automation-Architecture-TS\gTAA\visual-results\desktop-466a6c22-0917-4314-b2bb-c6bfc2a95a11\pizzaBuilder\pizzaBuilder_confirm_state\web\desktop\jp\ja\confirming-add-to-cart-closes-the-builder-and-increments-the-navbar-cart-count-i\actual.png,,,,0.005,SKIP,30252,,GTAA_BASELINE,gTAA,local-batch,0,NOT_AVAILABLE,NOT_AVAILABLE,playwright,web,desktop,2026-06-09T17:38:55.916Z
desktop-68b44ee4-81eb-453b-8387-80aff44eb106,pizzaBuilder_confirm_state,confirmAddToCartButton,,web,desktop,C:\Users\gilsa\Documents\Repos\Generat-Test-Automation-Architecture-TS\gTAA\visual-baselines\pizzaBuilder\pizzaBuilder_confirm_state\web\desktop\us\en\confirming-add-to-cart-closes-the-builder-and-increments-the-navbar-cart-count-i\baseline.png,C:\Users\gilsa\Documents\Repos\Generat-Test-Automation-Architecture-TS\gTAA\visual-results\desktop-68b44ee4-81eb-453b-8387-80aff44eb106\pizzaBuilder\pizzaBuilder_confirm_state\web\desktop\us\en\confirming-add-to-cart-closes-the-builder-and-increments-the-navbar-cart-count-i\actual.png,C:\Users\gilsa\Documents\Repos\Generat-Test-Automation-Architecture-TS\gTAA\visual-results\desktop-68b44ee4-81eb-453b-8387-80aff44eb106\pizzaBuilder\pizzaBuilder_confirm_state\web\desktop\us\en\confirming-add-to-cart-closes-the-builder-and-increments-the-navbar-cart-count-i\diff.png,0,0,0.005,PASS,30822,,GTAA_BASELINE,gTAA,local-batch,0,NOT_AVAILABLE,NOT_AVAILABLE,playwright,web,desktop,2026-06-09T17:38:55.916Z
desktop-68b44ee4-81eb-453b-8387-80aff44eb106,pizzaBuilder_confirm_state,confirmAddToCartButton,,web,desktop,C:\Users\gilsa\Documents\Repos\Generat-Test-Automation-Architecture-TS\gTAA\visual-baselines\pizzaBuilder\pizzaBuilder_confirm_state\web\desktop\mx\es\confirming-add-to-cart-closes-the-builder-and-increments-the-navbar-cart-count-i\baseline.png,C:\Users\gilsa\Documents\Repos\Generat-Test-Automation-Architecture-TS\gTAA\visual-results\desktop-68b44ee4-81eb-453b-8387-80aff44eb106\pizzaBuilder\pizzaBuilder_confirm_state\web\desktop\mx\es\confirming-add-to-cart-closes-the-builder-and-increments-the-navbar-cart-count-i\actual.png,C:\Users\gilsa\Documents\Repos\Generat-Test-Automation-Architecture-TS\gTAA\visual-results\desktop-68b44ee4-81eb-453b-8387-80aff44eb106\pizzaBuilder\pizzaBuilder_confirm_state\web\desktop\mx\es\confirming-add-to-cart-closes-the-builder-and-increments-the-navbar-cart-count-i\diff.png,0,0,0.005,PASS,30670,,GTAA_BASELINE,gTAA,local-batch,0,NOT_AVAILABLE,NOT_AVAILABLE,playwright,web,desktop,2026-06-09T17:38:55.916Z
desktop-68b44ee4-81eb-453b-8387-80aff44eb106,pizzaBuilder_confirm_state,confirmAddToCartButton,,web,desktop,C:\Users\gilsa\Documents\Repos\Generat-Test-Automation-Architecture-TS\gTAA\visual-baselines\pizzaBuilder\pizzaBuilder_confirm_state\web\desktop\ch\de\confirming-add-to-cart-closes-the-builder-and-increments-the-navbar-cart-count-i\baseline.png,C:\Users\gilsa\Documents\Repos\Generat-Test-Automation-Architecture-TS\gTAA\visual-results\desktop-68b44ee4-81eb-453b-8387-80aff44eb106\pizzaBuilder\pizzaBuilder_confirm_state\web\desktop\ch\de\confirming-add-to-cart-closes-the-builder-and-increments-the-navbar-cart-count-i\actual.png,C:\Users\gilsa\Documents\Repos\Generat-Test-Automation-Architecture-TS\gTAA\visual-results\desktop-68b44ee4-81eb-453b-8387-80aff44eb106\pizzaBuilder\pizzaBuilder_confirm_state\web\desktop\ch\de\confirming-add-to-cart-closes-the-builder-and-increments-the-navbar-cart-count-i\diff.png,0,0,0.005,PASS,30666,,GTAA_BASELINE,gTAA,local-batch,0,NOT_AVAILABLE,NOT_AVAILABLE,playwright,web,desktop,2026-06-09T17:38:55.916Z
desktop-68b44ee4-81eb-453b-8387-80aff44eb106,pizzaBuilder_confirm_state,confirmAddToCartButton,,web,desktop,C:\Users\gilsa\Documents\Repos\Generat-Test-Automation-Architecture-TS\gTAA\visual-baselines\pizzaBuilder\pizzaBuilder_confirm_state\web\desktop\ch\fr\confirming-add-to-cart-closes-the-builder-and-increments-the-navbar-cart-count-i\baseline.png,C:\Users\gilsa\Documents\Repos\Generat-Test-Automation-Architecture-TS\gTAA\visual-results\desktop-68b44ee4-81eb-453b-8387-80aff44eb106\pizzaBuilder\pizzaBuilder_confirm_state\web\desktop\ch\fr\confirming-add-to-cart-closes-the-builder-and-increments-the-navbar-cart-count-i\actual.png,C:\Users\gilsa\Documents\Repos\Generat-Test-Automation-Architecture-TS\gTAA\visual-results\desktop-68b44ee4-81eb-453b-8387-80aff44eb106\pizzaBuilder\pizzaBuilder_confirm_state\web\desktop\ch\fr\confirming-add-to-cart-closes-the-builder-and-increments-the-navbar-cart-count-i\diff.png,0,0,0.005,PASS,30642,,GTAA_BASELINE,gTAA,local-batch,0,NOT_AVAILABLE,NOT_AVAILABLE,playwright,web,desktop,2026-06-09T17:38:55.916Z
desktop-68b44ee4-81eb-453b-8387-80aff44eb106,pizzaBuilder_confirm_state,confirmAddToCartButton,,web,desktop,C:\Users\gilsa\Documents\Repos\Generat-Test-Automation-Architecture-TS\gTAA\visual-baselines\pizzaBuilder\pizzaBuilder_confirm_state\web\desktop\jp\ja\confirming-add-to-cart-closes-the-builder-and-increments-the-navbar-cart-count-i\baseline.png,C:\Users\gilsa\Documents\Repos\Generat-Test-Automation-Architecture-TS\gTAA\visual-results\desktop-68b44ee4-81eb-453b-8387-80aff44eb106\pizzaBuilder\pizzaBuilder_confirm_state\web\desktop\jp\ja\confirming-add-to-cart-closes-the-builder-and-increments-the-navbar-cart-count-i\actual.png,C:\Users\gilsa\Documents\Repos\Generat-Test-Automation-Architecture-TS\gTAA\visual-results\desktop-68b44ee4-81eb-453b-8387-80aff44eb106\pizzaBuilder\pizzaBuilder_confirm_state\web\desktop\jp\ja\confirming-add-to-cart-closes-the-builder-and-increments-the-navbar-cart-count-i\diff.png,0,0,0.005,PASS,30653,,GTAA_BASELINE,gTAA,local-batch,0,NOT_AVAILABLE,NOT_AVAILABLE,playwright,web,desktop,2026-06-09T17:38:55.916Z
desktop-73ed980c-fa58-4a0f-8b97-867ae7a27b72,catalog_screen,catalogScreen,searchInput,web,desktop,,,,,,0.01,SKIP,5,WEB_SESSION_FAILURE,GTAA_BASELINE,gTAA,local-batch,0,NOT_AVAILABLE,NOT_AVAILABLE,playwright,web,desktop,2026-06-09T17:38:55.916Z
desktop-73ed980c-fa58-4a0f-8b97-867ae7a27b72,catalog_screen,catalogScreen,searchInput,web,desktop,,,,,,0.01,SKIP,0,WEB_SESSION_FAILURE,GTAA_BASELINE,gTAA,local-batch,0,NOT_AVAILABLE,NOT_AVAILABLE,playwright,web,desktop,2026-06-09T17:38:55.916Z
desktop-73ed980c-fa58-4a0f-8b97-867ae7a27b72,catalog_screen,catalogScreen,searchInput,web,desktop,,,,,,0.01,SKIP,0,WEB_SESSION_FAILURE,GTAA_BASELINE,gTAA,local-batch,0,NOT_AVAILABLE,NOT_AVAILABLE,playwright,web,desktop,2026-06-09T17:38:55.916Z
desktop-73ed980c-fa58-4a0f-8b97-867ae7a27b72,catalog_screen,catalogScreen,searchInput,web,desktop,,,,,,0.01,SKIP,0,WEB_SESSION_FAILURE,GTAA_BASELINE,gTAA,local-batch,0,NOT_AVAILABLE,NOT_AVAILABLE,playwright,web,desktop,2026-06-09T17:38:55.916Z
desktop-73ed980c-fa58-4a0f-8b97-867ae7a27b72,catalog_screen,catalogScreen,searchInput,web,desktop,,,,,,0.01,SKIP,0,WEB_SESSION_FAILURE,GTAA_BASELINE,gTAA,local-batch,0,NOT_AVAILABLE,NOT_AVAILABLE,playwright,web,desktop,2026-06-09T17:38:55.916Z
desktop-73ed980c-fa58-4a0f-8b97-867ae7a27b72,checkout_order_summary,orderDetailsList,orderTotalValue,web,desktop,,,,,,0.005,SKIP,1,WEB_SESSION_FAILURE,GTAA_BASELINE,gTAA,local-batch,0,NOT_AVAILABLE,NOT_AVAILABLE,playwright,web,desktop,2026-06-09T17:38:55.916Z
desktop-73ed980c-fa58-4a0f-8b97-867ae7a27b72,checkout_order_summary,orderDetailsList,orderTotalValue,web,desktop,,,,,,0.005,SKIP,1,WEB_SESSION_FAILURE,GTAA_BASELINE,gTAA,local-batch,0,NOT_AVAILABLE,NOT_AVAILABLE,playwright,web,desktop,2026-06-09T17:38:55.916Z
desktop-73ed980c-fa58-4a0f-8b97-867ae7a27b72,login_screen_invalid_credentials,loginScreen,usernameInput;passwordInput,web,desktop,,,,,,0.01,SKIP,1,WEB_SESSION_FAILURE,GTAA_BASELINE,gTAA,local-batch,0,NOT_AVAILABLE,NOT_AVAILABLE,playwright,web,desktop,2026-06-09T17:38:55.916Z
desktop-73ed980c-fa58-4a0f-8b97-867ae7a27b72,navbar_desktop_strip,navLogo,,web,desktop,C:\Users\gilsa\Documents\Repos\Generat-Test-Automation-Architecture-TS\gTAA\visual-baselines\navbar\navbar_desktop_strip\web\desktop\baseline.png,C:\Users\gilsa\Documents\Repos\Generat-Test-Automation-Architecture-TS\gTAA\visual-results\desktop-73ed980c-fa58-4a0f-8b97-867ae7a27b72\navbar\navbar_desktop_strip\web\desktop\actual.png,C:\Users\gilsa\Documents\Repos\Generat-Test-Automation-Architecture-TS\gTAA\visual-results\desktop-73ed980c-fa58-4a0f-8b97-867ae7a27b72\navbar\navbar_desktop_strip\web\desktop\diff.png,0,0,0.01,PASS,1958,,GTAA_BASELINE,gTAA,local-batch,0,NOT_AVAILABLE,NOT_AVAILABLE,playwright,web,desktop,2026-06-09T17:38:55.916Z
desktop-73ed980c-fa58-4a0f-8b97-867ae7a27b72,navbar_desktop_strip,navLogo,,web,desktop,C:\Users\gilsa\Documents\Repos\Generat-Test-Automation-Architecture-TS\gTAA\visual-baselines\navbar\navbar_desktop_strip\web\desktop\baseline.png,C:\Users\gilsa\Documents\Repos\Generat-Test-Automation-Architecture-TS\gTAA\visual-results\desktop-73ed980c-fa58-4a0f-8b97-867ae7a27b72\navbar\navbar_desktop_strip\web\desktop\actual.png,C:\Users\gilsa\Documents\Repos\Generat-Test-Automation-Architecture-TS\gTAA\visual-results\desktop-73ed980c-fa58-4a0f-8b97-867ae7a27b72\navbar\navbar_desktop_strip\web\desktop\diff.png,0,0,0.01,PASS,1891,,GTAA_BASELINE,gTAA,local-batch,0,NOT_AVAILABLE,NOT_AVAILABLE,playwright,web,desktop,2026-06-09T17:38:55.916Z
desktop-73ed980c-fa58-4a0f-8b97-867ae7a27b72,navbar_desktop_strip,navLogo,,web,desktop,C:\Users\gilsa\Documents\Repos\Generat-Test-Automation-Architecture-TS\gTAA\visual-baselines\navbar\navbar_desktop_strip\web\desktop\baseline.png,C:\Users\gilsa\Documents\Repos\Generat-Test-Automation-Architecture-TS\gTAA\visual-results\desktop-73ed980c-fa58-4a0f-8b97-867ae7a27b72\navbar\navbar_desktop_strip\web\desktop\actual.png,C:\Users\gilsa\Documents\Repos\Generat-Test-Automation-Architecture-TS\gTAA\visual-results\desktop-73ed980c-fa58-4a0f-8b97-867ae7a27b72\navbar\navbar_desktop_strip\web\desktop\diff.png,0,0,0.01,PASS,1899,,GTAA_BASELINE,gTAA,local-batch,0,NOT_AVAILABLE,NOT_AVAILABLE,playwright,web,desktop,2026-06-09T17:38:55.916Z
desktop-73ed980c-fa58-4a0f-8b97-867ae7a27b72,navbar_desktop_strip,navLogo,,web,desktop,C:\Users\gilsa\Documents\Repos\Generat-Test-Automation-Architecture-TS\gTAA\visual-baselines\navbar\navbar_desktop_strip\web\desktop\baseline.png,C:\Users\gilsa\Documents\Repos\Generat-Test-Automation-Architecture-TS\gTAA\visual-results\desktop-73ed980c-fa58-4a0f-8b97-867ae7a27b72\navbar\navbar_desktop_strip\web\desktop\actual.png,C:\Users\gilsa\Documents\Repos\Generat-Test-Automation-Architecture-TS\gTAA\visual-results\desktop-73ed980c-fa58-4a0f-8b97-867ae7a27b72\navbar\navbar_desktop_strip\web\desktop\diff.png,0,0,0.01,PASS,1593,,GTAA_BASELINE,gTAA,local-batch,0,NOT_AVAILABLE,NOT_AVAILABLE,playwright,web,desktop,2026-06-09T17:38:55.916Z
desktop-73ed980c-fa58-4a0f-8b97-867ae7a27b72,navbar_desktop_strip,navLogo,,web,desktop,C:\Users\gilsa\Documents\Repos\Generat-Test-Automation-Architecture-TS\gTAA\visual-baselines\navbar\navbar_desktop_strip\web\desktop\baseline.png,C:\Users\gilsa\Documents\Repos\Generat-Test-Automation-Architecture-TS\gTAA\visual-results\desktop-73ed980c-fa58-4a0f-8b97-867ae7a27b72\navbar\navbar_desktop_strip\web\desktop\actual.png,C:\Users\gilsa\Documents\Repos\Generat-Test-Automation-Architecture-TS\gTAA\visual-results\desktop-73ed980c-fa58-4a0f-8b97-867ae7a27b72\navbar\navbar_desktop_strip\web\desktop\diff.png,0,0,0.01,PASS,1955,,GTAA_BASELINE,gTAA,local-batch,0,NOT_AVAILABLE,NOT_AVAILABLE,playwright,web,desktop,2026-06-09T17:38:55.916Z
desktop-7a260ee0-b2d9-474a-b230-5a885c352369,catalog_screen,catalogScreen,searchInput,web,desktop,,,,,,0.01,SKIP,3,WEB_SESSION_FAILURE,GTAA_BASELINE,gTAA,local-batch,0,NOT_AVAILABLE,NOT_AVAILABLE,playwright,web,desktop,2026-06-09T17:38:55.916Z
desktop-7a260ee0-b2d9-474a-b230-5a885c352369,catalog_screen,catalogScreen,searchInput,web,desktop,,,,,,0.01,SKIP,0,WEB_SESSION_FAILURE,GTAA_BASELINE,gTAA,local-batch,0,NOT_AVAILABLE,NOT_AVAILABLE,playwright,web,desktop,2026-06-09T17:38:55.916Z
desktop-7a260ee0-b2d9-474a-b230-5a885c352369,catalog_screen,catalogScreen,searchInput,web,desktop,,,,,,0.01,SKIP,1,WEB_SESSION_FAILURE,GTAA_BASELINE,gTAA,local-batch,0,NOT_AVAILABLE,NOT_AVAILABLE,playwright,web,desktop,2026-06-09T17:38:55.916Z
desktop-7a260ee0-b2d9-474a-b230-5a885c352369,catalog_screen,catalogScreen,searchInput,web,desktop,,,,,,0.01,SKIP,0,WEB_SESSION_FAILURE,GTAA_BASELINE,gTAA,local-batch,0,NOT_AVAILABLE,NOT_AVAILABLE,playwright,web,desktop,2026-06-09T17:38:55.916Z
desktop-7a260ee0-b2d9-474a-b230-5a885c352369,catalog_screen,catalogScreen,searchInput,web,desktop,,,,,,0.01,SKIP,0,WEB_SESSION_FAILURE,GTAA_BASELINE,gTAA,local-batch,0,NOT_AVAILABLE,NOT_AVAILABLE,playwright,web,desktop,2026-06-09T17:38:55.916Z
desktop-7a260ee0-b2d9-474a-b230-5a885c352369,checkout_order_summary,orderDetailsList,orderTotalValue,web,desktop,,,,,,0.005,SKIP,3,WEB_SESSION_FAILURE,GTAA_BASELINE,gTAA,local-batch,0,NOT_AVAILABLE,NOT_AVAILABLE,playwright,web,desktop,2026-06-09T17:38:55.916Z
desktop-7a260ee0-b2d9-474a-b230-5a885c352369,checkout_order_summary,orderDetailsList,orderTotalValue,web,desktop,,,,,,0.005,SKIP,0,WEB_SESSION_FAILURE,GTAA_BASELINE,gTAA,local-batch,0,NOT_AVAILABLE,NOT_AVAILABLE,playwright,web,desktop,2026-06-09T17:38:55.916Z
desktop-7a260ee0-b2d9-474a-b230-5a885c352369,login_screen_invalid_credentials,loginScreen,usernameInput;passwordInput,web,desktop,,,,,,0.01,SKIP,4,WEB_SESSION_FAILURE,GTAA_BASELINE,gTAA,local-batch,0,NOT_AVAILABLE,NOT_AVAILABLE,playwright,web,desktop,2026-06-09T17:38:55.916Z
desktop-7a260ee0-b2d9-474a-b230-5a885c352369,navbar_desktop_strip,navLogo,,web,desktop,C:\Users\gilsa\Documents\Repos\Generat-Test-Automation-Architecture-TS\gTAA\visual-baselines\navbar\navbar_desktop_strip\web\desktop\baseline.png,C:\Users\gilsa\Documents\Repos\Generat-Test-Automation-Architecture-TS\gTAA\visual-results\desktop-7a260ee0-b2d9-474a-b230-5a885c352369\navbar\navbar_desktop_strip\web\desktop\actual.png,,,,0.01,SKIP,1519,,GTAA_BASELINE,gTAA,local-batch,0,NOT_AVAILABLE,NOT_AVAILABLE,playwright,web,desktop,2026-06-09T17:38:55.916Z
desktop-7a260ee0-b2d9-474a-b230-5a885c352369,navbar_desktop_strip,navLogo,,web,desktop,C:\Users\gilsa\Documents\Repos\Generat-Test-Automation-Architecture-TS\gTAA\visual-baselines\navbar\navbar_desktop_strip\web\desktop\baseline.png,C:\Users\gilsa\Documents\Repos\Generat-Test-Automation-Architecture-TS\gTAA\visual-results\desktop-7a260ee0-b2d9-474a-b230-5a885c352369\navbar\navbar_desktop_strip\web\desktop\actual.png,C:\Users\gilsa\Documents\Repos\Generat-Test-Automation-Architecture-TS\gTAA\visual-results\desktop-7a260ee0-b2d9-474a-b230-5a885c352369\navbar\navbar_desktop_strip\web\desktop\diff.png,0,0,0.01,PASS,2127,,GTAA_BASELINE,gTAA,local-batch,0,NOT_AVAILABLE,NOT_AVAILABLE,playwright,web,desktop,2026-06-09T17:38:55.916Z
desktop-7a260ee0-b2d9-474a-b230-5a885c352369,navbar_desktop_strip,navLogo,,web,desktop,C:\Users\gilsa\Documents\Repos\Generat-Test-Automation-Architecture-TS\gTAA\visual-baselines\navbar\navbar_desktop_strip\web\desktop\baseline.png,C:\Users\gilsa\Documents\Repos\Generat-Test-Automation-Architecture-TS\gTAA\visual-results\desktop-7a260ee0-b2d9-474a-b230-5a885c352369\navbar\navbar_desktop_strip\web\desktop\actual.png,C:\Users\gilsa\Documents\Repos\Generat-Test-Automation-Architecture-TS\gTAA\visual-results\desktop-7a260ee0-b2d9-474a-b230-5a885c352369\navbar\navbar_desktop_strip\web\desktop\diff.png,0,0,0.01,PASS,1884,,GTAA_BASELINE,gTAA,local-batch,0,NOT_AVAILABLE,NOT_AVAILABLE,playwright,web,desktop,2026-06-09T17:38:55.916Z
desktop-7a260ee0-b2d9-474a-b230-5a885c352369,navbar_desktop_strip,navLogo,,web,desktop,C:\Users\gilsa\Documents\Repos\Generat-Test-Automation-Architecture-TS\gTAA\visual-baselines\navbar\navbar_desktop_strip\web\desktop\baseline.png,C:\Users\gilsa\Documents\Repos\Generat-Test-Automation-Architecture-TS\gTAA\visual-results\desktop-7a260ee0-b2d9-474a-b230-5a885c352369\navbar\navbar_desktop_strip\web\desktop\actual.png,C:\Users\gilsa\Documents\Repos\Generat-Test-Automation-Architecture-TS\gTAA\visual-results\desktop-7a260ee0-b2d9-474a-b230-5a885c352369\navbar\navbar_desktop_strip\web\desktop\diff.png,0,0,0.01,PASS,1825,,GTAA_BASELINE,gTAA,local-batch,0,NOT_AVAILABLE,NOT_AVAILABLE,playwright,web,desktop,2026-06-09T17:38:55.916Z
desktop-7a260ee0-b2d9-474a-b230-5a885c352369,navbar_desktop_strip,navLogo,,web,desktop,C:\Users\gilsa\Documents\Repos\Generat-Test-Automation-Architecture-TS\gTAA\visual-baselines\navbar\navbar_desktop_strip\web\desktop\baseline.png,C:\Users\gilsa\Documents\Repos\Generat-Test-Automation-Architecture-TS\gTAA\visual-results\desktop-7a260ee0-b2d9-474a-b230-5a885c352369\navbar\navbar_desktop_strip\web\desktop\actual.png,C:\Users\gilsa\Documents\Repos\Generat-Test-Automation-Architecture-TS\gTAA\visual-results\desktop-7a260ee0-b2d9-474a-b230-5a885c352369\navbar\navbar_desktop_strip\web\desktop\diff.png,0,0,0.01,PASS,1910,,GTAA_BASELINE,gTAA,local-batch,0,NOT_AVAILABLE,NOT_AVAILABLE,playwright,web,desktop,2026-06-09T17:38:55.916Z
desktop-b3fdd021-53b1-4bb5-85eb-9ead00a35497,catalog_screen,catalogScreen,searchInput,web,desktop,C:\Users\gilsa\Documents\Repos\Generat-Test-Automation-Architecture-TS\gTAA\visual-baselines\catalog\catalog_screen\web\desktop\us\en\catalog-renders-in-us-en\baseline.png,C:\Users\gilsa\Documents\Repos\Generat-Test-Automation-Architecture-TS\gTAA\visual-results\desktop-b3fdd021-53b1-4bb5-85eb-9ead00a35497\catalog\catalog_screen\web\desktop\us\en\catalog-renders-in-us-en\actual.png,,,,0.01,SKIP,1486,,GTAA_BASELINE,gTAA,local-batch,0,NOT_AVAILABLE,NOT_AVAILABLE,playwright,web,desktop,2026-06-09T17:38:55.916Z
desktop-b3fdd021-53b1-4bb5-85eb-9ead00a35497,catalog_screen,catalogScreen,searchInput,web,desktop,C:\Users\gilsa\Documents\Repos\Generat-Test-Automation-Architecture-TS\gTAA\visual-baselines\catalog\catalog_screen\web\desktop\mx\es\catalog-renders-in-mx-es\baseline.png,C:\Users\gilsa\Documents\Repos\Generat-Test-Automation-Architecture-TS\gTAA\visual-results\desktop-b3fdd021-53b1-4bb5-85eb-9ead00a35497\catalog\catalog_screen\web\desktop\mx\es\catalog-renders-in-mx-es\actual.png,,,,0.01,SKIP,1648,,GTAA_BASELINE,gTAA,local-batch,0,NOT_AVAILABLE,NOT_AVAILABLE,playwright,web,desktop,2026-06-09T17:38:55.916Z
desktop-b3fdd021-53b1-4bb5-85eb-9ead00a35497,catalog_screen,catalogScreen,searchInput,web,desktop,C:\Users\gilsa\Documents\Repos\Generat-Test-Automation-Architecture-TS\gTAA\visual-baselines\catalog\catalog_screen\web\desktop\ch\de\catalog-renders-in-ch-de\baseline.png,C:\Users\gilsa\Documents\Repos\Generat-Test-Automation-Architecture-TS\gTAA\visual-results\desktop-b3fdd021-53b1-4bb5-85eb-9ead00a35497\catalog\catalog_screen\web\desktop\ch\de\catalog-renders-in-ch-de\actual.png,,,,0.01,SKIP,1498,,GTAA_BASELINE,gTAA,local-batch,0,NOT_AVAILABLE,NOT_AVAILABLE,playwright,web,desktop,2026-06-09T17:38:55.916Z
desktop-b3fdd021-53b1-4bb5-85eb-9ead00a35497,catalog_screen,catalogScreen,searchInput,web,desktop,C:\Users\gilsa\Documents\Repos\Generat-Test-Automation-Architecture-TS\gTAA\visual-baselines\catalog\catalog_screen\web\desktop\ch\fr\catalog-renders-in-ch-fr\baseline.png,C:\Users\gilsa\Documents\Repos\Generat-Test-Automation-Architecture-TS\gTAA\visual-results\desktop-b3fdd021-53b1-4bb5-85eb-9ead00a35497\catalog\catalog_screen\web\desktop\ch\fr\catalog-renders-in-ch-fr\actual.png,,,,0.01,SKIP,1463,,GTAA_BASELINE,gTAA,local-batch,0,NOT_AVAILABLE,NOT_AVAILABLE,playwright,web,desktop,2026-06-09T17:38:55.916Z
desktop-b3fdd021-53b1-4bb5-85eb-9ead00a35497,catalog_screen,catalogScreen,searchInput,web,desktop,C:\Users\gilsa\Documents\Repos\Generat-Test-Automation-Architecture-TS\gTAA\visual-baselines\catalog\catalog_screen\web\desktop\jp\ja\catalog-renders-in-jp-ja\baseline.png,C:\Users\gilsa\Documents\Repos\Generat-Test-Automation-Architecture-TS\gTAA\visual-results\desktop-b3fdd021-53b1-4bb5-85eb-9ead00a35497\catalog\catalog_screen\web\desktop\jp\ja\catalog-renders-in-jp-ja\actual.png,,,,0.01,SKIP,1510,,GTAA_BASELINE,gTAA,local-batch,0,NOT_AVAILABLE,NOT_AVAILABLE,playwright,web,desktop,2026-06-09T17:38:55.916Z
desktop-b3fdd021-53b1-4bb5-85eb-9ead00a35497,checkout_order_summary,orderDetailsList,orderTotalValue,web,desktop,C:\Users\gilsa\Documents\Repos\Generat-Test-Automation-Architecture-TS\gTAA\visual-baselines\checkout\checkout_order_summary\web\desktop\place-a-delivery-order-in-us-paying-with-credit-card\baseline.png,C:\Users\gilsa\Documents\Repos\Generat-Test-Automation-Architecture-TS\gTAA\visual-results\desktop-b3fdd021-53b1-4bb5-85eb-9ead00a35497\checkout\checkout_order_summary\web\desktop\place-a-delivery-order-in-us-paying-with-credit-card\actual.png,,,,0.005,SKIP,30138,,GTAA_BASELINE,gTAA,local-batch,0,NOT_AVAILABLE,NOT_AVAILABLE,playwright,web,desktop,2026-06-09T17:38:55.916Z
desktop-b3fdd021-53b1-4bb5-85eb-9ead00a35497,checkout_order_summary,orderDetailsList,orderTotalValue,web,desktop,C:\Users\gilsa\Documents\Repos\Generat-Test-Automation-Architecture-TS\gTAA\visual-baselines\checkout\checkout_order_summary\web\desktop\place-a-delivery-order-in-mx-paying-with-credit-card\baseline.png,C:\Users\gilsa\Documents\Repos\Generat-Test-Automation-Architecture-TS\gTAA\visual-results\desktop-b3fdd021-53b1-4bb5-85eb-9ead00a35497\checkout\checkout_order_summary\web\desktop\place-a-delivery-order-in-mx-paying-with-credit-card\actual.png,,,,0.005,SKIP,30128,,GTAA_BASELINE,gTAA,local-batch,0,NOT_AVAILABLE,NOT_AVAILABLE,playwright,web,desktop,2026-06-09T17:38:55.916Z
desktop-b3fdd021-53b1-4bb5-85eb-9ead00a35497,checkout_order_summary,orderDetailsList,orderTotalValue,web,desktop,C:\Users\gilsa\Documents\Repos\Generat-Test-Automation-Architecture-TS\gTAA\visual-baselines\checkout\checkout_order_summary\web\desktop\place-a-delivery-order-in-ch-paying-with-credit-card\baseline.png,C:\Users\gilsa\Documents\Repos\Generat-Test-Automation-Architecture-TS\gTAA\visual-results\desktop-b3fdd021-53b1-4bb5-85eb-9ead00a35497\checkout\checkout_order_summary\web\desktop\place-a-delivery-order-in-ch-paying-with-credit-card\actual.png,,,,0.005,SKIP,30132,,GTAA_BASELINE,gTAA,local-batch,0,NOT_AVAILABLE,NOT_AVAILABLE,playwright,web,desktop,2026-06-09T17:38:55.916Z
desktop-b3fdd021-53b1-4bb5-85eb-9ead00a35497,checkout_order_summary,orderDetailsList,orderTotalValue,web,desktop,C:\Users\gilsa\Documents\Repos\Generat-Test-Automation-Architecture-TS\gTAA\visual-baselines\checkout\checkout_order_summary\web\desktop\place-a-delivery-order-in-jp-paying-with-credit-card\baseline.png,C:\Users\gilsa\Documents\Repos\Generat-Test-Automation-Architecture-TS\gTAA\visual-results\desktop-b3fdd021-53b1-4bb5-85eb-9ead00a35497\checkout\checkout_order_summary\web\desktop\place-a-delivery-order-in-jp-paying-with-credit-card\actual.png,,,,0.005,SKIP,30144,,GTAA_BASELINE,gTAA,local-batch,0,NOT_AVAILABLE,NOT_AVAILABLE,playwright,web,desktop,2026-06-09T17:38:55.916Z
desktop-b3fdd021-53b1-4bb5-85eb-9ead00a35497,checkout_order_summary,orderDetailsList,orderTotalValue,web,desktop,C:\Users\gilsa\Documents\Repos\Generat-Test-Automation-Architecture-TS\gTAA\visual-baselines\checkout\checkout_order_summary\web\desktop\place-a-delivery-order-in-us-paying-with-cash\baseline.png,C:\Users\gilsa\Documents\Repos\Generat-Test-Automation-Architecture-TS\gTAA\visual-results\desktop-b3fdd021-53b1-4bb5-85eb-9ead00a35497\checkout\checkout_order_summary\web\desktop\place-a-delivery-order-in-us-paying-with-cash\actual.png,,,,0.005,SKIP,30181,,GTAA_BASELINE,gTAA,local-batch,0,NOT_AVAILABLE,NOT_AVAILABLE,playwright,web,desktop,2026-06-09T17:38:55.916Z
desktop-b3fdd021-53b1-4bb5-85eb-9ead00a35497,checkout_order_summary,orderDetailsList,orderTotalValue,web,desktop,C:\Users\gilsa\Documents\Repos\Generat-Test-Automation-Architecture-TS\gTAA\visual-baselines\checkout\checkout_order_summary\web\desktop\place-a-delivery-order-in-mx-paying-with-cash\baseline.png,C:\Users\gilsa\Documents\Repos\Generat-Test-Automation-Architecture-TS\gTAA\visual-results\desktop-b3fdd021-53b1-4bb5-85eb-9ead00a35497\checkout\checkout_order_summary\web\desktop\place-a-delivery-order-in-mx-paying-with-cash\actual.png,,,,0.005,SKIP,30162,,GTAA_BASELINE,gTAA,local-batch,0,NOT_AVAILABLE,NOT_AVAILABLE,playwright,web,desktop,2026-06-09T17:38:55.916Z
desktop-b3fdd021-53b1-4bb5-85eb-9ead00a35497,checkout_order_summary,orderDetailsList,orderTotalValue,web,desktop,C:\Users\gilsa\Documents\Repos\Generat-Test-Automation-Architecture-TS\gTAA\visual-baselines\checkout\checkout_order_summary\web\desktop\place-a-delivery-order-in-ch-paying-with-cash\baseline.png,C:\Users\gilsa\Documents\Repos\Generat-Test-Automation-Architecture-TS\gTAA\visual-results\desktop-b3fdd021-53b1-4bb5-85eb-9ead00a35497\checkout\checkout_order_summary\web\desktop\place-a-delivery-order-in-ch-paying-with-cash\actual.png,,,,0.005,SKIP,30159,,GTAA_BASELINE,gTAA,local-batch,0,NOT_AVAILABLE,NOT_AVAILABLE,playwright,web,desktop,2026-06-09T17:38:55.916Z
desktop-b3fdd021-53b1-4bb5-85eb-9ead00a35497,checkout_order_summary,orderDetailsList,orderTotalValue,web,desktop,C:\Users\gilsa\Documents\Repos\Generat-Test-Automation-Architecture-TS\gTAA\visual-baselines\checkout\checkout_order_summary\web\desktop\place-a-delivery-order-in-jp-paying-with-cash\baseline.png,C:\Users\gilsa\Documents\Repos\Generat-Test-Automation-Architecture-TS\gTAA\visual-results\desktop-b3fdd021-53b1-4bb5-85eb-9ead00a35497\checkout\checkout_order_summary\web\desktop\place-a-delivery-order-in-jp-paying-with-cash\actual.png,,,,0.005,SKIP,30153,,GTAA_BASELINE,gTAA,local-batch,0,NOT_AVAILABLE,NOT_AVAILABLE,playwright,web,desktop,2026-06-09T17:38:55.916Z
desktop-b3fdd021-53b1-4bb5-85eb-9ead00a35497,login_screen_invalid_credentials,loginScreen,usernameInput;passwordInput,web,desktop,C:\Users\gilsa\Documents\Repos\Generat-Test-Automation-Architecture-TS\gTAA\visual-baselines\login\login_screen_invalid_credentials\web\desktop\login-rejected-when-username-is-missing\baseline.png,C:\Users\gilsa\Documents\Repos\Generat-Test-Automation-Architecture-TS\gTAA\visual-results\desktop-b3fdd021-53b1-4bb5-85eb-9ead00a35497\login\login_screen_invalid_credentials\web\desktop\login-rejected-when-username-is-missing\actual.png,,,,0.01,SKIP,1410,,GTAA_BASELINE,gTAA,local-batch,0,NOT_AVAILABLE,NOT_AVAILABLE,playwright,web,desktop,2026-06-09T17:38:55.916Z
desktop-b3fdd021-53b1-4bb5-85eb-9ead00a35497,login_screen_invalid_credentials,loginScreen,usernameInput;passwordInput,web,desktop,C:\Users\gilsa\Documents\Repos\Generat-Test-Automation-Architecture-TS\gTAA\visual-baselines\login\login_screen_invalid_credentials\web\desktop\login-rejected-when-password-is-missing\baseline.png,C:\Users\gilsa\Documents\Repos\Generat-Test-Automation-Architecture-TS\gTAA\visual-results\desktop-b3fdd021-53b1-4bb5-85eb-9ead00a35497\login\login_screen_invalid_credentials\web\desktop\login-rejected-when-password-is-missing\actual.png,,,,0.01,SKIP,1454,,GTAA_BASELINE,gTAA,local-batch,0,NOT_AVAILABLE,NOT_AVAILABLE,playwright,web,desktop,2026-06-09T17:38:55.916Z
desktop-b3fdd021-53b1-4bb5-85eb-9ead00a35497,login_screen_invalid_credentials,loginScreen,usernameInput;passwordInput,web,desktop,C:\Users\gilsa\Documents\Repos\Generat-Test-Automation-Architecture-TS\gTAA\visual-baselines\login\login_screen_invalid_credentials\web\desktop\login-rejected-when-both-fields-are-empty\baseline.png,C:\Users\gilsa\Documents\Repos\Generat-Test-Automation-Architecture-TS\gTAA\visual-results\desktop-b3fdd021-53b1-4bb5-85eb-9ead00a35497\login\login_screen_invalid_credentials\web\desktop\login-rejected-when-both-fields-are-empty\actual.png,,,,0.01,SKIP,1521,,GTAA_BASELINE,gTAA,local-batch,0,NOT_AVAILABLE,NOT_AVAILABLE,playwright,web,desktop,2026-06-09T17:38:55.916Z
desktop-b3fdd021-53b1-4bb5-85eb-9ead00a35497,login_screen_invalid_credentials,loginScreen,usernameInput;passwordInput,web,desktop,C:\Users\gilsa\Documents\Repos\Generat-Test-Automation-Architecture-TS\gTAA\visual-baselines\login\login_screen_invalid_credentials\web\desktop\login-rejected-when-credentials-are-wrong\baseline.png,C:\Users\gilsa\Documents\Repos\Generat-Test-Automation-Architecture-TS\gTAA\visual-results\desktop-b3fdd021-53b1-4bb5-85eb-9ead00a35497\login\login_screen_invalid_credentials\web\desktop\login-rejected-when-credentials-are-wrong\actual.png,,,,0.01,SKIP,195,,GTAA_BASELINE,gTAA,local-batch,0,NOT_AVAILABLE,NOT_AVAILABLE,playwright,web,desktop,2026-06-09T17:38:55.916Z
desktop-b3fdd021-53b1-4bb5-85eb-9ead00a35497,login_screen_invalid_credentials,loginScreen,usernameInput;passwordInput,web,desktop,C:\Users\gilsa\Documents\Repos\Generat-Test-Automation-Architecture-TS\gTAA\visual-baselines\login\login_screen_invalid_credentials\web\desktop\login-rejected-when-user-is-locked-out\baseline.png,C:\Users\gilsa\Documents\Repos\Generat-Test-Automation-Architecture-TS\gTAA\visual-results\desktop-b3fdd021-53b1-4bb5-85eb-9ead00a35497\login\login_screen_invalid_credentials\web\desktop\login-rejected-when-user-is-locked-out\actual.png,,,,0.01,SKIP,1209,,GTAA_BASELINE,gTAA,local-batch,0,NOT_AVAILABLE,NOT_AVAILABLE,playwright,web,desktop,2026-06-09T17:38:55.916Z
desktop-b3fdd021-53b1-4bb5-85eb-9ead00a35497,login_screen_localized,logoutButton,,web,desktop,C:\Users\gilsa\Documents\Repos\Generat-Test-Automation-Architecture-TS\gTAA\visual-baselines\login\login_screen_localized\web\desktop\us\english\logout-label-is-translated-to-english-after-market-us\baseline.png,C:\Users\gilsa\Documents\Repos\Generat-Test-Automation-Architecture-TS\gTAA\visual-results\desktop-b3fdd021-53b1-4bb5-85eb-9ead00a35497\login\login_screen_localized\web\desktop\us\english\logout-label-is-translated-to-english-after-market-us\actual.png,,,,0.02,SKIP,1629,,GTAA_BASELINE,gTAA,local-batch,0,NOT_AVAILABLE,NOT_AVAILABLE,playwright,web,desktop,2026-06-09T17:38:55.916Z
desktop-b3fdd021-53b1-4bb5-85eb-9ead00a35497,login_screen_localized,logoutButton,,web,desktop,C:\Users\gilsa\Documents\Repos\Generat-Test-Automation-Architecture-TS\gTAA\visual-baselines\login\login_screen_localized\web\desktop\mx\spanish\logout-label-is-translated-to-spanish-after-market-mx\baseline.png,C:\Users\gilsa\Documents\Repos\Generat-Test-Automation-Architecture-TS\gTAA\visual-results\desktop-b3fdd021-53b1-4bb5-85eb-9ead00a35497\login\login_screen_localized\web\desktop\mx\spanish\logout-label-is-translated-to-spanish-after-market-mx\actual.png,,,,0.02,SKIP,1701,,GTAA_BASELINE,gTAA,local-batch,0,NOT_AVAILABLE,NOT_AVAILABLE,playwright,web,desktop,2026-06-09T17:38:55.916Z
desktop-b3fdd021-53b1-4bb5-85eb-9ead00a35497,login_screen_localized,logoutButton,,web,desktop,C:\Users\gilsa\Documents\Repos\Generat-Test-Automation-Architecture-TS\gTAA\visual-baselines\login\login_screen_localized\web\desktop\ch\german\logout-label-is-translated-to-german-after-market-ch\baseline.png,C:\Users\gilsa\Documents\Repos\Generat-Test-Automation-Architecture-TS\gTAA\visual-results\desktop-b3fdd021-53b1-4bb5-85eb-9ead00a35497\login\login_screen_localized\web\desktop\ch\german\logout-label-is-translated-to-german-after-market-ch\actual.png,,,,0.02,SKIP,1719,,GTAA_BASELINE,gTAA,local-batch,0,NOT_AVAILABLE,NOT_AVAILABLE,playwright,web,desktop,2026-06-09T17:38:55.916Z
desktop-b3fdd021-53b1-4bb5-85eb-9ead00a35497,login_screen_localized,logoutButton,,web,desktop,C:\Users\gilsa\Documents\Repos\Generat-Test-Automation-Architecture-TS\gTAA\visual-baselines\login\login_screen_localized\web\desktop\ch\french\logout-label-is-translated-to-french-after-market-ch\baseline.png,C:\Users\gilsa\Documents\Repos\Generat-Test-Automation-Architecture-TS\gTAA\visual-results\desktop-b3fdd021-53b1-4bb5-85eb-9ead00a35497\login\login_screen_localized\web\desktop\ch\french\logout-label-is-translated-to-french-after-market-ch\actual.png,,,,0.02,SKIP,1549,,GTAA_BASELINE,gTAA,local-batch,0,NOT_AVAILABLE,NOT_AVAILABLE,playwright,web,desktop,2026-06-09T17:38:55.916Z
desktop-b3fdd021-53b1-4bb5-85eb-9ead00a35497,login_screen_localized,logoutButton,,web,desktop,C:\Users\gilsa\Documents\Repos\Generat-Test-Automation-Architecture-TS\gTAA\visual-baselines\login\login_screen_localized\web\desktop\jp\japanese\logout-label-is-translated-to-japanese-after-market-jp\baseline.png,C:\Users\gilsa\Documents\Repos\Generat-Test-Automation-Architecture-TS\gTAA\visual-results\desktop-b3fdd021-53b1-4bb5-85eb-9ead00a35497\login\login_screen_localized\web\desktop\jp\japanese\logout-label-is-translated-to-japanese-after-market-jp\actual.png,,,,0.02,SKIP,1805,,GTAA_BASELINE,gTAA,local-batch,0,NOT_AVAILABLE,NOT_AVAILABLE,playwright,web,desktop,2026-06-09T17:38:55.916Z
desktop-b3fdd021-53b1-4bb5-85eb-9ead00a35497,navbar_desktop_strip,navLogo,,web,desktop,C:\Users\gilsa\Documents\Repos\Generat-Test-Automation-Architecture-TS\gTAA\visual-baselines\navbar\navbar_desktop_strip\web\desktop\us\en\desktop-navbar-links-are-present-in-us\baseline.png,C:\Users\gilsa\Documents\Repos\Generat-Test-Automation-Architecture-TS\gTAA\visual-results\desktop-b3fdd021-53b1-4bb5-85eb-9ead00a35497\navbar\navbar_desktop_strip\web\desktop\us\en\desktop-navbar-links-are-present-in-us\actual.png,,,,0.01,SKIP,1446,,GTAA_BASELINE,gTAA,local-batch,0,NOT_AVAILABLE,NOT_AVAILABLE,playwright,web,desktop,2026-06-09T17:38:55.916Z
desktop-b3fdd021-53b1-4bb5-85eb-9ead00a35497,navbar_desktop_strip,navLogo,,web,desktop,C:\Users\gilsa\Documents\Repos\Generat-Test-Automation-Architecture-TS\gTAA\visual-baselines\navbar\navbar_desktop_strip\web\desktop\mx\es\desktop-navbar-links-are-present-in-mx\baseline.png,C:\Users\gilsa\Documents\Repos\Generat-Test-Automation-Architecture-TS\gTAA\visual-results\desktop-b3fdd021-53b1-4bb5-85eb-9ead00a35497\navbar\navbar_desktop_strip\web\desktop\mx\es\desktop-navbar-links-are-present-in-mx\actual.png,,,,0.01,SKIP,1391,,GTAA_BASELINE,gTAA,local-batch,0,NOT_AVAILABLE,NOT_AVAILABLE,playwright,web,desktop,2026-06-09T17:38:55.916Z
desktop-b3fdd021-53b1-4bb5-85eb-9ead00a35497,navbar_desktop_strip,navLogo,,web,desktop,C:\Users\gilsa\Documents\Repos\Generat-Test-Automation-Architecture-TS\gTAA\visual-baselines\navbar\navbar_desktop_strip\web\desktop\ch\de\desktop-navbar-links-are-present-in-ch\baseline.png,C:\Users\gilsa\Documents\Repos\Generat-Test-Automation-Architecture-TS\gTAA\visual-results\desktop-b3fdd021-53b1-4bb5-85eb-9ead00a35497\navbar\navbar_desktop_strip\web\desktop\ch\de\desktop-navbar-links-are-present-in-ch\actual.png,,,,0.01,SKIP,1396,,GTAA_BASELINE,gTAA,local-batch,0,NOT_AVAILABLE,NOT_AVAILABLE,playwright,web,desktop,2026-06-09T17:38:55.916Z
desktop-b3fdd021-53b1-4bb5-85eb-9ead00a35497,navbar_desktop_strip,navLogo,,web,desktop,C:\Users\gilsa\Documents\Repos\Generat-Test-Automation-Architecture-TS\gTAA\visual-baselines\navbar\navbar_desktop_strip\web\desktop\ch\fr\desktop-navbar-links-are-present-in-ch\baseline.png,C:\Users\gilsa\Documents\Repos\Generat-Test-Automation-Architecture-TS\gTAA\visual-results\desktop-b3fdd021-53b1-4bb5-85eb-9ead00a35497\navbar\navbar_desktop_strip\web\desktop\ch\fr\desktop-navbar-links-are-present-in-ch\actual.png,,,,0.01,SKIP,1451,,GTAA_BASELINE,gTAA,local-batch,0,NOT_AVAILABLE,NOT_AVAILABLE,playwright,web,desktop,2026-06-09T17:38:55.916Z
desktop-b3fdd021-53b1-4bb5-85eb-9ead00a35497,navbar_desktop_strip,navLogo,,web,desktop,C:\Users\gilsa\Documents\Repos\Generat-Test-Automation-Architecture-TS\gTAA\visual-baselines\navbar\navbar_desktop_strip\web\desktop\jp\ja\desktop-navbar-links-are-present-in-jp\baseline.png,C:\Users\gilsa\Documents\Repos\Generat-Test-Automation-Architecture-TS\gTAA\visual-results\desktop-b3fdd021-53b1-4bb5-85eb-9ead00a35497\navbar\navbar_desktop_strip\web\desktop\jp\ja\desktop-navbar-links-are-present-in-jp\actual.png,,,,0.01,SKIP,1339,,GTAA_BASELINE,gTAA,local-batch,0,NOT_AVAILABLE,NOT_AVAILABLE,playwright,web,desktop,2026-06-09T17:38:55.916Z
desktop-b3fdd021-53b1-4bb5-85eb-9ead00a35497,navbar_header_language_switcher,languageDEButton,,web,desktop,C:\Users\gilsa\Documents\Repos\Generat-Test-Automation-Architecture-TS\gTAA\visual-baselines\navbar\navbar_header_language_switcher\web\desktop\ch\fr\header-language-switcher-updates-the-locale-in-ch-de-fr\baseline.png,C:\Users\gilsa\Documents\Repos\Generat-Test-Automation-Architecture-TS\gTAA\visual-results\desktop-b3fdd021-53b1-4bb5-85eb-9ead00a35497\navbar\navbar_header_language_switcher\web\desktop\ch\fr\header-language-switcher-updates-the-locale-in-ch-de-fr\actual.png,,,,0.02,SKIP,1533,,GTAA_BASELINE,gTAA,local-batch,0,NOT_AVAILABLE,NOT_AVAILABLE,playwright,web,desktop,2026-06-09T17:38:55.916Z
desktop-b3fdd021-53b1-4bb5-85eb-9ead00a35497,navbar_header_language_switcher,languageDEButton,,web,desktop,C:\Users\gilsa\Documents\Repos\Generat-Test-Automation-Architecture-TS\gTAA\visual-baselines\navbar\navbar_header_language_switcher\web\desktop\ch\de\header-language-switcher-updates-the-locale-in-ch-fr-de\baseline.png,C:\Users\gilsa\Documents\Repos\Generat-Test-Automation-Architecture-TS\gTAA\visual-results\desktop-b3fdd021-53b1-4bb5-85eb-9ead00a35497\navbar\navbar_header_language_switcher\web\desktop\ch\de\header-language-switcher-updates-the-locale-in-ch-fr-de\actual.png,,,,0.02,SKIP,1559,,GTAA_BASELINE,gTAA,local-batch,0,NOT_AVAILABLE,NOT_AVAILABLE,playwright,web,desktop,2026-06-09T17:38:55.916Z
desktop-b3fdd021-53b1-4bb5-85eb-9ead00a35497,order_success_screen_landed,orderSuccessScreen,orderIdLabel;orderTotalText;timeEstimateText,web,desktop,C:\Users\gilsa\Documents\Repos\Generat-Test-Automation-Architecture-TS\gTAA\visual-baselines\order_success\order_success_screen_landed\web\desktop\us\en\order-success-screen-in-us-en-shows-tracking-courier\baseline.png,C:\Users\gilsa\Documents\Repos\Generat-Test-Automation-Architecture-TS\gTAA\visual-results\desktop-b3fdd021-53b1-4bb5-85eb-9ead00a35497\order_success\order_success_screen_landed\web\desktop\us\en\order-success-screen-in-us-en-shows-tracking-courier\actual.png,,,,0.01,SKIP,622,,GTAA_BASELINE,gTAA,local-batch,0,NOT_AVAILABLE,NOT_AVAILABLE,playwright,web,desktop,2026-06-09T17:38:55.916Z
desktop-b3fdd021-53b1-4bb5-85eb-9ead00a35497,order_success_screen_landed,orderSuccessScreen,orderIdLabel;orderTotalText;timeEstimateText,web,desktop,C:\Users\gilsa\Documents\Repos\Generat-Test-Automation-Architecture-TS\gTAA\visual-baselines\order_success\order_success_screen_landed\web\desktop\mx\es\order-success-screen-in-mx-es-shows-tracking-courier\baseline.png,C:\Users\gilsa\Documents\Repos\Generat-Test-Automation-Architecture-TS\gTAA\visual-results\desktop-b3fdd021-53b1-4bb5-85eb-9ead00a35497\order_success\order_success_screen_landed\web\desktop\mx\es\order-success-screen-in-mx-es-shows-tracking-courier\actual.png,,,,0.01,SKIP,554,,GTAA_BASELINE,gTAA,local-batch,0,NOT_AVAILABLE,NOT_AVAILABLE,playwright,web,desktop,2026-06-09T17:38:55.916Z
desktop-b3fdd021-53b1-4bb5-85eb-9ead00a35497,order_success_screen_landed,orderSuccessScreen,orderIdLabel;orderTotalText;timeEstimateText,web,desktop,C:\Users\gilsa\Documents\Repos\Generat-Test-Automation-Architecture-TS\gTAA\visual-baselines\order_success\order_success_screen_landed\web\desktop\ch\de\order-success-screen-in-ch-de-shows-tracking-courier\baseline.png,C:\Users\gilsa\Documents\Repos\Generat-Test-Automation-Architecture-TS\gTAA\visual-results\desktop-b3fdd021-53b1-4bb5-85eb-9ead00a35497\order_success\order_success_screen_landed\web\desktop\ch\de\order-success-screen-in-ch-de-shows-tracking-courier\actual.png,,,,0.01,SKIP,567,,GTAA_BASELINE,gTAA,local-batch,0,NOT_AVAILABLE,NOT_AVAILABLE,playwright,web,desktop,2026-06-09T17:38:55.916Z
desktop-b3fdd021-53b1-4bb5-85eb-9ead00a35497,order_success_screen_landed,orderSuccessScreen,orderIdLabel;orderTotalText;timeEstimateText,web,desktop,C:\Users\gilsa\Documents\Repos\Generat-Test-Automation-Architecture-TS\gTAA\visual-baselines\order_success\order_success_screen_landed\web\desktop\ch\fr\order-success-screen-in-ch-fr-shows-tracking-courier\baseline.png,C:\Users\gilsa\Documents\Repos\Generat-Test-Automation-Architecture-TS\gTAA\visual-results\desktop-b3fdd021-53b1-4bb5-85eb-9ead00a35497\order_success\order_success_screen_landed\web\desktop\ch\fr\order-success-screen-in-ch-fr-shows-tracking-courier\actual.png,,,,0.01,SKIP,542,,GTAA_BASELINE,gTAA,local-batch,0,NOT_AVAILABLE,NOT_AVAILABLE,playwright,web,desktop,2026-06-09T17:38:55.916Z
desktop-b3fdd021-53b1-4bb5-85eb-9ead00a35497,order_success_screen_landed,orderSuccessScreen,orderIdLabel;orderTotalText;timeEstimateText,web,desktop,C:\Users\gilsa\Documents\Repos\Generat-Test-Automation-Architecture-TS\gTAA\visual-baselines\order_success\order_success_screen_landed\web\desktop\jp\ja\order-success-screen-in-jp-ja-shows-tracking-courier\baseline.png,C:\Users\gilsa\Documents\Repos\Generat-Test-Automation-Architecture-TS\gTAA\visual-results\desktop-b3fdd021-53b1-4bb5-85eb-9ead00a35497\order_success\order_success_screen_landed\web\desktop\jp\ja\order-success-screen-in-jp-ja-shows-tracking-courier\actual.png,,,,0.01,SKIP,489,,GTAA_BASELINE,gTAA,local-batch,0,NOT_AVAILABLE,NOT_AVAILABLE,playwright,web,desktop,2026-06-09T17:38:55.916Z
desktop-b3fdd021-53b1-4bb5-85eb-9ead00a35497,pizzaBuilder_confirm_state,confirmAddToCartButton,,web,desktop,C:\Users\gilsa\Documents\Repos\Generat-Test-Automation-Architecture-TS\gTAA\visual-baselines\pizzaBuilder\pizzaBuilder_confirm_state\web\desktop\confirming-add-to-cart-closes-the-builder-and-increments-the-navbar-cart-count-i\baseline.png,C:\Users\gilsa\Documents\Repos\Generat-Test-Automation-Architecture-TS\gTAA\visual-results\desktop-b3fdd021-53b1-4bb5-85eb-9ead00a35497\pizzaBuilder\pizzaBuilder_confirm_state\web\desktop\confirming-add-to-cart-closes-the-builder-and-increments-the-navbar-cart-count-i\actual.png,,,,0.005,SKIP,30263,,GTAA_BASELINE,gTAA,local-batch,0,NOT_AVAILABLE,NOT_AVAILABLE,playwright,web,desktop,2026-06-09T17:38:55.916Z
desktop-b3fdd021-53b1-4bb5-85eb-9ead00a35497,pizzaBuilder_confirm_state,confirmAddToCartButton,,web,desktop,C:\Users\gilsa\Documents\Repos\Generat-Test-Automation-Architecture-TS\gTAA\visual-baselines\pizzaBuilder\pizzaBuilder_confirm_state\web\desktop\confirming-add-to-cart-closes-the-builder-and-increments-the-navbar-cart-count-i\baseline.png,C:\Users\gilsa\Documents\Repos\Generat-Test-Automation-Architecture-TS\gTAA\visual-results\desktop-b3fdd021-53b1-4bb5-85eb-9ead00a35497\pizzaBuilder\pizzaBuilder_confirm_state\web\desktop\confirming-add-to-cart-closes-the-builder-and-increments-the-navbar-cart-count-i\actual.png,C:\Users\gilsa\Documents\Repos\Generat-Test-Automation-Architecture-TS\gTAA\visual-results\desktop-b3fdd021-53b1-4bb5-85eb-9ead00a35497\pizzaBuilder\pizzaBuilder_confirm_state\web\desktop\confirming-add-to-cart-closes-the-builder-and-increments-the-navbar-cart-count-i\diff.png,4126,0.0013592399325321526,0.005,PASS,30709,,GTAA_BASELINE,gTAA,local-batch,0,NOT_AVAILABLE,NOT_AVAILABLE,playwright,web,desktop,2026-06-09T17:38:55.916Z
desktop-b3fdd021-53b1-4bb5-85eb-9ead00a35497,pizzaBuilder_confirm_state,confirmAddToCartButton,,web,desktop,C:\Users\gilsa\Documents\Repos\Generat-Test-Automation-Architecture-TS\gTAA\visual-baselines\pizzaBuilder\pizzaBuilder_confirm_state\web\desktop\confirming-add-to-cart-closes-the-builder-and-increments-the-navbar-cart-count-i\baseline.png,C:\Users\gilsa\Documents\Repos\Generat-Test-Automation-Architecture-TS\gTAA\visual-results\desktop-b3fdd021-53b1-4bb5-85eb-9ead00a35497\pizzaBuilder\pizzaBuilder_confirm_state\web\desktop\confirming-add-to-cart-closes-the-builder-and-increments-the-navbar-cart-count-i\actual.png,C:\Users\gilsa\Documents\Repos\Generat-Test-Automation-Architecture-TS\gTAA\visual-results\desktop-b3fdd021-53b1-4bb5-85eb-9ead00a35497\pizzaBuilder\pizzaBuilder_confirm_state\web\desktop\confirming-add-to-cart-closes-the-builder-and-increments-the-navbar-cart-count-i\diff.png,84380,0.02779754374868227,0.005,FAIL,30720,VISUAL_DIFF_FAILURE,GTAA_BASELINE,gTAA,local-batch,0,NOT_AVAILABLE,NOT_AVAILABLE,playwright,web,desktop,2026-06-09T17:38:55.916Z
desktop-b3fdd021-53b1-4bb5-85eb-9ead00a35497,pizzaBuilder_confirm_state,confirmAddToCartButton,,web,desktop,C:\Users\gilsa\Documents\Repos\Generat-Test-Automation-Architecture-TS\gTAA\visual-baselines\pizzaBuilder\pizzaBuilder_confirm_state\web\desktop\confirming-add-to-cart-closes-the-builder-and-increments-the-navbar-cart-count-i\baseline.png,C:\Users\gilsa\Documents\Repos\Generat-Test-Automation-Architecture-TS\gTAA\visual-results\desktop-b3fdd021-53b1-4bb5-85eb-9ead00a35497\pizzaBuilder\pizzaBuilder_confirm_state\web\desktop\confirming-add-to-cart-closes-the-builder-and-increments-the-navbar-cart-count-i\actual.png,C:\Users\gilsa\Documents\Repos\Generat-Test-Automation-Architecture-TS\gTAA\visual-results\desktop-b3fdd021-53b1-4bb5-85eb-9ead00a35497\pizzaBuilder\pizzaBuilder_confirm_state\web\desktop\confirming-add-to-cart-closes-the-builder-and-increments-the-navbar-cart-count-i\diff.png,84380,0.02779754374868227,0.005,FAIL,30618,VISUAL_DIFF_FAILURE,GTAA_BASELINE,gTAA,local-batch,0,NOT_AVAILABLE,NOT_AVAILABLE,playwright,web,desktop,2026-06-09T17:38:55.916Z
desktop-b3fdd021-53b1-4bb5-85eb-9ead00a35497,pizzaBuilder_confirm_state,confirmAddToCartButton,,web,desktop,C:\Users\gilsa\Documents\Repos\Generat-Test-Automation-Architecture-TS\gTAA\visual-baselines\pizzaBuilder\pizzaBuilder_confirm_state\web\desktop\confirming-add-to-cart-closes-the-builder-and-increments-the-navbar-cart-count-i\baseline.png,C:\Users\gilsa\Documents\Repos\Generat-Test-Automation-Architecture-TS\gTAA\visual-results\desktop-b3fdd021-53b1-4bb5-85eb-9ead00a35497\pizzaBuilder\pizzaBuilder_confirm_state\web\desktop\confirming-add-to-cart-closes-the-builder-and-increments-the-navbar-cart-count-i\actual.png,C:\Users\gilsa\Documents\Repos\Generat-Test-Automation-Architecture-TS\gTAA\visual-results\desktop-b3fdd021-53b1-4bb5-85eb-9ead00a35497\pizzaBuilder\pizzaBuilder_confirm_state\web\desktop\confirming-add-to-cart-closes-the-builder-and-increments-the-navbar-cart-count-i\diff.png,817,0.00026914663714948346,0.005,PASS,30611,,GTAA_BASELINE,gTAA,local-batch,0,NOT_AVAILABLE,NOT_AVAILABLE,playwright,web,desktop,2026-06-09T17:38:55.916Z
desktop-b3fdd021-53b1-4bb5-85eb-9ead00a35497,pizzaBuilder_size_selected,sizeOptionsList,,web,desktop,C:\Users\gilsa\Documents\Repos\Generat-Test-Automation-Architecture-TS\gTAA\visual-baselines\pizzaBuilder\pizzaBuilder_size_selected\web\desktop\selecting-a-size-updates-the-estimated-total-for-pepperoni-in-us\baseline.png,C:\Users\gilsa\Documents\Repos\Generat-Test-Automation-Architecture-TS\gTAA\visual-results\desktop-b3fdd021-53b1-4bb5-85eb-9ead00a35497\pizzaBuilder\pizzaBuilder_size_selected\web\desktop\selecting-a-size-updates-the-estimated-total-for-pepperoni-in-us\actual.png,,,,0.01,SKIP,1457,,GTAA_BASELINE,gTAA,local-batch,0,NOT_AVAILABLE,NOT_AVAILABLE,playwright,web,desktop,2026-06-09T17:38:55.916Z
desktop-b3fdd021-53b1-4bb5-85eb-9ead00a35497,pizzaBuilder_size_selected,sizeOptionsList,,web,desktop,C:\Users\gilsa\Documents\Repos\Generat-Test-Automation-Architecture-TS\gTAA\visual-baselines\pizzaBuilder\pizzaBuilder_size_selected\web\desktop\selecting-a-size-updates-the-estimated-total-for-margherita-in-mx\baseline.png,C:\Users\gilsa\Documents\Repos\Generat-Test-Automation-Architecture-TS\gTAA\visual-results\desktop-b3fdd021-53b1-4bb5-85eb-9ead00a35497\pizzaBuilder\pizzaBuilder_size_selected\web\desktop\selecting-a-size-updates-the-estimated-total-for-margherita-in-mx\actual.png,,,,0.01,SKIP,1408,,GTAA_BASELINE,gTAA,local-batch,0,NOT_AVAILABLE,NOT_AVAILABLE,playwright,web,desktop,2026-06-09T17:38:55.916Z
desktop-b3fdd021-53b1-4bb5-85eb-9ead00a35497,pizzaBuilder_size_selected,sizeOptionsList,,web,desktop,C:\Users\gilsa\Documents\Repos\Generat-Test-Automation-Architecture-TS\gTAA\visual-baselines\pizzaBuilder\pizzaBuilder_size_selected\web\desktop\selecting-a-size-updates-the-estimated-total-for-marinara-in-ch\baseline.png,C:\Users\gilsa\Documents\Repos\Generat-Test-Automation-Architecture-TS\gTAA\visual-results\desktop-b3fdd021-53b1-4bb5-85eb-9ead00a35497\pizzaBuilder\pizzaBuilder_size_selected\web\desktop\selecting-a-size-updates-the-estimated-total-for-marinara-in-ch\actual.png,,,,0.01,SKIP,1383,,GTAA_BASELINE,gTAA,local-batch,0,NOT_AVAILABLE,NOT_AVAILABLE,playwright,web,desktop,2026-06-09T17:38:55.916Z
desktop-b3fdd021-53b1-4bb5-85eb-9ead00a35497,pizzaBuilder_size_selected,sizeOptionsList,,web,desktop,C:\Users\gilsa\Documents\Repos\Generat-Test-Automation-Architecture-TS\gTAA\visual-baselines\pizzaBuilder\pizzaBuilder_size_selected\web\desktop\selecting-a-size-updates-the-estimated-total-for-marinara-in-ch\baseline.png,C:\Users\gilsa\Documents\Repos\Generat-Test-Automation-Architecture-TS\gTAA\visual-results\desktop-b3fdd021-53b1-4bb5-85eb-9ead00a35497\pizzaBuilder\pizzaBuilder_size_selected\web\desktop\selecting-a-size-updates-the-estimated-total-for-marinara-in-ch\actual.png,C:\Users\gilsa\Documents\Repos\Generat-Test-Automation-Architecture-TS\gTAA\visual-results\desktop-b3fdd021-53b1-4bb5-85eb-9ead00a35497\pizzaBuilder\pizzaBuilder_size_selected\web\desktop\selecting-a-size-updates-the-estimated-total-for-marinara-in-ch\diff.png,0,0,0.01,PASS,1567,,GTAA_BASELINE,gTAA,local-batch,0,NOT_AVAILABLE,NOT_AVAILABLE,playwright,web,desktop,2026-06-09T17:38:55.916Z
desktop-b3fdd021-53b1-4bb5-85eb-9ead00a35497,pizzaBuilder_size_selected,sizeOptionsList,,web,desktop,C:\Users\gilsa\Documents\Repos\Generat-Test-Automation-Architecture-TS\gTAA\visual-baselines\pizzaBuilder\pizzaBuilder_size_selected\web\desktop\selecting-a-size-updates-the-estimated-total-for-pepperoni-in-jp\baseline.png,C:\Users\gilsa\Documents\Repos\Generat-Test-Automation-Architecture-TS\gTAA\visual-results\desktop-b3fdd021-53b1-4bb5-85eb-9ead00a35497\pizzaBuilder\pizzaBuilder_size_selected\web\desktop\selecting-a-size-updates-the-estimated-total-for-pepperoni-in-jp\actual.png,,,,0.01,SKIP,1408,,GTAA_BASELINE,gTAA,local-batch,0,NOT_AVAILABLE,NOT_AVAILABLE,playwright,web,desktop,2026-06-09T17:38:55.916Z
desktop-b3fdd021-53b1-4bb5-85eb-9ead00a35497,pizzaBuilder_toppings_selected,toppingsList,customizerPriceText,web,desktop,C:\Users\gilsa\Documents\Repos\Generat-Test-Automation-Architecture-TS\gTAA\visual-baselines\pizzaBuilder\pizzaBuilder_toppings_selected\web\desktop\selecting-toppings-updates-the-estimated-total-for-pepperoni-in-us\baseline.png,C:\Users\gilsa\Documents\Repos\Generat-Test-Automation-Architecture-TS\gTAA\visual-results\desktop-b3fdd021-53b1-4bb5-85eb-9ead00a35497\pizzaBuilder\pizzaBuilder_toppings_selected\web\desktop\selecting-toppings-updates-the-estimated-total-for-pepperoni-in-us\actual.png,,,,0.01,SKIP,1348,,GTAA_BASELINE,gTAA,local-batch,0,NOT_AVAILABLE,NOT_AVAILABLE,playwright,web,desktop,2026-06-09T17:38:55.916Z
desktop-b3fdd021-53b1-4bb5-85eb-9ead00a35497,pizzaBuilder_toppings_selected,toppingsList,customizerPriceText,web,desktop,C:\Users\gilsa\Documents\Repos\Generat-Test-Automation-Architecture-TS\gTAA\visual-baselines\pizzaBuilder\pizzaBuilder_toppings_selected\web\desktop\selecting-toppings-updates-the-estimated-total-for-margherita-in-mx\baseline.png,C:\Users\gilsa\Documents\Repos\Generat-Test-Automation-Architecture-TS\gTAA\visual-results\desktop-b3fdd021-53b1-4bb5-85eb-9ead00a35497\pizzaBuilder\pizzaBuilder_toppings_selected\web\desktop\selecting-toppings-updates-the-estimated-total-for-margherita-in-mx\actual.png,,,,0.01,SKIP,1169,,GTAA_BASELINE,gTAA,local-batch,0,NOT_AVAILABLE,NOT_AVAILABLE,playwright,web,desktop,2026-06-09T17:38:55.916Z
desktop-b3fdd021-53b1-4bb5-85eb-9ead00a35497,pizzaBuilder_toppings_selected,toppingsList,customizerPriceText,web,desktop,C:\Users\gilsa\Documents\Repos\Generat-Test-Automation-Architecture-TS\gTAA\visual-baselines\pizzaBuilder\pizzaBuilder_toppings_selected\web\desktop\selecting-toppings-updates-the-estimated-total-for-marinara-in-ch\baseline.png,C:\Users\gilsa\Documents\Repos\Generat-Test-Automation-Architecture-TS\gTAA\visual-results\desktop-b3fdd021-53b1-4bb5-85eb-9ead00a35497\pizzaBuilder\pizzaBuilder_toppings_selected\web\desktop\selecting-toppings-updates-the-estimated-total-for-marinara-in-ch\actual.png,,,,0.01,SKIP,1409,,GTAA_BASELINE,gTAA,local-batch,0,NOT_AVAILABLE,NOT_AVAILABLE,playwright,web,desktop,2026-06-09T17:38:55.916Z
desktop-b3fdd021-53b1-4bb5-85eb-9ead00a35497,pizzaBuilder_toppings_selected,toppingsList,customizerPriceText,web,desktop,C:\Users\gilsa\Documents\Repos\Generat-Test-Automation-Architecture-TS\gTAA\visual-baselines\pizzaBuilder\pizzaBuilder_toppings_selected\web\desktop\selecting-toppings-updates-the-estimated-total-for-marinara-in-ch\baseline.png,C:\Users\gilsa\Documents\Repos\Generat-Test-Automation-Architecture-TS\gTAA\visual-results\desktop-b3fdd021-53b1-4bb5-85eb-9ead00a35497\pizzaBuilder\pizzaBuilder_toppings_selected\web\desktop\selecting-toppings-updates-the-estimated-total-for-marinara-in-ch\actual.png,C:\Users\gilsa\Documents\Repos\Generat-Test-Automation-Architecture-TS\gTAA\visual-results\desktop-b3fdd021-53b1-4bb5-85eb-9ead00a35497\pizzaBuilder\pizzaBuilder_toppings_selected\web\desktop\selecting-toppings-updates-the-estimated-total-for-marinara-in-ch\diff.png,0,0,0.01,PASS,1380,,GTAA_BASELINE,gTAA,local-batch,0,NOT_AVAILABLE,NOT_AVAILABLE,playwright,web,desktop,2026-06-09T17:38:55.916Z
desktop-b3fdd021-53b1-4bb5-85eb-9ead00a35497,pizzaBuilder_toppings_selected,toppingsList,customizerPriceText,web,desktop,C:\Users\gilsa\Documents\Repos\Generat-Test-Automation-Architecture-TS\gTAA\visual-baselines\pizzaBuilder\pizzaBuilder_toppings_selected\web\desktop\selecting-toppings-updates-the-estimated-total-for-pepperoni-in-jp\baseline.png,C:\Users\gilsa\Documents\Repos\Generat-Test-Automation-Architecture-TS\gTAA\visual-results\desktop-b3fdd021-53b1-4bb5-85eb-9ead00a35497\pizzaBuilder\pizzaBuilder_toppings_selected\web\desktop\selecting-toppings-updates-the-estimated-total-for-pepperoni-in-jp\actual.png,,,,0.01,SKIP,1301,,GTAA_BASELINE,gTAA,local-batch,0,NOT_AVAILABLE,NOT_AVAILABLE,playwright,web,desktop,2026-06-09T17:38:55.916Z
desktop-b3fdd021-53b1-4bb5-85eb-9ead00a35497,profile_card_render,profileFullNameInput,profileFullNameInput;profilePhoneNumberInput;notesInput,web,desktop,C:\Users\gilsa\Documents\Repos\Generat-Test-Automation-Architecture-TS\gTAA\visual-baselines\profile\profile_card_render\web\desktop\us\en\profile-renders-for-standard-user-in-us-en\baseline.png,C:\Users\gilsa\Documents\Repos\Generat-Test-Automation-Architecture-TS\gTAA\visual-results\desktop-b3fdd021-53b1-4bb5-85eb-9ead00a35497\profile\profile_card_render\web\desktop\us\en\profile-renders-for-standard-user-in-us-en\actual.png,,,,0.01,SKIP,807,,GTAA_BASELINE,gTAA,local-batch,0,NOT_AVAILABLE,NOT_AVAILABLE,playwright,web,desktop,2026-06-09T17:38:55.916Z
desktop-b3fdd021-53b1-4bb5-85eb-9ead00a35497,profile_card_render,profileFullNameInput,profileFullNameInput;profilePhoneNumberInput;notesInput,web,desktop,C:\Users\gilsa\Documents\Repos\Generat-Test-Automation-Architecture-TS\gTAA\visual-baselines\profile\profile_card_render\web\desktop\mx\es\profile-renders-for-standard-user-in-mx-es\baseline.png,C:\Users\gilsa\Documents\Repos\Generat-Test-Automation-Architecture-TS\gTAA\visual-results\desktop-b3fdd021-53b1-4bb5-85eb-9ead00a35497\profile\profile_card_render\web\desktop\mx\es\profile-renders-for-standard-user-in-mx-es\actual.png,,,,0.01,SKIP,826,,GTAA_BASELINE,gTAA,local-batch,0,NOT_AVAILABLE,NOT_AVAILABLE,playwright,web,desktop,2026-06-09T17:38:55.916Z
desktop-b3fdd021-53b1-4bb5-85eb-9ead00a35497,profile_card_render,profileFullNameInput,profileFullNameInput;profilePhoneNumberInput;notesInput,web,desktop,C:\Users\gilsa\Documents\Repos\Generat-Test-Automation-Architecture-TS\gTAA\visual-baselines\profile\profile_card_render\web\desktop\ch\de\profile-renders-for-standard-user-in-ch-de\baseline.png,C:\Users\gilsa\Documents\Repos\Generat-Test-Automation-Architecture-TS\gTAA\visual-results\desktop-b3fdd021-53b1-4bb5-85eb-9ead00a35497\profile\profile_card_render\web\desktop\ch\de\profile-renders-for-standard-user-in-ch-de\actual.png,,,,0.01,SKIP,847,,GTAA_BASELINE,gTAA,local-batch,0,NOT_AVAILABLE,NOT_AVAILABLE,playwright,web,desktop,2026-06-09T17:38:55.916Z
desktop-b3fdd021-53b1-4bb5-85eb-9ead00a35497,profile_card_render,profileFullNameInput,profileFullNameInput;profilePhoneNumberInput;notesInput,web,desktop,C:\Users\gilsa\Documents\Repos\Generat-Test-Automation-Architecture-TS\gTAA\visual-baselines\profile\profile_card_render\web\desktop\ch\fr\profile-renders-for-standard-user-in-ch-fr\baseline.png,C:\Users\gilsa\Documents\Repos\Generat-Test-Automation-Architecture-TS\gTAA\visual-results\desktop-b3fdd021-53b1-4bb5-85eb-9ead00a35497\profile\profile_card_render\web\desktop\ch\fr\profile-renders-for-standard-user-in-ch-fr\actual.png,,,,0.01,SKIP,788,,GTAA_BASELINE,gTAA,local-batch,0,NOT_AVAILABLE,NOT_AVAILABLE,playwright,web,desktop,2026-06-09T17:38:55.916Z
desktop-b3fdd021-53b1-4bb5-85eb-9ead00a35497,profile_card_render,profileFullNameInput,profileFullNameInput;profilePhoneNumberInput;notesInput,web,desktop,C:\Users\gilsa\Documents\Repos\Generat-Test-Automation-Architecture-TS\gTAA\visual-baselines\profile\profile_card_render\web\desktop\jp\ja\profile-renders-for-standard-user-in-jp-ja\baseline.png,C:\Users\gilsa\Documents\Repos\Generat-Test-Automation-Architecture-TS\gTAA\visual-results\desktop-b3fdd021-53b1-4bb5-85eb-9ead00a35497\profile\profile_card_render\web\desktop\jp\ja\profile-renders-for-standard-user-in-jp-ja\actual.png,,,,0.01,SKIP,823,,GTAA_BASELINE,gTAA,local-batch,0,NOT_AVAILABLE,NOT_AVAILABLE,playwright,web,desktop,2026-06-09T17:38:55.916Z
desktop-b3fdd021-53b1-4bb5-85eb-9ead00a35497,profile_post_save,profileFullNameInput,profilePhoneNumberInput;notesInput,web,desktop,C:\Users\gilsa\Documents\Repos\Generat-Test-Automation-Architecture-TS\gTAA\visual-baselines\profile\profile_post_save\web\desktop\us\en\the-profile-form-is-editable-and-the-save-is-accepted-in-us\baseline.png,C:\Users\gilsa\Documents\Repos\Generat-Test-Automation-Architecture-TS\gTAA\visual-results\desktop-b3fdd021-53b1-4bb5-85eb-9ead00a35497\profile\profile_post_save\web\desktop\us\en\the-profile-form-is-editable-and-the-save-is-accepted-in-us\actual.png,,,,0.01,SKIP,815,,GTAA_BASELINE,gTAA,local-batch,0,NOT_AVAILABLE,NOT_AVAILABLE,playwright,web,desktop,2026-06-09T17:38:55.916Z
desktop-b3fdd021-53b1-4bb5-85eb-9ead00a35497,profile_post_save,profileFullNameInput,profilePhoneNumberInput;notesInput,web,desktop,C:\Users\gilsa\Documents\Repos\Generat-Test-Automation-Architecture-TS\gTAA\visual-baselines\profile\profile_post_save\web\desktop\mx\es\the-profile-form-is-editable-and-the-save-is-accepted-in-mx\baseline.png,C:\Users\gilsa\Documents\Repos\Generat-Test-Automation-Architecture-TS\gTAA\visual-results\desktop-b3fdd021-53b1-4bb5-85eb-9ead00a35497\profile\profile_post_save\web\desktop\mx\es\the-profile-form-is-editable-and-the-save-is-accepted-in-mx\actual.png,,,,0.01,SKIP,812,,GTAA_BASELINE,gTAA,local-batch,0,NOT_AVAILABLE,NOT_AVAILABLE,playwright,web,desktop,2026-06-09T17:38:55.916Z
desktop-b3fdd021-53b1-4bb5-85eb-9ead00a35497,profile_post_save,profileFullNameInput,profilePhoneNumberInput;notesInput,web,desktop,C:\Users\gilsa\Documents\Repos\Generat-Test-Automation-Architecture-TS\gTAA\visual-baselines\profile\profile_post_save\web\desktop\ch\de\the-profile-form-is-editable-and-the-save-is-accepted-in-ch\baseline.png,C:\Users\gilsa\Documents\Repos\Generat-Test-Automation-Architecture-TS\gTAA\visual-results\desktop-b3fdd021-53b1-4bb5-85eb-9ead00a35497\profile\profile_post_save\web\desktop\ch\de\the-profile-form-is-editable-and-the-save-is-accepted-in-ch\actual.png,,,,0.01,SKIP,817,,GTAA_BASELINE,gTAA,local-batch,0,NOT_AVAILABLE,NOT_AVAILABLE,playwright,web,desktop,2026-06-09T17:38:55.916Z
desktop-b3fdd021-53b1-4bb5-85eb-9ead00a35497,profile_post_save,profileFullNameInput,profilePhoneNumberInput;notesInput,web,desktop,C:\Users\gilsa\Documents\Repos\Generat-Test-Automation-Architecture-TS\gTAA\visual-baselines\profile\profile_post_save\web\desktop\ch\fr\the-profile-form-is-editable-and-the-save-is-accepted-in-ch\baseline.png,C:\Users\gilsa\Documents\Repos\Generat-Test-Automation-Architecture-TS\gTAA\visual-results\desktop-b3fdd021-53b1-4bb5-85eb-9ead00a35497\profile\profile_post_save\web\desktop\ch\fr\the-profile-form-is-editable-and-the-save-is-accepted-in-ch\actual.png,,,,0.01,SKIP,950,,GTAA_BASELINE,gTAA,local-batch,0,NOT_AVAILABLE,NOT_AVAILABLE,playwright,web,desktop,2026-06-09T17:38:55.916Z
desktop-b3fdd021-53b1-4bb5-85eb-9ead00a35497,profile_post_save,profileFullNameInput,profilePhoneNumberInput;notesInput,web,desktop,C:\Users\gilsa\Documents\Repos\Generat-Test-Automation-Architecture-TS\gTAA\visual-baselines\profile\profile_post_save\web\desktop\jp\ja\the-profile-form-is-editable-and-the-save-is-accepted-in-jp\baseline.png,C:\Users\gilsa\Documents\Repos\Generat-Test-Automation-Architecture-TS\gTAA\visual-results\desktop-b3fdd021-53b1-4bb5-85eb-9ead00a35497\profile\profile_post_save\web\desktop\jp\ja\the-profile-form-is-editable-and-the-save-is-accepted-in-jp\actual.png,,,,0.01,SKIP,831,,GTAA_BASELINE,gTAA,local-batch,0,NOT_AVAILABLE,NOT_AVAILABLE,playwright,web,desktop,2026-06-09T17:38:55.916Z
desktop-ca95a0e9-4516-404c-af26-769e7304e553,catalog_screen,catalogScreen,searchInput,web,desktop,C:\Users\gilsa\Documents\Repos\Generat-Test-Automation-Architecture-TS\gTAA\visual-baselines\catalog\catalog_screen\web\desktop\us\en\catalog-renders-in-us-en\baseline.png,C:\Users\gilsa\Documents\Repos\Generat-Test-Automation-Architecture-TS\gTAA\visual-results\desktop-ca95a0e9-4516-404c-af26-769e7304e553\catalog\catalog_screen\web\desktop\us\en\catalog-renders-in-us-en\actual.png,C:\Users\gilsa\Documents\Repos\Generat-Test-Automation-Architecture-TS\gTAA\visual-results\desktop-ca95a0e9-4516-404c-af26-769e7304e553\catalog\catalog_screen\web\desktop\us\en\catalog-renders-in-us-en\diff.png,0,0,0.01,PASS,1681,,GTAA_BASELINE,gTAA,local-batch,0,NOT_AVAILABLE,NOT_AVAILABLE,playwright,web,desktop,2026-06-09T17:38:55.916Z
desktop-ca95a0e9-4516-404c-af26-769e7304e553,catalog_screen,catalogScreen,searchInput,web,desktop,C:\Users\gilsa\Documents\Repos\Generat-Test-Automation-Architecture-TS\gTAA\visual-baselines\catalog\catalog_screen\web\desktop\mx\es\catalog-renders-in-mx-es\baseline.png,C:\Users\gilsa\Documents\Repos\Generat-Test-Automation-Architecture-TS\gTAA\visual-results\desktop-ca95a0e9-4516-404c-af26-769e7304e553\catalog\catalog_screen\web\desktop\mx\es\catalog-renders-in-mx-es\actual.png,C:\Users\gilsa\Documents\Repos\Generat-Test-Automation-Architecture-TS\gTAA\visual-results\desktop-ca95a0e9-4516-404c-af26-769e7304e553\catalog\catalog_screen\web\desktop\mx\es\catalog-renders-in-mx-es\diff.png,11078,0.00920221956406167,0.01,PASS,1581,,GTAA_BASELINE,gTAA,local-batch,0,NOT_AVAILABLE,NOT_AVAILABLE,playwright,web,desktop,2026-06-09T17:38:55.916Z
desktop-ca95a0e9-4516-404c-af26-769e7304e553,catalog_screen,catalogScreen,searchInput,web,desktop,C:\Users\gilsa\Documents\Repos\Generat-Test-Automation-Architecture-TS\gTAA\visual-baselines\catalog\catalog_screen\web\desktop\ch\de\catalog-renders-in-ch-de\baseline.png,C:\Users\gilsa\Documents\Repos\Generat-Test-Automation-Architecture-TS\gTAA\visual-results\desktop-ca95a0e9-4516-404c-af26-769e7304e553\catalog\catalog_screen\web\desktop\ch\de\catalog-renders-in-ch-de\actual.png,C:\Users\gilsa\Documents\Repos\Generat-Test-Automation-Architecture-TS\gTAA\visual-results\desktop-ca95a0e9-4516-404c-af26-769e7304e553\catalog\catalog_screen\web\desktop\ch\de\catalog-renders-in-ch-de\diff.png,0,0,0.01,PASS,1582,,GTAA_BASELINE,gTAA,local-batch,0,NOT_AVAILABLE,NOT_AVAILABLE,playwright,web,desktop,2026-06-09T17:38:55.916Z
desktop-ca95a0e9-4516-404c-af26-769e7304e553,catalog_screen,catalogScreen,searchInput,web,desktop,C:\Users\gilsa\Documents\Repos\Generat-Test-Automation-Architecture-TS\gTAA\visual-baselines\catalog\catalog_screen\web\desktop\ch\fr\catalog-renders-in-ch-fr\baseline.png,C:\Users\gilsa\Documents\Repos\Generat-Test-Automation-Architecture-TS\gTAA\visual-results\desktop-ca95a0e9-4516-404c-af26-769e7304e553\catalog\catalog_screen\web\desktop\ch\fr\catalog-renders-in-ch-fr\actual.png,C:\Users\gilsa\Documents\Repos\Generat-Test-Automation-Architecture-TS\gTAA\visual-results\desktop-ca95a0e9-4516-404c-af26-769e7304e553\catalog\catalog_screen\web\desktop\ch\fr\catalog-renders-in-ch-fr\diff.png,10876,0.009034423179160022,0.01,PASS,1588,,GTAA_BASELINE,gTAA,local-batch,0,NOT_AVAILABLE,NOT_AVAILABLE,playwright,web,desktop,2026-06-09T17:38:55.916Z
desktop-ca95a0e9-4516-404c-af26-769e7304e553,catalog_screen,catalogScreen,searchInput,web,desktop,C:\Users\gilsa\Documents\Repos\Generat-Test-Automation-Architecture-TS\gTAA\visual-baselines\catalog\catalog_screen\web\desktop\jp\ja\catalog-renders-in-jp-ja\baseline.png,C:\Users\gilsa\Documents\Repos\Generat-Test-Automation-Architecture-TS\gTAA\visual-results\desktop-ca95a0e9-4516-404c-af26-769e7304e553\catalog\catalog_screen\web\desktop\jp\ja\catalog-renders-in-jp-ja\actual.png,C:\Users\gilsa\Documents\Repos\Generat-Test-Automation-Architecture-TS\gTAA\visual-results\desktop-ca95a0e9-4516-404c-af26-769e7304e553\catalog\catalog_screen\web\desktop\jp\ja\catalog-renders-in-jp-ja\diff.png,0,0,0.01,PASS,1561,,GTAA_BASELINE,gTAA,local-batch,0,NOT_AVAILABLE,NOT_AVAILABLE,playwright,web,desktop,2026-06-09T17:38:55.916Z
desktop-ca95a0e9-4516-404c-af26-769e7304e553,checkout_order_summary,orderDetailsList,orderTotalValue,web,desktop,C:\Users\gilsa\Documents\Repos\Generat-Test-Automation-Architecture-TS\gTAA\visual-baselines\checkout\checkout_order_summary\web\desktop\place-a-delivery-order-in-us-paying-with-credit-card\baseline.png,C:\Users\gilsa\Documents\Repos\Generat-Test-Automation-Architecture-TS\gTAA\visual-results\desktop-ca95a0e9-4516-404c-af26-769e7304e553\checkout\checkout_order_summary\web\desktop\place-a-delivery-order-in-us-paying-with-credit-card\actual.png,C:\Users\gilsa\Documents\Repos\Generat-Test-Automation-Architecture-TS\gTAA\visual-results\desktop-ca95a0e9-4516-404c-af26-769e7304e553\checkout\checkout_order_summary\web\desktop\place-a-delivery-order-in-us-paying-with-credit-card\diff.png,200,0.00014407561088059014,0.005,PASS,30321,,GTAA_BASELINE,gTAA,local-batch,0,NOT_AVAILABLE,NOT_AVAILABLE,playwright,web,desktop,2026-06-09T17:38:55.916Z
desktop-ca95a0e9-4516-404c-af26-769e7304e553,checkout_order_summary,orderDetailsList,orderTotalValue,web,desktop,C:\Users\gilsa\Documents\Repos\Generat-Test-Automation-Architecture-TS\gTAA\visual-baselines\checkout\checkout_order_summary\web\desktop\place-a-delivery-order-in-mx-paying-with-credit-card\baseline.png,C:\Users\gilsa\Documents\Repos\Generat-Test-Automation-Architecture-TS\gTAA\visual-results\desktop-ca95a0e9-4516-404c-af26-769e7304e553\checkout\checkout_order_summary\web\desktop\place-a-delivery-order-in-mx-paying-with-credit-card\actual.png,C:\Users\gilsa\Documents\Repos\Generat-Test-Automation-Architecture-TS\gTAA\visual-results\desktop-ca95a0e9-4516-404c-af26-769e7304e553\checkout\checkout_order_summary\web\desktop\place-a-delivery-order-in-mx-paying-with-credit-card\diff.png,211,0.0001519997694790226,0.005,PASS,30321,,GTAA_BASELINE,gTAA,local-batch,0,NOT_AVAILABLE,NOT_AVAILABLE,playwright,web,desktop,2026-06-09T17:38:55.916Z
desktop-ca95a0e9-4516-404c-af26-769e7304e553,checkout_order_summary,orderDetailsList,orderTotalValue,web,desktop,C:\Users\gilsa\Documents\Repos\Generat-Test-Automation-Architecture-TS\gTAA\visual-baselines\checkout\checkout_order_summary\web\desktop\place-a-delivery-order-in-ch-paying-with-credit-card\baseline.png,C:\Users\gilsa\Documents\Repos\Generat-Test-Automation-Architecture-TS\gTAA\visual-results\desktop-ca95a0e9-4516-404c-af26-769e7304e553\checkout\checkout_order_summary\web\desktop\place-a-delivery-order-in-ch-paying-with-credit-card\actual.png,C:\Users\gilsa\Documents\Repos\Generat-Test-Automation-Architecture-TS\gTAA\visual-results\desktop-ca95a0e9-4516-404c-af26-769e7304e553\checkout\checkout_order_summary\web\desktop\place-a-delivery-order-in-ch-paying-with-credit-card\diff.png,250,0.00018009451360073768,0.005,PASS,30287,,GTAA_BASELINE,gTAA,local-batch,0,NOT_AVAILABLE,NOT_AVAILABLE,playwright,web,desktop,2026-06-09T17:38:55.916Z
desktop-ca95a0e9-4516-404c-af26-769e7304e553,checkout_order_summary,orderDetailsList,orderTotalValue,web,desktop,C:\Users\gilsa\Documents\Repos\Generat-Test-Automation-Architecture-TS\gTAA\visual-baselines\checkout\checkout_order_summary\web\desktop\place-a-delivery-order-in-jp-paying-with-credit-card\baseline.png,C:\Users\gilsa\Documents\Repos\Generat-Test-Automation-Architecture-TS\gTAA\visual-results\desktop-ca95a0e9-4516-404c-af26-769e7304e553\checkout\checkout_order_summary\web\desktop\place-a-delivery-order-in-jp-paying-with-credit-card\actual.png,C:\Users\gilsa\Documents\Repos\Generat-Test-Automation-Architecture-TS\gTAA\visual-results\desktop-ca95a0e9-4516-404c-af26-769e7304e553\checkout\checkout_order_summary\web\desktop\place-a-delivery-order-in-jp-paying-with-credit-card\diff.png,131,0.00009436952512678654,0.005,PASS,30325,,GTAA_BASELINE,gTAA,local-batch,0,NOT_AVAILABLE,NOT_AVAILABLE,playwright,web,desktop,2026-06-09T17:38:55.916Z
desktop-ca95a0e9-4516-404c-af26-769e7304e553,checkout_order_summary,orderDetailsList,orderTotalValue,web,desktop,C:\Users\gilsa\Documents\Repos\Generat-Test-Automation-Architecture-TS\gTAA\visual-baselines\checkout\checkout_order_summary\web\desktop\place-a-delivery-order-in-us-paying-with-cash\baseline.png,C:\Users\gilsa\Documents\Repos\Generat-Test-Automation-Architecture-TS\gTAA\visual-results\desktop-ca95a0e9-4516-404c-af26-769e7304e553\checkout\checkout_order_summary\web\desktop\place-a-delivery-order-in-us-paying-with-cash\actual.png,C:\Users\gilsa\Documents\Repos\Generat-Test-Automation-Architecture-TS\gTAA\visual-results\desktop-ca95a0e9-4516-404c-af26-769e7304e553\checkout\checkout_order_summary\web\desktop\place-a-delivery-order-in-us-paying-with-cash\diff.png,204,0.00014695712309820193,0.005,PASS,30319,,GTAA_BASELINE,gTAA,local-batch,0,NOT_AVAILABLE,NOT_AVAILABLE,playwright,web,desktop,2026-06-09T17:38:55.916Z
desktop-ca95a0e9-4516-404c-af26-769e7304e553,checkout_order_summary,orderDetailsList,orderTotalValue,web,desktop,C:\Users\gilsa\Documents\Repos\Generat-Test-Automation-Architecture-TS\gTAA\visual-baselines\checkout\checkout_order_summary\web\desktop\place-a-delivery-order-in-mx-paying-with-cash\baseline.png,C:\Users\gilsa\Documents\Repos\Generat-Test-Automation-Architecture-TS\gTAA\visual-results\desktop-ca95a0e9-4516-404c-af26-769e7304e553\checkout\checkout_order_summary\web\desktop\place-a-delivery-order-in-mx-paying-with-cash\actual.png,C:\Users\gilsa\Documents\Repos\Generat-Test-Automation-Architecture-TS\gTAA\visual-results\desktop-ca95a0e9-4516-404c-af26-769e7304e553\checkout\checkout_order_summary\web\desktop\place-a-delivery-order-in-mx-paying-with-cash\diff.png,141,0.00010157330567081605,0.005,PASS,30328,,GTAA_BASELINE,gTAA,local-batch,0,NOT_AVAILABLE,NOT_AVAILABLE,playwright,web,desktop,2026-06-09T17:38:55.916Z
desktop-ca95a0e9-4516-404c-af26-769e7304e553,checkout_order_summary,orderDetailsList,orderTotalValue,web,desktop,C:\Users\gilsa\Documents\Repos\Generat-Test-Automation-Architecture-TS\gTAA\visual-baselines\checkout\checkout_order_summary\web\desktop\place-a-delivery-order-in-ch-paying-with-cash\baseline.png,C:\Users\gilsa\Documents\Repos\Generat-Test-Automation-Architecture-TS\gTAA\visual-results\desktop-ca95a0e9-4516-404c-af26-769e7304e553\checkout\checkout_order_summary\web\desktop\place-a-delivery-order-in-ch-paying-with-cash\actual.png,C:\Users\gilsa\Documents\Repos\Generat-Test-Automation-Architecture-TS\gTAA\visual-results\desktop-ca95a0e9-4516-404c-af26-769e7304e553\checkout\checkout_order_summary\web\desktop\place-a-delivery-order-in-ch-paying-with-cash\diff.png,193,0.00013903296449976947,0.005,PASS,30324,,GTAA_BASELINE,gTAA,local-batch,0,NOT_AVAILABLE,NOT_AVAILABLE,playwright,web,desktop,2026-06-09T17:38:55.916Z
desktop-ca95a0e9-4516-404c-af26-769e7304e553,checkout_order_summary,orderDetailsList,orderTotalValue,web,desktop,C:\Users\gilsa\Documents\Repos\Generat-Test-Automation-Architecture-TS\gTAA\visual-baselines\checkout\checkout_order_summary\web\desktop\place-a-delivery-order-in-jp-paying-with-cash\baseline.png,C:\Users\gilsa\Documents\Repos\Generat-Test-Automation-Architecture-TS\gTAA\visual-results\desktop-ca95a0e9-4516-404c-af26-769e7304e553\checkout\checkout_order_summary\web\desktop\place-a-delivery-order-in-jp-paying-with-cash\actual.png,C:\Users\gilsa\Documents\Repos\Generat-Test-Automation-Architecture-TS\gTAA\visual-results\desktop-ca95a0e9-4516-404c-af26-769e7304e553\checkout\checkout_order_summary\web\desktop\place-a-delivery-order-in-jp-paying-with-cash\diff.png,202,0.00014551636698939603,0.005,PASS,30316,,GTAA_BASELINE,gTAA,local-batch,0,NOT_AVAILABLE,NOT_AVAILABLE,playwright,web,desktop,2026-06-09T17:38:55.916Z
desktop-ca95a0e9-4516-404c-af26-769e7304e553,login_screen_invalid_credentials,loginScreen,usernameInput;passwordInput,web,desktop,C:\Users\gilsa\Documents\Repos\Generat-Test-Automation-Architecture-TS\gTAA\visual-baselines\login\login_screen_invalid_credentials\web\desktop\login-rejected-when-username-is-missing\baseline.png,C:\Users\gilsa\Documents\Repos\Generat-Test-Automation-Architecture-TS\gTAA\visual-results\desktop-ca95a0e9-4516-404c-af26-769e7304e553\login\login_screen_invalid_credentials\web\desktop\login-rejected-when-username-is-missing\actual.png,C:\Users\gilsa\Documents\Repos\Generat-Test-Automation-Architecture-TS\gTAA\visual-results\desktop-ca95a0e9-4516-404c-af26-769e7304e553\login\login_screen_invalid_credentials\web\desktop\login-rejected-when-username-is-missing\diff.png,0,0,0.01,PASS,1573,,GTAA_BASELINE,gTAA,local-batch,0,NOT_AVAILABLE,NOT_AVAILABLE,playwright,web,desktop,2026-06-09T17:38:55.916Z
desktop-ca95a0e9-4516-404c-af26-769e7304e553,login_screen_invalid_credentials,loginScreen,usernameInput;passwordInput,web,desktop,C:\Users\gilsa\Documents\Repos\Generat-Test-Automation-Architecture-TS\gTAA\visual-baselines\login\login_screen_invalid_credentials\web\desktop\login-rejected-when-password-is-missing\baseline.png,C:\Users\gilsa\Documents\Repos\Generat-Test-Automation-Architecture-TS\gTAA\visual-results\desktop-ca95a0e9-4516-404c-af26-769e7304e553\login\login_screen_invalid_credentials\web\desktop\login-rejected-when-password-is-missing\actual.png,C:\Users\gilsa\Documents\Repos\Generat-Test-Automation-Architecture-TS\gTAA\visual-results\desktop-ca95a0e9-4516-404c-af26-769e7304e553\login\login_screen_invalid_credentials\web\desktop\login-rejected-when-password-is-missing\diff.png,0,0,0.01,PASS,1532,,GTAA_BASELINE,gTAA,local-batch,0,NOT_AVAILABLE,NOT_AVAILABLE,playwright,web,desktop,2026-06-09T17:38:55.916Z
desktop-ca95a0e9-4516-404c-af26-769e7304e553,login_screen_invalid_credentials,loginScreen,usernameInput;passwordInput,web,desktop,C:\Users\gilsa\Documents\Repos\Generat-Test-Automation-Architecture-TS\gTAA\visual-baselines\login\login_screen_invalid_credentials\web\desktop\login-rejected-when-both-fields-are-empty\baseline.png,C:\Users\gilsa\Documents\Repos\Generat-Test-Automation-Architecture-TS\gTAA\visual-results\desktop-ca95a0e9-4516-404c-af26-769e7304e553\login\login_screen_invalid_credentials\web\desktop\login-rejected-when-both-fields-are-empty\actual.png,C:\Users\gilsa\Documents\Repos\Generat-Test-Automation-Architecture-TS\gTAA\visual-results\desktop-ca95a0e9-4516-404c-af26-769e7304e553\login\login_screen_invalid_credentials\web\desktop\login-rejected-when-both-fields-are-empty\diff.png,0,0,0.01,PASS,1683,,GTAA_BASELINE,gTAA,local-batch,0,NOT_AVAILABLE,NOT_AVAILABLE,playwright,web,desktop,2026-06-09T17:38:55.916Z
desktop-ca95a0e9-4516-404c-af26-769e7304e553,login_screen_invalid_credentials,loginScreen,usernameInput;passwordInput,web,desktop,C:\Users\gilsa\Documents\Repos\Generat-Test-Automation-Architecture-TS\gTAA\visual-baselines\login\login_screen_invalid_credentials\web\desktop\login-rejected-when-credentials-are-wrong\baseline.png,C:\Users\gilsa\Documents\Repos\Generat-Test-Automation-Architecture-TS\gTAA\visual-results\desktop-ca95a0e9-4516-404c-af26-769e7304e553\login\login_screen_invalid_credentials\web\desktop\login-rejected-when-credentials-are-wrong\actual.png,C:\Users\gilsa\Documents\Repos\Generat-Test-Automation-Architecture-TS\gTAA\visual-results\desktop-ca95a0e9-4516-404c-af26-769e7304e553\login\login_screen_invalid_credentials\web\desktop\login-rejected-when-credentials-are-wrong\diff.png,0,0,0.01,PASS,394,,GTAA_BASELINE,gTAA,local-batch,0,NOT_AVAILABLE,NOT_AVAILABLE,playwright,web,desktop,2026-06-09T17:38:55.916Z
desktop-ca95a0e9-4516-404c-af26-769e7304e553,login_screen_invalid_credentials,loginScreen,usernameInput;passwordInput,web,desktop,C:\Users\gilsa\Documents\Repos\Generat-Test-Automation-Architecture-TS\gTAA\visual-baselines\login\login_screen_invalid_credentials\web\desktop\login-rejected-when-user-is-locked-out\baseline.png,C:\Users\gilsa\Documents\Repos\Generat-Test-Automation-Architecture-TS\gTAA\visual-results\desktop-ca95a0e9-4516-404c-af26-769e7304e553\login\login_screen_invalid_credentials\web\desktop\login-rejected-when-user-is-locked-out\actual.png,C:\Users\gilsa\Documents\Repos\Generat-Test-Automation-Architecture-TS\gTAA\visual-results\desktop-ca95a0e9-4516-404c-af26-769e7304e553\login\login_screen_invalid_credentials\web\desktop\login-rejected-when-user-is-locked-out\diff.png,0,0,0.01,PASS,1316,,GTAA_BASELINE,gTAA,local-batch,0,NOT_AVAILABLE,NOT_AVAILABLE,playwright,web,desktop,2026-06-09T17:38:55.916Z
desktop-ca95a0e9-4516-404c-af26-769e7304e553,login_screen_localized,logoutButton,,web,desktop,C:\Users\gilsa\Documents\Repos\Generat-Test-Automation-Architecture-TS\gTAA\visual-baselines\login\login_screen_localized\web\desktop\us\english\logout-label-is-translated-to-english-after-market-us\baseline.png,C:\Users\gilsa\Documents\Repos\Generat-Test-Automation-Architecture-TS\gTAA\visual-results\desktop-ca95a0e9-4516-404c-af26-769e7304e553\login\login_screen_localized\web\desktop\us\english\logout-label-is-translated-to-english-after-market-us\actual.png,C:\Users\gilsa\Documents\Repos\Generat-Test-Automation-Architecture-TS\gTAA\visual-results\desktop-ca95a0e9-4516-404c-af26-769e7304e553\login\login_screen_localized\web\desktop\us\english\logout-label-is-translated-to-english-after-market-us\diff.png,0,0,0.02,PASS,1586,,GTAA_BASELINE,gTAA,local-batch,0,NOT_AVAILABLE,NOT_AVAILABLE,playwright,web,desktop,2026-06-09T17:38:55.916Z
desktop-ca95a0e9-4516-404c-af26-769e7304e553,login_screen_localized,logoutButton,,web,desktop,C:\Users\gilsa\Documents\Repos\Generat-Test-Automation-Architecture-TS\gTAA\visual-baselines\login\login_screen_localized\web\desktop\mx\spanish\logout-label-is-translated-to-spanish-after-market-mx\baseline.png,C:\Users\gilsa\Documents\Repos\Generat-Test-Automation-Architecture-TS\gTAA\visual-results\desktop-ca95a0e9-4516-404c-af26-769e7304e553\login\login_screen_localized\web\desktop\mx\spanish\logout-label-is-translated-to-spanish-after-market-mx\actual.png,C:\Users\gilsa\Documents\Repos\Generat-Test-Automation-Architecture-TS\gTAA\visual-results\desktop-ca95a0e9-4516-404c-af26-769e7304e553\login\login_screen_localized\web\desktop\mx\spanish\logout-label-is-translated-to-spanish-after-market-mx\diff.png,0,0,0.02,PASS,1600,,GTAA_BASELINE,gTAA,local-batch,0,NOT_AVAILABLE,NOT_AVAILABLE,playwright,web,desktop,2026-06-09T17:38:55.916Z
desktop-ca95a0e9-4516-404c-af26-769e7304e553,login_screen_localized,logoutButton,,web,desktop,C:\Users\gilsa\Documents\Repos\Generat-Test-Automation-Architecture-TS\gTAA\visual-baselines\login\login_screen_localized\web\desktop\ch\german\logout-label-is-translated-to-german-after-market-ch\baseline.png,C:\Users\gilsa\Documents\Repos\Generat-Test-Automation-Architecture-TS\gTAA\visual-results\desktop-ca95a0e9-4516-404c-af26-769e7304e553\login\login_screen_localized\web\desktop\ch\german\logout-label-is-translated-to-german-after-market-ch\actual.png,C:\Users\gilsa\Documents\Repos\Generat-Test-Automation-Architecture-TS\gTAA\visual-results\desktop-ca95a0e9-4516-404c-af26-769e7304e553\login\login_screen_localized\web\desktop\ch\german\logout-label-is-translated-to-german-after-market-ch\diff.png,0,0,0.02,PASS,1586,,GTAA_BASELINE,gTAA,local-batch,0,NOT_AVAILABLE,NOT_AVAILABLE,playwright,web,desktop,2026-06-09T17:38:55.916Z
desktop-ca95a0e9-4516-404c-af26-769e7304e553,login_screen_localized,logoutButton,,web,desktop,C:\Users\gilsa\Documents\Repos\Generat-Test-Automation-Architecture-TS\gTAA\visual-baselines\login\login_screen_localized\web\desktop\ch\french\logout-label-is-translated-to-french-after-market-ch\baseline.png,C:\Users\gilsa\Documents\Repos\Generat-Test-Automation-Architecture-TS\gTAA\visual-results\desktop-ca95a0e9-4516-404c-af26-769e7304e553\login\login_screen_localized\web\desktop\ch\french\logout-label-is-translated-to-french-after-market-ch\actual.png,C:\Users\gilsa\Documents\Repos\Generat-Test-Automation-Architecture-TS\gTAA\visual-results\desktop-ca95a0e9-4516-404c-af26-769e7304e553\login\login_screen_localized\web\desktop\ch\french\logout-label-is-translated-to-french-after-market-ch\diff.png,0,0,0.02,PASS,1602,,GTAA_BASELINE,gTAA,local-batch,0,NOT_AVAILABLE,NOT_AVAILABLE,playwright,web,desktop,2026-06-09T17:38:55.916Z
desktop-ca95a0e9-4516-404c-af26-769e7304e553,login_screen_localized,logoutButton,,web,desktop,C:\Users\gilsa\Documents\Repos\Generat-Test-Automation-Architecture-TS\gTAA\visual-baselines\login\login_screen_localized\web\desktop\jp\japanese\logout-label-is-translated-to-japanese-after-market-jp\baseline.png,C:\Users\gilsa\Documents\Repos\Generat-Test-Automation-Architecture-TS\gTAA\visual-results\desktop-ca95a0e9-4516-404c-af26-769e7304e553\login\login_screen_localized\web\desktop\jp\japanese\logout-label-is-translated-to-japanese-after-market-jp\actual.png,C:\Users\gilsa\Documents\Repos\Generat-Test-Automation-Architecture-TS\gTAA\visual-results\desktop-ca95a0e9-4516-404c-af26-769e7304e553\login\login_screen_localized\web\desktop\jp\japanese\logout-label-is-translated-to-japanese-after-market-jp\diff.png,0,0,0.02,PASS,1726,,GTAA_BASELINE,gTAA,local-batch,0,NOT_AVAILABLE,NOT_AVAILABLE,playwright,web,desktop,2026-06-09T17:38:55.916Z
desktop-ca95a0e9-4516-404c-af26-769e7304e553,navbar_desktop_strip,navLogo,,web,desktop,C:\Users\gilsa\Documents\Repos\Generat-Test-Automation-Architecture-TS\gTAA\visual-baselines\navbar\navbar_desktop_strip\web\desktop\us\en\desktop-navbar-links-are-present-in-us\baseline.png,C:\Users\gilsa\Documents\Repos\Generat-Test-Automation-Architecture-TS\gTAA\visual-results\desktop-ca95a0e9-4516-404c-af26-769e7304e553\navbar\navbar_desktop_strip\web\desktop\us\en\desktop-navbar-links-are-present-in-us\actual.png,C:\Users\gilsa\Documents\Repos\Generat-Test-Automation-Architecture-TS\gTAA\visual-results\desktop-ca95a0e9-4516-404c-af26-769e7304e553\navbar\navbar_desktop_strip\web\desktop\us\en\desktop-navbar-links-are-present-in-us\diff.png,0,0,0.01,PASS,1349,,GTAA_BASELINE,gTAA,local-batch,0,NOT_AVAILABLE,NOT_AVAILABLE,playwright,web,desktop,2026-06-09T17:38:55.916Z
desktop-ca95a0e9-4516-404c-af26-769e7304e553,navbar_desktop_strip,navLogo,,web,desktop,C:\Users\gilsa\Documents\Repos\Generat-Test-Automation-Architecture-TS\gTAA\visual-baselines\navbar\navbar_desktop_strip\web\desktop\mx\es\desktop-navbar-links-are-present-in-mx\baseline.png,C:\Users\gilsa\Documents\Repos\Generat-Test-Automation-Architecture-TS\gTAA\visual-results\desktop-ca95a0e9-4516-404c-af26-769e7304e553\navbar\navbar_desktop_strip\web\desktop\mx\es\desktop-navbar-links-are-present-in-mx\actual.png,C:\Users\gilsa\Documents\Repos\Generat-Test-Automation-Architecture-TS\gTAA\visual-results\desktop-ca95a0e9-4516-404c-af26-769e7304e553\navbar\navbar_desktop_strip\web\desktop\mx\es\desktop-navbar-links-are-present-in-mx\diff.png,0,0,0.01,PASS,1329,,GTAA_BASELINE,gTAA,local-batch,0,NOT_AVAILABLE,NOT_AVAILABLE,playwright,web,desktop,2026-06-09T17:38:55.916Z
desktop-ca95a0e9-4516-404c-af26-769e7304e553,navbar_desktop_strip,navLogo,,web,desktop,C:\Users\gilsa\Documents\Repos\Generat-Test-Automation-Architecture-TS\gTAA\visual-baselines\navbar\navbar_desktop_strip\web\desktop\ch\de\desktop-navbar-links-are-present-in-ch\baseline.png,C:\Users\gilsa\Documents\Repos\Generat-Test-Automation-Architecture-TS\gTAA\visual-results\desktop-ca95a0e9-4516-404c-af26-769e7304e553\navbar\navbar_desktop_strip\web\desktop\ch\de\desktop-navbar-links-are-present-in-ch\actual.png,C:\Users\gilsa\Documents\Repos\Generat-Test-Automation-Architecture-TS\gTAA\visual-results\desktop-ca95a0e9-4516-404c-af26-769e7304e553\navbar\navbar_desktop_strip\web\desktop\ch\de\desktop-navbar-links-are-present-in-ch\diff.png,0,0,0.01,PASS,1429,,GTAA_BASELINE,gTAA,local-batch,0,NOT_AVAILABLE,NOT_AVAILABLE,playwright,web,desktop,2026-06-09T17:38:55.916Z
desktop-ca95a0e9-4516-404c-af26-769e7304e553,navbar_desktop_strip,navLogo,,web,desktop,C:\Users\gilsa\Documents\Repos\Generat-Test-Automation-Architecture-TS\gTAA\visual-baselines\navbar\navbar_desktop_strip\web\desktop\ch\fr\desktop-navbar-links-are-present-in-ch\baseline.png,C:\Users\gilsa\Documents\Repos\Generat-Test-Automation-Architecture-TS\gTAA\visual-results\desktop-ca95a0e9-4516-404c-af26-769e7304e553\navbar\navbar_desktop_strip\web\desktop\ch\fr\desktop-navbar-links-are-present-in-ch\actual.png,C:\Users\gilsa\Documents\Repos\Generat-Test-Automation-Architecture-TS\gTAA\visual-results\desktop-ca95a0e9-4516-404c-af26-769e7304e553\navbar\navbar_desktop_strip\web\desktop\ch\fr\desktop-navbar-links-are-present-in-ch\diff.png,0,0,0.01,PASS,1698,,GTAA_BASELINE,gTAA,local-batch,0,NOT_AVAILABLE,NOT_AVAILABLE,playwright,web,desktop,2026-06-09T17:38:55.916Z
desktop-ca95a0e9-4516-404c-af26-769e7304e553,navbar_desktop_strip,navLogo,,web,desktop,C:\Users\gilsa\Documents\Repos\Generat-Test-Automation-Architecture-TS\gTAA\visual-baselines\navbar\navbar_desktop_strip\web\desktop\jp\ja\desktop-navbar-links-are-present-in-jp\baseline.png,C:\Users\gilsa\Documents\Repos\Generat-Test-Automation-Architecture-TS\gTAA\visual-results\desktop-ca95a0e9-4516-404c-af26-769e7304e553\navbar\navbar_desktop_strip\web\desktop\jp\ja\desktop-navbar-links-are-present-in-jp\actual.png,C:\Users\gilsa\Documents\Repos\Generat-Test-Automation-Architecture-TS\gTAA\visual-results\desktop-ca95a0e9-4516-404c-af26-769e7304e553\navbar\navbar_desktop_strip\web\desktop\jp\ja\desktop-navbar-links-are-present-in-jp\diff.png,0,0,0.01,PASS,2207,,GTAA_BASELINE,gTAA,local-batch,0,NOT_AVAILABLE,NOT_AVAILABLE,playwright,web,desktop,2026-06-09T17:38:55.916Z
desktop-ca95a0e9-4516-404c-af26-769e7304e553,navbar_header_language_switcher,languageDEButton,,web,desktop,C:\Users\gilsa\Documents\Repos\Generat-Test-Automation-Architecture-TS\gTAA\visual-baselines\navbar\navbar_header_language_switcher\web\desktop\ch\fr\header-language-switcher-updates-the-locale-in-ch-de-fr\baseline.png,C:\Users\gilsa\Documents\Repos\Generat-Test-Automation-Architecture-TS\gTAA\visual-results\desktop-ca95a0e9-4516-404c-af26-769e7304e553\navbar\navbar_header_language_switcher\web\desktop\ch\fr\header-language-switcher-updates-the-locale-in-ch-de-fr\actual.png,C:\Users\gilsa\Documents\Repos\Generat-Test-Automation-Architecture-TS\gTAA\visual-results\desktop-ca95a0e9-4516-404c-af26-769e7304e553\navbar\navbar_header_language_switcher\web\desktop\ch\fr\header-language-switcher-updates-the-locale-in-ch-de-fr\diff.png,0,0,0.02,PASS,1921,,GTAA_BASELINE,gTAA,local-batch,0,NOT_AVAILABLE,NOT_AVAILABLE,playwright,web,desktop,2026-06-09T17:38:55.916Z
desktop-ca95a0e9-4516-404c-af26-769e7304e553,navbar_header_language_switcher,languageDEButton,,web,desktop,C:\Users\gilsa\Documents\Repos\Generat-Test-Automation-Architecture-TS\gTAA\visual-baselines\navbar\navbar_header_language_switcher\web\desktop\ch\de\header-language-switcher-updates-the-locale-in-ch-fr-de\baseline.png,C:\Users\gilsa\Documents\Repos\Generat-Test-Automation-Architecture-TS\gTAA\visual-results\desktop-ca95a0e9-4516-404c-af26-769e7304e553\navbar\navbar_header_language_switcher\web\desktop\ch\de\header-language-switcher-updates-the-locale-in-ch-fr-de\actual.png,C:\Users\gilsa\Documents\Repos\Generat-Test-Automation-Architecture-TS\gTAA\visual-results\desktop-ca95a0e9-4516-404c-af26-769e7304e553\navbar\navbar_header_language_switcher\web\desktop\ch\de\header-language-switcher-updates-the-locale-in-ch-fr-de\diff.png,0,0,0.02,PASS,1446,,GTAA_BASELINE,gTAA,local-batch,0,NOT_AVAILABLE,NOT_AVAILABLE,playwright,web,desktop,2026-06-09T17:38:55.916Z
desktop-ca95a0e9-4516-404c-af26-769e7304e553,order_success_screen_landed,orderSuccessScreen,orderIdLabel;orderTotalText;timeEstimateText,web,desktop,C:\Users\gilsa\Documents\Repos\Generat-Test-Automation-Architecture-TS\gTAA\visual-baselines\order_success\order_success_screen_landed\web\desktop\us\en\order-success-screen-in-us-en-shows-tracking-courier\baseline.png,C:\Users\gilsa\Documents\Repos\Generat-Test-Automation-Architecture-TS\gTAA\visual-results\desktop-ca95a0e9-4516-404c-af26-769e7304e553\order_success\order_success_screen_landed\web\desktop\us\en\order-success-screen-in-us-en-shows-tracking-courier\actual.png,C:\Users\gilsa\Documents\Repos\Generat-Test-Automation-Architecture-TS\gTAA\visual-results\desktop-ca95a0e9-4516-404c-af26-769e7304e553\order_success\order_success_screen_landed\web\desktop\us\en\order-success-screen-in-us-en-shows-tracking-courier\diff.png,0,0,0.01,PASS,563,,GTAA_BASELINE,gTAA,local-batch,0,NOT_AVAILABLE,NOT_AVAILABLE,playwright,web,desktop,2026-06-09T17:38:55.916Z
desktop-ca95a0e9-4516-404c-af26-769e7304e553,order_success_screen_landed,orderSuccessScreen,orderIdLabel;orderTotalText;timeEstimateText,web,desktop,C:\Users\gilsa\Documents\Repos\Generat-Test-Automation-Architecture-TS\gTAA\visual-baselines\order_success\order_success_screen_landed\web\desktop\mx\es\order-success-screen-in-mx-es-shows-tracking-courier\baseline.png,C:\Users\gilsa\Documents\Repos\Generat-Test-Automation-Architecture-TS\gTAA\visual-results\desktop-ca95a0e9-4516-404c-af26-769e7304e553\order_success\order_success_screen_landed\web\desktop\mx\es\order-success-screen-in-mx-es-shows-tracking-courier\actual.png,C:\Users\gilsa\Documents\Repos\Generat-Test-Automation-Architecture-TS\gTAA\visual-results\desktop-ca95a0e9-4516-404c-af26-769e7304e553\order_success\order_success_screen_landed\web\desktop\mx\es\order-success-screen-in-mx-es-shows-tracking-courier\diff.png,0,0,0.01,PASS,468,,GTAA_BASELINE,gTAA,local-batch,0,NOT_AVAILABLE,NOT_AVAILABLE,playwright,web,desktop,2026-06-09T17:38:55.916Z
desktop-ca95a0e9-4516-404c-af26-769e7304e553,order_success_screen_landed,orderSuccessScreen,orderIdLabel;orderTotalText;timeEstimateText,web,desktop,C:\Users\gilsa\Documents\Repos\Generat-Test-Automation-Architecture-TS\gTAA\visual-baselines\order_success\order_success_screen_landed\web\desktop\ch\de\order-success-screen-in-ch-de-shows-tracking-courier\baseline.png,C:\Users\gilsa\Documents\Repos\Generat-Test-Automation-Architecture-TS\gTAA\visual-results\desktop-ca95a0e9-4516-404c-af26-769e7304e553\order_success\order_success_screen_landed\web\desktop\ch\de\order-success-screen-in-ch-de-shows-tracking-courier\actual.png,C:\Users\gilsa\Documents\Repos\Generat-Test-Automation-Architecture-TS\gTAA\visual-results\desktop-ca95a0e9-4516-404c-af26-769e7304e553\order_success\order_success_screen_landed\web\desktop\ch\de\order-success-screen-in-ch-de-shows-tracking-courier\diff.png,0,0,0.01,PASS,534,,GTAA_BASELINE,gTAA,local-batch,0,NOT_AVAILABLE,NOT_AVAILABLE,playwright,web,desktop,2026-06-09T17:38:55.916Z
desktop-ca95a0e9-4516-404c-af26-769e7304e553,order_success_screen_landed,orderSuccessScreen,orderIdLabel;orderTotalText;timeEstimateText,web,desktop,C:\Users\gilsa\Documents\Repos\Generat-Test-Automation-Architecture-TS\gTAA\visual-baselines\order_success\order_success_screen_landed\web\desktop\ch\fr\order-success-screen-in-ch-fr-shows-tracking-courier\baseline.png,C:\Users\gilsa\Documents\Repos\Generat-Test-Automation-Architecture-TS\gTAA\visual-results\desktop-ca95a0e9-4516-404c-af26-769e7304e553\order_success\order_success_screen_landed\web\desktop\ch\fr\order-success-screen-in-ch-fr-shows-tracking-courier\actual.png,C:\Users\gilsa\Documents\Repos\Generat-Test-Automation-Architecture-TS\gTAA\visual-results\desktop-ca95a0e9-4516-404c-af26-769e7304e553\order_success\order_success_screen_landed\web\desktop\ch\fr\order-success-screen-in-ch-fr-shows-tracking-courier\diff.png,0,0,0.01,PASS,485,,GTAA_BASELINE,gTAA,local-batch,0,NOT_AVAILABLE,NOT_AVAILABLE,playwright,web,desktop,2026-06-09T17:38:55.916Z
desktop-ca95a0e9-4516-404c-af26-769e7304e553,order_success_screen_landed,orderSuccessScreen,orderIdLabel;orderTotalText;timeEstimateText,web,desktop,C:\Users\gilsa\Documents\Repos\Generat-Test-Automation-Architecture-TS\gTAA\visual-baselines\order_success\order_success_screen_landed\web\desktop\jp\ja\order-success-screen-in-jp-ja-shows-tracking-courier\baseline.png,C:\Users\gilsa\Documents\Repos\Generat-Test-Automation-Architecture-TS\gTAA\visual-results\desktop-ca95a0e9-4516-404c-af26-769e7304e553\order_success\order_success_screen_landed\web\desktop\jp\ja\order-success-screen-in-jp-ja-shows-tracking-courier\actual.png,C:\Users\gilsa\Documents\Repos\Generat-Test-Automation-Architecture-TS\gTAA\visual-results\desktop-ca95a0e9-4516-404c-af26-769e7304e553\order_success\order_success_screen_landed\web\desktop\jp\ja\order-success-screen-in-jp-ja-shows-tracking-courier\diff.png,0,0,0.01,PASS,514,,GTAA_BASELINE,gTAA,local-batch,0,NOT_AVAILABLE,NOT_AVAILABLE,playwright,web,desktop,2026-06-09T17:38:55.916Z
desktop-ca95a0e9-4516-404c-af26-769e7304e553,pizzaBuilder_confirm_state,confirmAddToCartButton,,web,desktop,C:\Users\gilsa\Documents\Repos\Generat-Test-Automation-Architecture-TS\gTAA\visual-baselines\pizzaBuilder\pizzaBuilder_confirm_state\web\desktop\us\en\confirming-add-to-cart-closes-the-builder-and-increments-the-navbar-cart-count-i\baseline.png,C:\Users\gilsa\Documents\Repos\Generat-Test-Automation-Architecture-TS\gTAA\visual-results\desktop-ca95a0e9-4516-404c-af26-769e7304e553\pizzaBuilder\pizzaBuilder_confirm_state\web\desktop\us\en\confirming-add-to-cart-closes-the-builder-and-increments-the-navbar-cart-count-i\actual.png,C:\Users\gilsa\Documents\Repos\Generat-Test-Automation-Architecture-TS\gTAA\visual-results\desktop-ca95a0e9-4516-404c-af26-769e7304e553\pizzaBuilder\pizzaBuilder_confirm_state\web\desktop\us\en\confirming-add-to-cart-closes-the-builder-and-increments-the-navbar-cart-count-i\diff.png,0,0,0.005,PASS,30752,,GTAA_BASELINE,gTAA,local-batch,0,NOT_AVAILABLE,NOT_AVAILABLE,playwright,web,desktop,2026-06-09T17:38:55.916Z
desktop-ca95a0e9-4516-404c-af26-769e7304e553,pizzaBuilder_confirm_state,confirmAddToCartButton,,web,desktop,C:\Users\gilsa\Documents\Repos\Generat-Test-Automation-Architecture-TS\gTAA\visual-baselines\pizzaBuilder\pizzaBuilder_confirm_state\web\desktop\mx\es\confirming-add-to-cart-closes-the-builder-and-increments-the-navbar-cart-count-i\baseline.png,C:\Users\gilsa\Documents\Repos\Generat-Test-Automation-Architecture-TS\gTAA\visual-results\desktop-ca95a0e9-4516-404c-af26-769e7304e553\pizzaBuilder\pizzaBuilder_confirm_state\web\desktop\mx\es\confirming-add-to-cart-closes-the-builder-and-increments-the-navbar-cart-count-i\actual.png,C:\Users\gilsa\Documents\Repos\Generat-Test-Automation-Architecture-TS\gTAA\visual-results\desktop-ca95a0e9-4516-404c-af26-769e7304e553\pizzaBuilder\pizzaBuilder_confirm_state\web\desktop\mx\es\confirming-add-to-cart-closes-the-builder-and-increments-the-navbar-cart-count-i\diff.png,0,0,0.005,PASS,30683,,GTAA_BASELINE,gTAA,local-batch,0,NOT_AVAILABLE,NOT_AVAILABLE,playwright,web,desktop,2026-06-09T17:38:55.916Z
desktop-ca95a0e9-4516-404c-af26-769e7304e553,pizzaBuilder_confirm_state,confirmAddToCartButton,,web,desktop,C:\Users\gilsa\Documents\Repos\Generat-Test-Automation-Architecture-TS\gTAA\visual-baselines\pizzaBuilder\pizzaBuilder_confirm_state\web\desktop\ch\de\confirming-add-to-cart-closes-the-builder-and-increments-the-navbar-cart-count-i\baseline.png,C:\Users\gilsa\Documents\Repos\Generat-Test-Automation-Architecture-TS\gTAA\visual-results\desktop-ca95a0e9-4516-404c-af26-769e7304e553\pizzaBuilder\pizzaBuilder_confirm_state\web\desktop\ch\de\confirming-add-to-cart-closes-the-builder-and-increments-the-navbar-cart-count-i\actual.png,C:\Users\gilsa\Documents\Repos\Generat-Test-Automation-Architecture-TS\gTAA\visual-results\desktop-ca95a0e9-4516-404c-af26-769e7304e553\pizzaBuilder\pizzaBuilder_confirm_state\web\desktop\ch\de\confirming-add-to-cart-closes-the-builder-and-increments-the-navbar-cart-count-i\diff.png,0,0,0.005,PASS,30637,,GTAA_BASELINE,gTAA,local-batch,0,NOT_AVAILABLE,NOT_AVAILABLE,playwright,web,desktop,2026-06-09T17:38:55.916Z
desktop-ca95a0e9-4516-404c-af26-769e7304e553,pizzaBuilder_confirm_state,confirmAddToCartButton,,web,desktop,C:\Users\gilsa\Documents\Repos\Generat-Test-Automation-Architecture-TS\gTAA\visual-baselines\pizzaBuilder\pizzaBuilder_confirm_state\web\desktop\ch\fr\confirming-add-to-cart-closes-the-builder-and-increments-the-navbar-cart-count-i\baseline.png,C:\Users\gilsa\Documents\Repos\Generat-Test-Automation-Architecture-TS\gTAA\visual-results\desktop-ca95a0e9-4516-404c-af26-769e7304e553\pizzaBuilder\pizzaBuilder_confirm_state\web\desktop\ch\fr\confirming-add-to-cart-closes-the-builder-and-increments-the-navbar-cart-count-i\actual.png,C:\Users\gilsa\Documents\Repos\Generat-Test-Automation-Architecture-TS\gTAA\visual-results\desktop-ca95a0e9-4516-404c-af26-769e7304e553\pizzaBuilder\pizzaBuilder_confirm_state\web\desktop\ch\fr\confirming-add-to-cart-closes-the-builder-and-increments-the-navbar-cart-count-i\diff.png,0,0,0.005,PASS,30626,,GTAA_BASELINE,gTAA,local-batch,0,NOT_AVAILABLE,NOT_AVAILABLE,playwright,web,desktop,2026-06-09T17:38:55.916Z
desktop-ca95a0e9-4516-404c-af26-769e7304e553,pizzaBuilder_confirm_state,confirmAddToCartButton,,web,desktop,C:\Users\gilsa\Documents\Repos\Generat-Test-Automation-Architecture-TS\gTAA\visual-baselines\pizzaBuilder\pizzaBuilder_confirm_state\web\desktop\jp\ja\confirming-add-to-cart-closes-the-builder-and-increments-the-navbar-cart-count-i\baseline.png,C:\Users\gilsa\Documents\Repos\Generat-Test-Automation-Architecture-TS\gTAA\visual-results\desktop-ca95a0e9-4516-404c-af26-769e7304e553\pizzaBuilder\pizzaBuilder_confirm_state\web\desktop\jp\ja\confirming-add-to-cart-closes-the-builder-and-increments-the-navbar-cart-count-i\actual.png,C:\Users\gilsa\Documents\Repos\Generat-Test-Automation-Architecture-TS\gTAA\visual-results\desktop-ca95a0e9-4516-404c-af26-769e7304e553\pizzaBuilder\pizzaBuilder_confirm_state\web\desktop\jp\ja\confirming-add-to-cart-closes-the-builder-and-increments-the-navbar-cart-count-i\diff.png,0,0,0.005,PASS,30689,,GTAA_BASELINE,gTAA,local-batch,0,NOT_AVAILABLE,NOT_AVAILABLE,playwright,web,desktop,2026-06-09T17:38:55.916Z
desktop-ca95a0e9-4516-404c-af26-769e7304e553,pizzaBuilder_size_selected,sizeOptionsList,,web,desktop,C:\Users\gilsa\Documents\Repos\Generat-Test-Automation-Architecture-TS\gTAA\visual-baselines\pizzaBuilder\pizzaBuilder_size_selected\web\desktop\us\en\selecting-a-size-updates-the-estimated-total-for-pepperoni-in-us\baseline.png,C:\Users\gilsa\Documents\Repos\Generat-Test-Automation-Architecture-TS\gTAA\visual-results\desktop-ca95a0e9-4516-404c-af26-769e7304e553\pizzaBuilder\pizzaBuilder_size_selected\web\desktop\us\en\selecting-a-size-updates-the-estimated-total-for-pepperoni-in-us\actual.png,C:\Users\gilsa\Documents\Repos\Generat-Test-Automation-Architecture-TS\gTAA\visual-results\desktop-ca95a0e9-4516-404c-af26-769e7304e553\pizzaBuilder\pizzaBuilder_size_selected\web\desktop\us\en\selecting-a-size-updates-the-estimated-total-for-pepperoni-in-us\diff.png,0,0,0.01,PASS,1183,,GTAA_BASELINE,gTAA,local-batch,0,NOT_AVAILABLE,NOT_AVAILABLE,playwright,web,desktop,2026-06-09T17:38:55.916Z
desktop-ca95a0e9-4516-404c-af26-769e7304e553,pizzaBuilder_size_selected,sizeOptionsList,,web,desktop,C:\Users\gilsa\Documents\Repos\Generat-Test-Automation-Architecture-TS\gTAA\visual-baselines\pizzaBuilder\pizzaBuilder_size_selected\web\desktop\mx\es\selecting-a-size-updates-the-estimated-total-for-margherita-in-mx\baseline.png,C:\Users\gilsa\Documents\Repos\Generat-Test-Automation-Architecture-TS\gTAA\visual-results\desktop-ca95a0e9-4516-404c-af26-769e7304e553\pizzaBuilder\pizzaBuilder_size_selected\web\desktop\mx\es\selecting-a-size-updates-the-estimated-total-for-margherita-in-mx\actual.png,C:\Users\gilsa\Documents\Repos\Generat-Test-Automation-Architecture-TS\gTAA\visual-results\desktop-ca95a0e9-4516-404c-af26-769e7304e553\pizzaBuilder\pizzaBuilder_size_selected\web\desktop\mx\es\selecting-a-size-updates-the-estimated-total-for-margherita-in-mx\diff.png,0,0,0.01,PASS,1246,,GTAA_BASELINE,gTAA,local-batch,0,NOT_AVAILABLE,NOT_AVAILABLE,playwright,web,desktop,2026-06-09T17:38:55.916Z
desktop-ca95a0e9-4516-404c-af26-769e7304e553,pizzaBuilder_size_selected,sizeOptionsList,,web,desktop,C:\Users\gilsa\Documents\Repos\Generat-Test-Automation-Architecture-TS\gTAA\visual-baselines\pizzaBuilder\pizzaBuilder_size_selected\web\desktop\ch\de\selecting-a-size-updates-the-estimated-total-for-marinara-in-ch\baseline.png,C:\Users\gilsa\Documents\Repos\Generat-Test-Automation-Architecture-TS\gTAA\visual-results\desktop-ca95a0e9-4516-404c-af26-769e7304e553\pizzaBuilder\pizzaBuilder_size_selected\web\desktop\ch\de\selecting-a-size-updates-the-estimated-total-for-marinara-in-ch\actual.png,C:\Users\gilsa\Documents\Repos\Generat-Test-Automation-Architecture-TS\gTAA\visual-results\desktop-ca95a0e9-4516-404c-af26-769e7304e553\pizzaBuilder\pizzaBuilder_size_selected\web\desktop\ch\de\selecting-a-size-updates-the-estimated-total-for-marinara-in-ch\diff.png,0,0,0.01,PASS,1352,,GTAA_BASELINE,gTAA,local-batch,0,NOT_AVAILABLE,NOT_AVAILABLE,playwright,web,desktop,2026-06-09T17:38:55.916Z
desktop-ca95a0e9-4516-404c-af26-769e7304e553,pizzaBuilder_size_selected,sizeOptionsList,,web,desktop,C:\Users\gilsa\Documents\Repos\Generat-Test-Automation-Architecture-TS\gTAA\visual-baselines\pizzaBuilder\pizzaBuilder_size_selected\web\desktop\ch\fr\selecting-a-size-updates-the-estimated-total-for-marinara-in-ch\baseline.png,C:\Users\gilsa\Documents\Repos\Generat-Test-Automation-Architecture-TS\gTAA\visual-results\desktop-ca95a0e9-4516-404c-af26-769e7304e553\pizzaBuilder\pizzaBuilder_size_selected\web\desktop\ch\fr\selecting-a-size-updates-the-estimated-total-for-marinara-in-ch\actual.png,C:\Users\gilsa\Documents\Repos\Generat-Test-Automation-Architecture-TS\gTAA\visual-results\desktop-ca95a0e9-4516-404c-af26-769e7304e553\pizzaBuilder\pizzaBuilder_size_selected\web\desktop\ch\fr\selecting-a-size-updates-the-estimated-total-for-marinara-in-ch\diff.png,0,0,0.01,PASS,1272,,GTAA_BASELINE,gTAA,local-batch,0,NOT_AVAILABLE,NOT_AVAILABLE,playwright,web,desktop,2026-06-09T17:38:55.916Z
desktop-ca95a0e9-4516-404c-af26-769e7304e553,pizzaBuilder_size_selected,sizeOptionsList,,web,desktop,C:\Users\gilsa\Documents\Repos\Generat-Test-Automation-Architecture-TS\gTAA\visual-baselines\pizzaBuilder\pizzaBuilder_size_selected\web\desktop\jp\ja\selecting-a-size-updates-the-estimated-total-for-pepperoni-in-jp\baseline.png,C:\Users\gilsa\Documents\Repos\Generat-Test-Automation-Architecture-TS\gTAA\visual-results\desktop-ca95a0e9-4516-404c-af26-769e7304e553\pizzaBuilder\pizzaBuilder_size_selected\web\desktop\jp\ja\selecting-a-size-updates-the-estimated-total-for-pepperoni-in-jp\actual.png,C:\Users\gilsa\Documents\Repos\Generat-Test-Automation-Architecture-TS\gTAA\visual-results\desktop-ca95a0e9-4516-404c-af26-769e7304e553\pizzaBuilder\pizzaBuilder_size_selected\web\desktop\jp\ja\selecting-a-size-updates-the-estimated-total-for-pepperoni-in-jp\diff.png,0,0,0.01,PASS,1284,,GTAA_BASELINE,gTAA,local-batch,0,NOT_AVAILABLE,NOT_AVAILABLE,playwright,web,desktop,2026-06-09T17:38:55.916Z
desktop-ca95a0e9-4516-404c-af26-769e7304e553,pizzaBuilder_toppings_selected,toppingsList,customizerPriceText,web,desktop,C:\Users\gilsa\Documents\Repos\Generat-Test-Automation-Architecture-TS\gTAA\visual-baselines\pizzaBuilder\pizzaBuilder_toppings_selected\web\desktop\us\en\selecting-toppings-updates-the-estimated-total-for-pepperoni-in-us\baseline.png,C:\Users\gilsa\Documents\Repos\Generat-Test-Automation-Architecture-TS\gTAA\visual-results\desktop-ca95a0e9-4516-404c-af26-769e7304e553\pizzaBuilder\pizzaBuilder_toppings_selected\web\desktop\us\en\selecting-toppings-updates-the-estimated-total-for-pepperoni-in-us\actual.png,C:\Users\gilsa\Documents\Repos\Generat-Test-Automation-Architecture-TS\gTAA\visual-results\desktop-ca95a0e9-4516-404c-af26-769e7304e553\pizzaBuilder\pizzaBuilder_toppings_selected\web\desktop\us\en\selecting-toppings-updates-the-estimated-total-for-pepperoni-in-us\diff.png,0,0,0.01,PASS,1583,,GTAA_BASELINE,gTAA,local-batch,0,NOT_AVAILABLE,NOT_AVAILABLE,playwright,web,desktop,2026-06-09T17:38:55.916Z
desktop-ca95a0e9-4516-404c-af26-769e7304e553,pizzaBuilder_toppings_selected,toppingsList,customizerPriceText,web,desktop,C:\Users\gilsa\Documents\Repos\Generat-Test-Automation-Architecture-TS\gTAA\visual-baselines\pizzaBuilder\pizzaBuilder_toppings_selected\web\desktop\mx\es\selecting-toppings-updates-the-estimated-total-for-margherita-in-mx\baseline.png,C:\Users\gilsa\Documents\Repos\Generat-Test-Automation-Architecture-TS\gTAA\visual-results\desktop-ca95a0e9-4516-404c-af26-769e7304e553\pizzaBuilder\pizzaBuilder_toppings_selected\web\desktop\mx\es\selecting-toppings-updates-the-estimated-total-for-margherita-in-mx\actual.png,C:\Users\gilsa\Documents\Repos\Generat-Test-Automation-Architecture-TS\gTAA\visual-results\desktop-ca95a0e9-4516-404c-af26-769e7304e553\pizzaBuilder\pizzaBuilder_toppings_selected\web\desktop\mx\es\selecting-toppings-updates-the-estimated-total-for-margherita-in-mx\diff.png,0,0,0.01,PASS,1201,,GTAA_BASELINE,gTAA,local-batch,0,NOT_AVAILABLE,NOT_AVAILABLE,playwright,web,desktop,2026-06-09T17:38:55.916Z
desktop-ca95a0e9-4516-404c-af26-769e7304e553,pizzaBuilder_toppings_selected,toppingsList,customizerPriceText,web,desktop,C:\Users\gilsa\Documents\Repos\Generat-Test-Automation-Architecture-TS\gTAA\visual-baselines\pizzaBuilder\pizzaBuilder_toppings_selected\web\desktop\ch\de\selecting-toppings-updates-the-estimated-total-for-marinara-in-ch\baseline.png,C:\Users\gilsa\Documents\Repos\Generat-Test-Automation-Architecture-TS\gTAA\visual-results\desktop-ca95a0e9-4516-404c-af26-769e7304e553\pizzaBuilder\pizzaBuilder_toppings_selected\web\desktop\ch\de\selecting-toppings-updates-the-estimated-total-for-marinara-in-ch\actual.png,C:\Users\gilsa\Documents\Repos\Generat-Test-Automation-Architecture-TS\gTAA\visual-results\desktop-ca95a0e9-4516-404c-af26-769e7304e553\pizzaBuilder\pizzaBuilder_toppings_selected\web\desktop\ch\de\selecting-toppings-updates-the-estimated-total-for-marinara-in-ch\diff.png,0,0,0.01,PASS,1158,,GTAA_BASELINE,gTAA,local-batch,0,NOT_AVAILABLE,NOT_AVAILABLE,playwright,web,desktop,2026-06-09T17:38:55.916Z
desktop-ca95a0e9-4516-404c-af26-769e7304e553,pizzaBuilder_toppings_selected,toppingsList,customizerPriceText,web,desktop,C:\Users\gilsa\Documents\Repos\Generat-Test-Automation-Architecture-TS\gTAA\visual-baselines\pizzaBuilder\pizzaBuilder_toppings_selected\web\desktop\ch\fr\selecting-toppings-updates-the-estimated-total-for-marinara-in-ch\baseline.png,C:\Users\gilsa\Documents\Repos\Generat-Test-Automation-Architecture-TS\gTAA\visual-results\desktop-ca95a0e9-4516-404c-af26-769e7304e553\pizzaBuilder\pizzaBuilder_toppings_selected\web\desktop\ch\fr\selecting-toppings-updates-the-estimated-total-for-marinara-in-ch\actual.png,C:\Users\gilsa\Documents\Repos\Generat-Test-Automation-Architecture-TS\gTAA\visual-results\desktop-ca95a0e9-4516-404c-af26-769e7304e553\pizzaBuilder\pizzaBuilder_toppings_selected\web\desktop\ch\fr\selecting-toppings-updates-the-estimated-total-for-marinara-in-ch\diff.png,0,0,0.01,PASS,1300,,GTAA_BASELINE,gTAA,local-batch,0,NOT_AVAILABLE,NOT_AVAILABLE,playwright,web,desktop,2026-06-09T17:38:55.916Z
desktop-ca95a0e9-4516-404c-af26-769e7304e553,pizzaBuilder_toppings_selected,toppingsList,customizerPriceText,web,desktop,C:\Users\gilsa\Documents\Repos\Generat-Test-Automation-Architecture-TS\gTAA\visual-baselines\pizzaBuilder\pizzaBuilder_toppings_selected\web\desktop\jp\ja\selecting-toppings-updates-the-estimated-total-for-pepperoni-in-jp\baseline.png,C:\Users\gilsa\Documents\Repos\Generat-Test-Automation-Architecture-TS\gTAA\visual-results\desktop-ca95a0e9-4516-404c-af26-769e7304e553\pizzaBuilder\pizzaBuilder_toppings_selected\web\desktop\jp\ja\selecting-toppings-updates-the-estimated-total-for-pepperoni-in-jp\actual.png,C:\Users\gilsa\Documents\Repos\Generat-Test-Automation-Architecture-TS\gTAA\visual-results\desktop-ca95a0e9-4516-404c-af26-769e7304e553\pizzaBuilder\pizzaBuilder_toppings_selected\web\desktop\jp\ja\selecting-toppings-updates-the-estimated-total-for-pepperoni-in-jp\diff.png,0,0,0.01,PASS,1141,,GTAA_BASELINE,gTAA,local-batch,0,NOT_AVAILABLE,NOT_AVAILABLE,playwright,web,desktop,2026-06-09T17:38:55.916Z
desktop-ca95a0e9-4516-404c-af26-769e7304e553,profile_card_render,profileFullNameInput,profileFullNameInput;profilePhoneNumberInput;notesInput,web,desktop,C:\Users\gilsa\Documents\Repos\Generat-Test-Automation-Architecture-TS\gTAA\visual-baselines\profile\profile_card_render\web\desktop\us\en\profile-renders-for-standard-user-in-us-en\baseline.png,C:\Users\gilsa\Documents\Repos\Generat-Test-Automation-Architecture-TS\gTAA\visual-results\desktop-ca95a0e9-4516-404c-af26-769e7304e553\profile\profile_card_render\web\desktop\us\en\profile-renders-for-standard-user-in-us-en\actual.png,C:\Users\gilsa\Documents\Repos\Generat-Test-Automation-Architecture-TS\gTAA\visual-results\desktop-ca95a0e9-4516-404c-af26-769e7304e553\profile\profile_card_render\web\desktop\us\en\profile-renders-for-standard-user-in-us-en\diff.png,0,0,0.01,PASS,815,,GTAA_BASELINE,gTAA,local-batch,0,NOT_AVAILABLE,NOT_AVAILABLE,playwright,web,desktop,2026-06-09T17:38:55.916Z
desktop-ca95a0e9-4516-404c-af26-769e7304e553,profile_card_render,profileFullNameInput,profileFullNameInput;profilePhoneNumberInput;notesInput,web,desktop,C:\Users\gilsa\Documents\Repos\Generat-Test-Automation-Architecture-TS\gTAA\visual-baselines\profile\profile_card_render\web\desktop\mx\es\profile-renders-for-standard-user-in-mx-es\baseline.png,C:\Users\gilsa\Documents\Repos\Generat-Test-Automation-Architecture-TS\gTAA\visual-results\desktop-ca95a0e9-4516-404c-af26-769e7304e553\profile\profile_card_render\web\desktop\mx\es\profile-renders-for-standard-user-in-mx-es\actual.png,C:\Users\gilsa\Documents\Repos\Generat-Test-Automation-Architecture-TS\gTAA\visual-results\desktop-ca95a0e9-4516-404c-af26-769e7304e553\profile\profile_card_render\web\desktop\mx\es\profile-renders-for-standard-user-in-mx-es\diff.png,0,0,0.01,PASS,800,,GTAA_BASELINE,gTAA,local-batch,0,NOT_AVAILABLE,NOT_AVAILABLE,playwright,web,desktop,2026-06-09T17:38:55.916Z
desktop-ca95a0e9-4516-404c-af26-769e7304e553,profile_card_render,profileFullNameInput,profileFullNameInput;profilePhoneNumberInput;notesInput,web,desktop,C:\Users\gilsa\Documents\Repos\Generat-Test-Automation-Architecture-TS\gTAA\visual-baselines\profile\profile_card_render\web\desktop\ch\de\profile-renders-for-standard-user-in-ch-de\baseline.png,C:\Users\gilsa\Documents\Repos\Generat-Test-Automation-Architecture-TS\gTAA\visual-results\desktop-ca95a0e9-4516-404c-af26-769e7304e553\profile\profile_card_render\web\desktop\ch\de\profile-renders-for-standard-user-in-ch-de\actual.png,C:\Users\gilsa\Documents\Repos\Generat-Test-Automation-Architecture-TS\gTAA\visual-results\desktop-ca95a0e9-4516-404c-af26-769e7304e553\profile\profile_card_render\web\desktop\ch\de\profile-renders-for-standard-user-in-ch-de\diff.png,0,0,0.01,PASS,792,,GTAA_BASELINE,gTAA,local-batch,0,NOT_AVAILABLE,NOT_AVAILABLE,playwright,web,desktop,2026-06-09T17:38:55.916Z
desktop-ca95a0e9-4516-404c-af26-769e7304e553,profile_card_render,profileFullNameInput,profileFullNameInput;profilePhoneNumberInput;notesInput,web,desktop,C:\Users\gilsa\Documents\Repos\Generat-Test-Automation-Architecture-TS\gTAA\visual-baselines\profile\profile_card_render\web\desktop\ch\fr\profile-renders-for-standard-user-in-ch-fr\baseline.png,C:\Users\gilsa\Documents\Repos\Generat-Test-Automation-Architecture-TS\gTAA\visual-results\desktop-ca95a0e9-4516-404c-af26-769e7304e553\profile\profile_card_render\web\desktop\ch\fr\profile-renders-for-standard-user-in-ch-fr\actual.png,C:\Users\gilsa\Documents\Repos\Generat-Test-Automation-Architecture-TS\gTAA\visual-results\desktop-ca95a0e9-4516-404c-af26-769e7304e553\profile\profile_card_render\web\desktop\ch\fr\profile-renders-for-standard-user-in-ch-fr\diff.png,0,0,0.01,PASS,793,,GTAA_BASELINE,gTAA,local-batch,0,NOT_AVAILABLE,NOT_AVAILABLE,playwright,web,desktop,2026-06-09T17:38:55.916Z
desktop-ca95a0e9-4516-404c-af26-769e7304e553,profile_card_render,profileFullNameInput,profileFullNameInput;profilePhoneNumberInput;notesInput,web,desktop,C:\Users\gilsa\Documents\Repos\Generat-Test-Automation-Architecture-TS\gTAA\visual-baselines\profile\profile_card_render\web\desktop\jp\ja\profile-renders-for-standard-user-in-jp-ja\baseline.png,C:\Users\gilsa\Documents\Repos\Generat-Test-Automation-Architecture-TS\gTAA\visual-results\desktop-ca95a0e9-4516-404c-af26-769e7304e553\profile\profile_card_render\web\desktop\jp\ja\profile-renders-for-standard-user-in-jp-ja\actual.png,C:\Users\gilsa\Documents\Repos\Generat-Test-Automation-Architecture-TS\gTAA\visual-results\desktop-ca95a0e9-4516-404c-af26-769e7304e553\profile\profile_card_render\web\desktop\jp\ja\profile-renders-for-standard-user-in-jp-ja\diff.png,0,0,0.01,PASS,774,,GTAA_BASELINE,gTAA,local-batch,0,NOT_AVAILABLE,NOT_AVAILABLE,playwright,web,desktop,2026-06-09T17:38:55.916Z
desktop-ca95a0e9-4516-404c-af26-769e7304e553,profile_post_save,profileFullNameInput,profilePhoneNumberInput;notesInput,web,desktop,C:\Users\gilsa\Documents\Repos\Generat-Test-Automation-Architecture-TS\gTAA\visual-baselines\profile\profile_post_save\web\desktop\us\en\the-profile-form-is-editable-and-the-save-is-accepted-in-us\baseline.png,C:\Users\gilsa\Documents\Repos\Generat-Test-Automation-Architecture-TS\gTAA\visual-results\desktop-ca95a0e9-4516-404c-af26-769e7304e553\profile\profile_post_save\web\desktop\us\en\the-profile-form-is-editable-and-the-save-is-accepted-in-us\actual.png,C:\Users\gilsa\Documents\Repos\Generat-Test-Automation-Architecture-TS\gTAA\visual-results\desktop-ca95a0e9-4516-404c-af26-769e7304e553\profile\profile_post_save\web\desktop\us\en\the-profile-form-is-editable-and-the-save-is-accepted-in-us\diff.png,0,0,0.01,PASS,795,,GTAA_BASELINE,gTAA,local-batch,0,NOT_AVAILABLE,NOT_AVAILABLE,playwright,web,desktop,2026-06-09T17:38:55.916Z
desktop-ca95a0e9-4516-404c-af26-769e7304e553,profile_post_save,profileFullNameInput,profilePhoneNumberInput;notesInput,web,desktop,C:\Users\gilsa\Documents\Repos\Generat-Test-Automation-Architecture-TS\gTAA\visual-baselines\profile\profile_post_save\web\desktop\mx\es\the-profile-form-is-editable-and-the-save-is-accepted-in-mx\baseline.png,C:\Users\gilsa\Documents\Repos\Generat-Test-Automation-Architecture-TS\gTAA\visual-results\desktop-ca95a0e9-4516-404c-af26-769e7304e553\profile\profile_post_save\web\desktop\mx\es\the-profile-form-is-editable-and-the-save-is-accepted-in-mx\actual.png,C:\Users\gilsa\Documents\Repos\Generat-Test-Automation-Architecture-TS\gTAA\visual-results\desktop-ca95a0e9-4516-404c-af26-769e7304e553\profile\profile_post_save\web\desktop\mx\es\the-profile-form-is-editable-and-the-save-is-accepted-in-mx\diff.png,0,0,0.01,PASS,820,,GTAA_BASELINE,gTAA,local-batch,0,NOT_AVAILABLE,NOT_AVAILABLE,playwright,web,desktop,2026-06-09T17:38:55.916Z
desktop-ca95a0e9-4516-404c-af26-769e7304e553,profile_post_save,profileFullNameInput,profilePhoneNumberInput;notesInput,web,desktop,C:\Users\gilsa\Documents\Repos\Generat-Test-Automation-Architecture-TS\gTAA\visual-baselines\profile\profile_post_save\web\desktop\ch\de\the-profile-form-is-editable-and-the-save-is-accepted-in-ch\baseline.png,C:\Users\gilsa\Documents\Repos\Generat-Test-Automation-Architecture-TS\gTAA\visual-results\desktop-ca95a0e9-4516-404c-af26-769e7304e553\profile\profile_post_save\web\desktop\ch\de\the-profile-form-is-editable-and-the-save-is-accepted-in-ch\actual.png,C:\Users\gilsa\Documents\Repos\Generat-Test-Automation-Architecture-TS\gTAA\visual-results\desktop-ca95a0e9-4516-404c-af26-769e7304e553\profile\profile_post_save\web\desktop\ch\de\the-profile-form-is-editable-and-the-save-is-accepted-in-ch\diff.png,0,0,0.01,PASS,851,,GTAA_BASELINE,gTAA,local-batch,0,NOT_AVAILABLE,NOT_AVAILABLE,playwright,web,desktop,2026-06-09T17:38:55.916Z
desktop-ca95a0e9-4516-404c-af26-769e7304e553,profile_post_save,profileFullNameInput,profilePhoneNumberInput;notesInput,web,desktop,C:\Users\gilsa\Documents\Repos\Generat-Test-Automation-Architecture-TS\gTAA\visual-baselines\profile\profile_post_save\web\desktop\ch\fr\the-profile-form-is-editable-and-the-save-is-accepted-in-ch\baseline.png,C:\Users\gilsa\Documents\Repos\Generat-Test-Automation-Architecture-TS\gTAA\visual-results\desktop-ca95a0e9-4516-404c-af26-769e7304e553\profile\profile_post_save\web\desktop\ch\fr\the-profile-form-is-editable-and-the-save-is-accepted-in-ch\actual.png,C:\Users\gilsa\Documents\Repos\Generat-Test-Automation-Architecture-TS\gTAA\visual-results\desktop-ca95a0e9-4516-404c-af26-769e7304e553\profile\profile_post_save\web\desktop\ch\fr\the-profile-form-is-editable-and-the-save-is-accepted-in-ch\diff.png,0,0,0.01,PASS,840,,GTAA_BASELINE,gTAA,local-batch,0,NOT_AVAILABLE,NOT_AVAILABLE,playwright,web,desktop,2026-06-09T17:38:55.916Z
desktop-ca95a0e9-4516-404c-af26-769e7304e553,profile_post_save,profileFullNameInput,profilePhoneNumberInput;notesInput,web,desktop,C:\Users\gilsa\Documents\Repos\Generat-Test-Automation-Architecture-TS\gTAA\visual-baselines\profile\profile_post_save\web\desktop\jp\ja\the-profile-form-is-editable-and-the-save-is-accepted-in-jp\baseline.png,C:\Users\gilsa\Documents\Repos\Generat-Test-Automation-Architecture-TS\gTAA\visual-results\desktop-ca95a0e9-4516-404c-af26-769e7304e553\profile\profile_post_save\web\desktop\jp\ja\the-profile-form-is-editable-and-the-save-is-accepted-in-jp\actual.png,C:\Users\gilsa\Documents\Repos\Generat-Test-Automation-Architecture-TS\gTAA\visual-results\desktop-ca95a0e9-4516-404c-af26-769e7304e553\profile\profile_post_save\web\desktop\jp\ja\the-profile-form-is-editable-and-the-save-is-accepted-in-jp\diff.png,0,0,0.01,PASS,797,,GTAA_BASELINE,gTAA,local-batch,0,NOT_AVAILABLE,NOT_AVAILABLE,playwright,web,desktop,2026-06-09T17:38:55.916Z
desktop-cc70a892-54b9-4712-8012-3c2b41a7e474,catalog_screen,catalogScreen,searchInput,web,desktop,C:\Users\gilsa\Documents\Repos\Generat-Test-Automation-Architecture-TS\gTAA\visual-baselines\catalog\catalog_screen\web\desktop\us\en\catalog-renders-in-us-en\baseline.png,C:\Users\gilsa\Documents\Repos\Generat-Test-Automation-Architecture-TS\gTAA\visual-results\desktop-cc70a892-54b9-4712-8012-3c2b41a7e474\catalog\catalog_screen\web\desktop\us\en\catalog-renders-in-us-en\actual.png,,,,0.01,SKIP,1397,,GTAA_BASELINE,gTAA,local-batch,0,NOT_AVAILABLE,NOT_AVAILABLE,playwright,web,desktop,2026-06-09T17:38:55.916Z
desktop-cc70a892-54b9-4712-8012-3c2b41a7e474,catalog_screen,catalogScreen,searchInput,web,desktop,C:\Users\gilsa\Documents\Repos\Generat-Test-Automation-Architecture-TS\gTAA\visual-baselines\catalog\catalog_screen\web\desktop\mx\es\catalog-renders-in-mx-es\baseline.png,C:\Users\gilsa\Documents\Repos\Generat-Test-Automation-Architecture-TS\gTAA\visual-results\desktop-cc70a892-54b9-4712-8012-3c2b41a7e474\catalog\catalog_screen\web\desktop\mx\es\catalog-renders-in-mx-es\actual.png,,,,0.01,SKIP,1234,,GTAA_BASELINE,gTAA,local-batch,0,NOT_AVAILABLE,NOT_AVAILABLE,playwright,web,desktop,2026-06-09T17:38:55.916Z
desktop-cc70a892-54b9-4712-8012-3c2b41a7e474,catalog_screen,catalogScreen,searchInput,web,desktop,C:\Users\gilsa\Documents\Repos\Generat-Test-Automation-Architecture-TS\gTAA\visual-baselines\catalog\catalog_screen\web\desktop\ch\de\catalog-renders-in-ch-de\baseline.png,C:\Users\gilsa\Documents\Repos\Generat-Test-Automation-Architecture-TS\gTAA\visual-results\desktop-cc70a892-54b9-4712-8012-3c2b41a7e474\catalog\catalog_screen\web\desktop\ch\de\catalog-renders-in-ch-de\actual.png,,,,0.01,SKIP,1235,,GTAA_BASELINE,gTAA,local-batch,0,NOT_AVAILABLE,NOT_AVAILABLE,playwright,web,desktop,2026-06-09T17:38:55.916Z
desktop-cc70a892-54b9-4712-8012-3c2b41a7e474,catalog_screen,catalogScreen,searchInput,web,desktop,C:\Users\gilsa\Documents\Repos\Generat-Test-Automation-Architecture-TS\gTAA\visual-baselines\catalog\catalog_screen\web\desktop\ch\fr\catalog-renders-in-ch-fr\baseline.png,C:\Users\gilsa\Documents\Repos\Generat-Test-Automation-Architecture-TS\gTAA\visual-results\desktop-cc70a892-54b9-4712-8012-3c2b41a7e474\catalog\catalog_screen\web\desktop\ch\fr\catalog-renders-in-ch-fr\actual.png,,,,0.01,SKIP,1522,,GTAA_BASELINE,gTAA,local-batch,0,NOT_AVAILABLE,NOT_AVAILABLE,playwright,web,desktop,2026-06-09T17:38:55.916Z
desktop-cc70a892-54b9-4712-8012-3c2b41a7e474,catalog_screen,catalogScreen,searchInput,web,desktop,C:\Users\gilsa\Documents\Repos\Generat-Test-Automation-Architecture-TS\gTAA\visual-baselines\catalog\catalog_screen\web\desktop\jp\ja\catalog-renders-in-jp-ja\baseline.png,C:\Users\gilsa\Documents\Repos\Generat-Test-Automation-Architecture-TS\gTAA\visual-results\desktop-cc70a892-54b9-4712-8012-3c2b41a7e474\catalog\catalog_screen\web\desktop\jp\ja\catalog-renders-in-jp-ja\actual.png,,,,0.01,SKIP,1548,,GTAA_BASELINE,gTAA,local-batch,0,NOT_AVAILABLE,NOT_AVAILABLE,playwright,web,desktop,2026-06-09T17:38:55.916Z
desktop-cc70a892-54b9-4712-8012-3c2b41a7e474,checkout_order_summary,orderDetailsList,orderTotalValue,web,desktop,,,,,,0.005,SKIP,30010,WEB_SESSION_FAILURE,GTAA_BASELINE,gTAA,local-batch,0,NOT_AVAILABLE,NOT_AVAILABLE,playwright,web,desktop,2026-06-09T17:38:55.916Z
desktop-cc70a892-54b9-4712-8012-3c2b41a7e474,checkout_order_summary,orderDetailsList,orderTotalValue,web,desktop,,,,,,0.005,SKIP,30007,WEB_SESSION_FAILURE,GTAA_BASELINE,gTAA,local-batch,0,NOT_AVAILABLE,NOT_AVAILABLE,playwright,web,desktop,2026-06-09T17:38:55.916Z
desktop-cc70a892-54b9-4712-8012-3c2b41a7e474,checkout_order_summary,orderDetailsList,orderTotalValue,web,desktop,,,,,,0.005,SKIP,30013,WEB_SESSION_FAILURE,GTAA_BASELINE,gTAA,local-batch,0,NOT_AVAILABLE,NOT_AVAILABLE,playwright,web,desktop,2026-06-09T17:38:55.916Z
desktop-cc70a892-54b9-4712-8012-3c2b41a7e474,checkout_order_summary,orderDetailsList,orderTotalValue,web,desktop,,,,,,0.005,SKIP,30016,WEB_SESSION_FAILURE,GTAA_BASELINE,gTAA,local-batch,0,NOT_AVAILABLE,NOT_AVAILABLE,playwright,web,desktop,2026-06-09T17:38:55.916Z
desktop-cc70a892-54b9-4712-8012-3c2b41a7e474,checkout_order_summary,orderDetailsList,orderTotalValue,web,desktop,,,,,,0.005,SKIP,30010,WEB_SESSION_FAILURE,GTAA_BASELINE,gTAA,local-batch,0,NOT_AVAILABLE,NOT_AVAILABLE,playwright,web,desktop,2026-06-09T17:38:55.916Z
desktop-cc70a892-54b9-4712-8012-3c2b41a7e474,checkout_order_summary,orderDetailsList,orderTotalValue,web,desktop,,,,,,0.005,SKIP,30005,WEB_SESSION_FAILURE,GTAA_BASELINE,gTAA,local-batch,0,NOT_AVAILABLE,NOT_AVAILABLE,playwright,web,desktop,2026-06-09T17:38:55.916Z
desktop-cc70a892-54b9-4712-8012-3c2b41a7e474,checkout_order_summary,orderDetailsList,orderTotalValue,web,desktop,,,,,,0.005,SKIP,30014,WEB_SESSION_FAILURE,GTAA_BASELINE,gTAA,local-batch,0,NOT_AVAILABLE,NOT_AVAILABLE,playwright,web,desktop,2026-06-09T17:38:55.916Z
desktop-cc70a892-54b9-4712-8012-3c2b41a7e474,checkout_order_summary,orderDetailsList,orderTotalValue,web,desktop,,,,,,0.005,SKIP,30012,WEB_SESSION_FAILURE,GTAA_BASELINE,gTAA,local-batch,0,NOT_AVAILABLE,NOT_AVAILABLE,playwright,web,desktop,2026-06-09T17:38:55.916Z
desktop-cc70a892-54b9-4712-8012-3c2b41a7e474,login_screen_invalid_credentials,loginScreen,usernameInput;passwordInput,web,desktop,C:\Users\gilsa\Documents\Repos\Generat-Test-Automation-Architecture-TS\gTAA\visual-baselines\login\login_screen_invalid_credentials\web\desktop\login-rejected-when-username-is-missing\baseline.png,C:\Users\gilsa\Documents\Repos\Generat-Test-Automation-Architecture-TS\gTAA\visual-results\desktop-cc70a892-54b9-4712-8012-3c2b41a7e474\login\login_screen_invalid_credentials\web\desktop\login-rejected-when-username-is-missing\actual.png,,,,0.01,SKIP,1231,,GTAA_BASELINE,gTAA,local-batch,0,NOT_AVAILABLE,NOT_AVAILABLE,playwright,web,desktop,2026-06-09T17:38:55.916Z
desktop-cc70a892-54b9-4712-8012-3c2b41a7e474,login_screen_invalid_credentials,loginScreen,usernameInput;passwordInput,web,desktop,C:\Users\gilsa\Documents\Repos\Generat-Test-Automation-Architecture-TS\gTAA\visual-baselines\login\login_screen_invalid_credentials\web\desktop\login-rejected-when-password-is-missing\baseline.png,C:\Users\gilsa\Documents\Repos\Generat-Test-Automation-Architecture-TS\gTAA\visual-results\desktop-cc70a892-54b9-4712-8012-3c2b41a7e474\login\login_screen_invalid_credentials\web\desktop\login-rejected-when-password-is-missing\actual.png,,,,0.01,SKIP,1304,,GTAA_BASELINE,gTAA,local-batch,0,NOT_AVAILABLE,NOT_AVAILABLE,playwright,web,desktop,2026-06-09T17:38:55.916Z
desktop-cc70a892-54b9-4712-8012-3c2b41a7e474,login_screen_invalid_credentials,loginScreen,usernameInput;passwordInput,web,desktop,C:\Users\gilsa\Documents\Repos\Generat-Test-Automation-Architecture-TS\gTAA\visual-baselines\login\login_screen_invalid_credentials\web\desktop\login-rejected-when-both-fields-are-empty\baseline.png,C:\Users\gilsa\Documents\Repos\Generat-Test-Automation-Architecture-TS\gTAA\visual-results\desktop-cc70a892-54b9-4712-8012-3c2b41a7e474\login\login_screen_invalid_credentials\web\desktop\login-rejected-when-both-fields-are-empty\actual.png,,,,0.01,SKIP,1308,,GTAA_BASELINE,gTAA,local-batch,0,NOT_AVAILABLE,NOT_AVAILABLE,playwright,web,desktop,2026-06-09T17:38:55.916Z
desktop-cc70a892-54b9-4712-8012-3c2b41a7e474,login_screen_invalid_credentials,loginScreen,usernameInput;passwordInput,web,desktop,C:\Users\gilsa\Documents\Repos\Generat-Test-Automation-Architecture-TS\gTAA\visual-baselines\login\login_screen_invalid_credentials\web\desktop\login-rejected-when-credentials-are-wrong\baseline.png,C:\Users\gilsa\Documents\Repos\Generat-Test-Automation-Architecture-TS\gTAA\visual-results\desktop-cc70a892-54b9-4712-8012-3c2b41a7e474\login\login_screen_invalid_credentials\web\desktop\login-rejected-when-credentials-are-wrong\actual.png,,,,0.01,SKIP,278,,GTAA_BASELINE,gTAA,local-batch,0,NOT_AVAILABLE,NOT_AVAILABLE,playwright,web,desktop,2026-06-09T17:38:55.916Z
desktop-cc70a892-54b9-4712-8012-3c2b41a7e474,login_screen_invalid_credentials,loginScreen,usernameInput;passwordInput,web,desktop,C:\Users\gilsa\Documents\Repos\Generat-Test-Automation-Architecture-TS\gTAA\visual-baselines\login\login_screen_invalid_credentials\web\desktop\login-rejected-when-user-is-locked-out\baseline.png,C:\Users\gilsa\Documents\Repos\Generat-Test-Automation-Architecture-TS\gTAA\visual-results\desktop-cc70a892-54b9-4712-8012-3c2b41a7e474\login\login_screen_invalid_credentials\web\desktop\login-rejected-when-user-is-locked-out\actual.png,,,,0.01,SKIP,1010,,GTAA_BASELINE,gTAA,local-batch,0,NOT_AVAILABLE,NOT_AVAILABLE,playwright,web,desktop,2026-06-09T17:38:55.916Z
desktop-cc70a892-54b9-4712-8012-3c2b41a7e474,login_screen_localized,logoutButton,,web,desktop,C:\Users\gilsa\Documents\Repos\Generat-Test-Automation-Architecture-TS\gTAA\visual-baselines\login\login_screen_localized\web\desktop\us\english\logout-label-is-translated-to-english-after-market-us\baseline.png,C:\Users\gilsa\Documents\Repos\Generat-Test-Automation-Architecture-TS\gTAA\visual-results\desktop-cc70a892-54b9-4712-8012-3c2b41a7e474\login\login_screen_localized\web\desktop\us\english\logout-label-is-translated-to-english-after-market-us\actual.png,,,,0.02,SKIP,1597,,GTAA_BASELINE,gTAA,local-batch,0,NOT_AVAILABLE,NOT_AVAILABLE,playwright,web,desktop,2026-06-09T17:38:55.916Z
desktop-cc70a892-54b9-4712-8012-3c2b41a7e474,login_screen_localized,logoutButton,,web,desktop,C:\Users\gilsa\Documents\Repos\Generat-Test-Automation-Architecture-TS\gTAA\visual-baselines\login\login_screen_localized\web\desktop\mx\spanish\logout-label-is-translated-to-spanish-after-market-mx\baseline.png,C:\Users\gilsa\Documents\Repos\Generat-Test-Automation-Architecture-TS\gTAA\visual-results\desktop-cc70a892-54b9-4712-8012-3c2b41a7e474\login\login_screen_localized\web\desktop\mx\spanish\logout-label-is-translated-to-spanish-after-market-mx\actual.png,,,,0.02,SKIP,1647,,GTAA_BASELINE,gTAA,local-batch,0,NOT_AVAILABLE,NOT_AVAILABLE,playwright,web,desktop,2026-06-09T17:38:55.916Z
desktop-cc70a892-54b9-4712-8012-3c2b41a7e474,login_screen_localized,logoutButton,,web,desktop,C:\Users\gilsa\Documents\Repos\Generat-Test-Automation-Architecture-TS\gTAA\visual-baselines\login\login_screen_localized\web\desktop\ch\german\logout-label-is-translated-to-german-after-market-ch\baseline.png,C:\Users\gilsa\Documents\Repos\Generat-Test-Automation-Architecture-TS\gTAA\visual-results\desktop-cc70a892-54b9-4712-8012-3c2b41a7e474\login\login_screen_localized\web\desktop\ch\german\logout-label-is-translated-to-german-after-market-ch\actual.png,,,,0.02,SKIP,2459,,GTAA_BASELINE,gTAA,local-batch,0,NOT_AVAILABLE,NOT_AVAILABLE,playwright,web,desktop,2026-06-09T17:38:55.916Z
desktop-cc70a892-54b9-4712-8012-3c2b41a7e474,login_screen_localized,logoutButton,,web,desktop,C:\Users\gilsa\Documents\Repos\Generat-Test-Automation-Architecture-TS\gTAA\visual-baselines\login\login_screen_localized\web\desktop\ch\french\logout-label-is-translated-to-french-after-market-ch\baseline.png,C:\Users\gilsa\Documents\Repos\Generat-Test-Automation-Architecture-TS\gTAA\visual-results\desktop-cc70a892-54b9-4712-8012-3c2b41a7e474\login\login_screen_localized\web\desktop\ch\french\logout-label-is-translated-to-french-after-market-ch\actual.png,,,,0.02,SKIP,1618,,GTAA_BASELINE,gTAA,local-batch,0,NOT_AVAILABLE,NOT_AVAILABLE,playwright,web,desktop,2026-06-09T17:38:55.916Z
desktop-cc70a892-54b9-4712-8012-3c2b41a7e474,login_screen_localized,logoutButton,,web,desktop,C:\Users\gilsa\Documents\Repos\Generat-Test-Automation-Architecture-TS\gTAA\visual-baselines\login\login_screen_localized\web\desktop\jp\japanese\logout-label-is-translated-to-japanese-after-market-jp\baseline.png,C:\Users\gilsa\Documents\Repos\Generat-Test-Automation-Architecture-TS\gTAA\visual-results\desktop-cc70a892-54b9-4712-8012-3c2b41a7e474\login\login_screen_localized\web\desktop\jp\japanese\logout-label-is-translated-to-japanese-after-market-jp\actual.png,,,,0.02,SKIP,1657,,GTAA_BASELINE,gTAA,local-batch,0,NOT_AVAILABLE,NOT_AVAILABLE,playwright,web,desktop,2026-06-09T17:38:55.916Z
desktop-cc70a892-54b9-4712-8012-3c2b41a7e474,navbar_desktop_strip,navLogo,,web,desktop,C:\Users\gilsa\Documents\Repos\Generat-Test-Automation-Architecture-TS\gTAA\visual-baselines\navbar\navbar_desktop_strip\web\desktop\us\en\desktop-navbar-links-are-present-in-us\baseline.png,C:\Users\gilsa\Documents\Repos\Generat-Test-Automation-Architecture-TS\gTAA\visual-results\desktop-cc70a892-54b9-4712-8012-3c2b41a7e474\navbar\navbar_desktop_strip\web\desktop\us\en\desktop-navbar-links-are-present-in-us\actual.png,,,,0.01,SKIP,1545,,GTAA_BASELINE,gTAA,local-batch,0,NOT_AVAILABLE,NOT_AVAILABLE,playwright,web,desktop,2026-06-09T17:38:55.916Z
desktop-cc70a892-54b9-4712-8012-3c2b41a7e474,navbar_desktop_strip,navLogo,,web,desktop,C:\Users\gilsa\Documents\Repos\Generat-Test-Automation-Architecture-TS\gTAA\visual-baselines\navbar\navbar_desktop_strip\web\desktop\mx\es\desktop-navbar-links-are-present-in-mx\baseline.png,C:\Users\gilsa\Documents\Repos\Generat-Test-Automation-Architecture-TS\gTAA\visual-results\desktop-cc70a892-54b9-4712-8012-3c2b41a7e474\navbar\navbar_desktop_strip\web\desktop\mx\es\desktop-navbar-links-are-present-in-mx\actual.png,,,,0.01,SKIP,1351,,GTAA_BASELINE,gTAA,local-batch,0,NOT_AVAILABLE,NOT_AVAILABLE,playwright,web,desktop,2026-06-09T17:38:55.916Z
desktop-cc70a892-54b9-4712-8012-3c2b41a7e474,navbar_desktop_strip,navLogo,,web,desktop,C:\Users\gilsa\Documents\Repos\Generat-Test-Automation-Architecture-TS\gTAA\visual-baselines\navbar\navbar_desktop_strip\web\desktop\ch\de\desktop-navbar-links-are-present-in-ch\baseline.png,C:\Users\gilsa\Documents\Repos\Generat-Test-Automation-Architecture-TS\gTAA\visual-results\desktop-cc70a892-54b9-4712-8012-3c2b41a7e474\navbar\navbar_desktop_strip\web\desktop\ch\de\desktop-navbar-links-are-present-in-ch\actual.png,,,,0.01,SKIP,1402,,GTAA_BASELINE,gTAA,local-batch,0,NOT_AVAILABLE,NOT_AVAILABLE,playwright,web,desktop,2026-06-09T17:38:55.916Z
desktop-cc70a892-54b9-4712-8012-3c2b41a7e474,navbar_desktop_strip,navLogo,,web,desktop,C:\Users\gilsa\Documents\Repos\Generat-Test-Automation-Architecture-TS\gTAA\visual-baselines\navbar\navbar_desktop_strip\web\desktop\ch\fr\desktop-navbar-links-are-present-in-ch\baseline.png,C:\Users\gilsa\Documents\Repos\Generat-Test-Automation-Architecture-TS\gTAA\visual-results\desktop-cc70a892-54b9-4712-8012-3c2b41a7e474\navbar\navbar_desktop_strip\web\desktop\ch\fr\desktop-navbar-links-are-present-in-ch\actual.png,,,,0.01,SKIP,1413,,GTAA_BASELINE,gTAA,local-batch,0,NOT_AVAILABLE,NOT_AVAILABLE,playwright,web,desktop,2026-06-09T17:38:55.916Z
desktop-cc70a892-54b9-4712-8012-3c2b41a7e474,navbar_desktop_strip,navLogo,,web,desktop,C:\Users\gilsa\Documents\Repos\Generat-Test-Automation-Architecture-TS\gTAA\visual-baselines\navbar\navbar_desktop_strip\web\desktop\jp\ja\desktop-navbar-links-are-present-in-jp\baseline.png,C:\Users\gilsa\Documents\Repos\Generat-Test-Automation-Architecture-TS\gTAA\visual-results\desktop-cc70a892-54b9-4712-8012-3c2b41a7e474\navbar\navbar_desktop_strip\web\desktop\jp\ja\desktop-navbar-links-are-present-in-jp\actual.png,,,,0.01,SKIP,1301,,GTAA_BASELINE,gTAA,local-batch,0,NOT_AVAILABLE,NOT_AVAILABLE,playwright,web,desktop,2026-06-09T17:38:55.916Z
desktop-cc70a892-54b9-4712-8012-3c2b41a7e474,navbar_header_language_switcher,languageDEButton,,web,desktop,C:\Users\gilsa\Documents\Repos\Generat-Test-Automation-Architecture-TS\gTAA\visual-baselines\navbar\navbar_header_language_switcher\web\desktop\ch\fr\header-language-switcher-updates-the-locale-in-ch-de-fr\baseline.png,C:\Users\gilsa\Documents\Repos\Generat-Test-Automation-Architecture-TS\gTAA\visual-results\desktop-cc70a892-54b9-4712-8012-3c2b41a7e474\navbar\navbar_header_language_switcher\web\desktop\ch\fr\header-language-switcher-updates-the-locale-in-ch-de-fr\actual.png,,,,0.02,SKIP,1317,,GTAA_BASELINE,gTAA,local-batch,0,NOT_AVAILABLE,NOT_AVAILABLE,playwright,web,desktop,2026-06-09T17:38:55.916Z
desktop-cc70a892-54b9-4712-8012-3c2b41a7e474,navbar_header_language_switcher,languageDEButton,,web,desktop,C:\Users\gilsa\Documents\Repos\Generat-Test-Automation-Architecture-TS\gTAA\visual-baselines\navbar\navbar_header_language_switcher\web\desktop\ch\de\header-language-switcher-updates-the-locale-in-ch-fr-de\baseline.png,C:\Users\gilsa\Documents\Repos\Generat-Test-Automation-Architecture-TS\gTAA\visual-results\desktop-cc70a892-54b9-4712-8012-3c2b41a7e474\navbar\navbar_header_language_switcher\web\desktop\ch\de\header-language-switcher-updates-the-locale-in-ch-fr-de\actual.png,,,,0.02,SKIP,1380,,GTAA_BASELINE,gTAA,local-batch,0,NOT_AVAILABLE,NOT_AVAILABLE,playwright,web,desktop,2026-06-09T17:38:55.916Z
desktop-cc70a892-54b9-4712-8012-3c2b41a7e474,order_success_screen_landed,orderSuccessScreen,orderIdLabel;orderTotalText;timeEstimateText,web,desktop,C:\Users\gilsa\Documents\Repos\Generat-Test-Automation-Architecture-TS\gTAA\visual-baselines\order_success\order_success_screen_landed\web\desktop\us\en\order-success-screen-in-us-en-shows-tracking-courier\baseline.png,C:\Users\gilsa\Documents\Repos\Generat-Test-Automation-Architecture-TS\gTAA\visual-results\desktop-cc70a892-54b9-4712-8012-3c2b41a7e474\order_success\order_success_screen_landed\web\desktop\us\en\order-success-screen-in-us-en-shows-tracking-courier\actual.png,,,,0.01,SKIP,588,,GTAA_BASELINE,gTAA,local-batch,0,NOT_AVAILABLE,NOT_AVAILABLE,playwright,web,desktop,2026-06-09T17:38:55.916Z
desktop-cc70a892-54b9-4712-8012-3c2b41a7e474,order_success_screen_landed,orderSuccessScreen,orderIdLabel;orderTotalText;timeEstimateText,web,desktop,C:\Users\gilsa\Documents\Repos\Generat-Test-Automation-Architecture-TS\gTAA\visual-baselines\order_success\order_success_screen_landed\web\desktop\mx\es\order-success-screen-in-mx-es-shows-tracking-courier\baseline.png,C:\Users\gilsa\Documents\Repos\Generat-Test-Automation-Architecture-TS\gTAA\visual-results\desktop-cc70a892-54b9-4712-8012-3c2b41a7e474\order_success\order_success_screen_landed\web\desktop\mx\es\order-success-screen-in-mx-es-shows-tracking-courier\actual.png,,,,0.01,SKIP,475,,GTAA_BASELINE,gTAA,local-batch,0,NOT_AVAILABLE,NOT_AVAILABLE,playwright,web,desktop,2026-06-09T17:38:55.916Z
desktop-cc70a892-54b9-4712-8012-3c2b41a7e474,order_success_screen_landed,orderSuccessScreen,orderIdLabel;orderTotalText;timeEstimateText,web,desktop,C:\Users\gilsa\Documents\Repos\Generat-Test-Automation-Architecture-TS\gTAA\visual-baselines\order_success\order_success_screen_landed\web\desktop\ch\de\order-success-screen-in-ch-de-shows-tracking-courier\baseline.png,C:\Users\gilsa\Documents\Repos\Generat-Test-Automation-Architecture-TS\gTAA\visual-results\desktop-cc70a892-54b9-4712-8012-3c2b41a7e474\order_success\order_success_screen_landed\web\desktop\ch\de\order-success-screen-in-ch-de-shows-tracking-courier\actual.png,,,,0.01,SKIP,565,,GTAA_BASELINE,gTAA,local-batch,0,NOT_AVAILABLE,NOT_AVAILABLE,playwright,web,desktop,2026-06-09T17:38:55.916Z
desktop-cc70a892-54b9-4712-8012-3c2b41a7e474,order_success_screen_landed,orderSuccessScreen,orderIdLabel;orderTotalText;timeEstimateText,web,desktop,C:\Users\gilsa\Documents\Repos\Generat-Test-Automation-Architecture-TS\gTAA\visual-baselines\order_success\order_success_screen_landed\web\desktop\ch\fr\order-success-screen-in-ch-fr-shows-tracking-courier\baseline.png,C:\Users\gilsa\Documents\Repos\Generat-Test-Automation-Architecture-TS\gTAA\visual-results\desktop-cc70a892-54b9-4712-8012-3c2b41a7e474\order_success\order_success_screen_landed\web\desktop\ch\fr\order-success-screen-in-ch-fr-shows-tracking-courier\actual.png,,,,0.01,SKIP,549,,GTAA_BASELINE,gTAA,local-batch,0,NOT_AVAILABLE,NOT_AVAILABLE,playwright,web,desktop,2026-06-09T17:38:55.916Z
desktop-cc70a892-54b9-4712-8012-3c2b41a7e474,order_success_screen_landed,orderSuccessScreen,orderIdLabel;orderTotalText;timeEstimateText,web,desktop,C:\Users\gilsa\Documents\Repos\Generat-Test-Automation-Architecture-TS\gTAA\visual-baselines\order_success\order_success_screen_landed\web\desktop\jp\ja\order-success-screen-in-jp-ja-shows-tracking-courier\baseline.png,C:\Users\gilsa\Documents\Repos\Generat-Test-Automation-Architecture-TS\gTAA\visual-results\desktop-cc70a892-54b9-4712-8012-3c2b41a7e474\order_success\order_success_screen_landed\web\desktop\jp\ja\order-success-screen-in-jp-ja-shows-tracking-courier\actual.png,,,,0.01,SKIP,536,,GTAA_BASELINE,gTAA,local-batch,0,NOT_AVAILABLE,NOT_AVAILABLE,playwright,web,desktop,2026-06-09T17:38:55.916Z
desktop-cc70a892-54b9-4712-8012-3c2b41a7e474,pizzaBuilder_confirm_state,confirmAddToCartButton,,web,desktop,,,,,,0.005,SKIP,30015,WEB_SESSION_FAILURE,GTAA_BASELINE,gTAA,local-batch,0,NOT_AVAILABLE,NOT_AVAILABLE,playwright,web,desktop,2026-06-09T17:38:55.916Z
desktop-cc70a892-54b9-4712-8012-3c2b41a7e474,pizzaBuilder_confirm_state,confirmAddToCartButton,,web,desktop,,,,,,0.005,SKIP,30010,WEB_SESSION_FAILURE,GTAA_BASELINE,gTAA,local-batch,0,NOT_AVAILABLE,NOT_AVAILABLE,playwright,web,desktop,2026-06-09T17:38:55.916Z
desktop-cc70a892-54b9-4712-8012-3c2b41a7e474,pizzaBuilder_confirm_state,confirmAddToCartButton,,web,desktop,,,,,,0.005,SKIP,30002,WEB_SESSION_FAILURE,GTAA_BASELINE,gTAA,local-batch,0,NOT_AVAILABLE,NOT_AVAILABLE,playwright,web,desktop,2026-06-09T17:38:55.916Z
desktop-cc70a892-54b9-4712-8012-3c2b41a7e474,pizzaBuilder_confirm_state,confirmAddToCartButton,,web,desktop,,,,,,0.005,SKIP,30004,WEB_SESSION_FAILURE,GTAA_BASELINE,gTAA,local-batch,0,NOT_AVAILABLE,NOT_AVAILABLE,playwright,web,desktop,2026-06-09T17:38:55.916Z
desktop-cc70a892-54b9-4712-8012-3c2b41a7e474,pizzaBuilder_confirm_state,confirmAddToCartButton,,web,desktop,,,,,,0.005,SKIP,30002,WEB_SESSION_FAILURE,GTAA_BASELINE,gTAA,local-batch,0,NOT_AVAILABLE,NOT_AVAILABLE,playwright,web,desktop,2026-06-09T17:38:55.916Z
desktop-cc70a892-54b9-4712-8012-3c2b41a7e474,pizzaBuilder_size_selected,sizeOptionsList,,web,desktop,C:\Users\gilsa\Documents\Repos\Generat-Test-Automation-Architecture-TS\gTAA\visual-baselines\pizzaBuilder\pizzaBuilder_size_selected\web\desktop\selecting-a-size-updates-the-estimated-total-for-pepperoni-in-us\baseline.png,C:\Users\gilsa\Documents\Repos\Generat-Test-Automation-Architecture-TS\gTAA\visual-results\desktop-cc70a892-54b9-4712-8012-3c2b41a7e474\pizzaBuilder\pizzaBuilder_size_selected\web\desktop\selecting-a-size-updates-the-estimated-total-for-pepperoni-in-us\actual.png,,,,0.01,SKIP,1314,,GTAA_BASELINE,gTAA,local-batch,0,NOT_AVAILABLE,NOT_AVAILABLE,playwright,web,desktop,2026-06-09T17:38:55.916Z
desktop-cc70a892-54b9-4712-8012-3c2b41a7e474,pizzaBuilder_size_selected,sizeOptionsList,,web,desktop,C:\Users\gilsa\Documents\Repos\Generat-Test-Automation-Architecture-TS\gTAA\visual-baselines\pizzaBuilder\pizzaBuilder_size_selected\web\desktop\selecting-a-size-updates-the-estimated-total-for-margherita-in-mx\baseline.png,C:\Users\gilsa\Documents\Repos\Generat-Test-Automation-Architecture-TS\gTAA\visual-results\desktop-cc70a892-54b9-4712-8012-3c2b41a7e474\pizzaBuilder\pizzaBuilder_size_selected\web\desktop\selecting-a-size-updates-the-estimated-total-for-margherita-in-mx\actual.png,,,,0.01,SKIP,1380,,GTAA_BASELINE,gTAA,local-batch,0,NOT_AVAILABLE,NOT_AVAILABLE,playwright,web,desktop,2026-06-09T17:38:55.916Z
desktop-cc70a892-54b9-4712-8012-3c2b41a7e474,pizzaBuilder_size_selected,sizeOptionsList,,web,desktop,C:\Users\gilsa\Documents\Repos\Generat-Test-Automation-Architecture-TS\gTAA\visual-baselines\pizzaBuilder\pizzaBuilder_size_selected\web\desktop\selecting-a-size-updates-the-estimated-total-for-marinara-in-ch\baseline.png,C:\Users\gilsa\Documents\Repos\Generat-Test-Automation-Architecture-TS\gTAA\visual-results\desktop-cc70a892-54b9-4712-8012-3c2b41a7e474\pizzaBuilder\pizzaBuilder_size_selected\web\desktop\selecting-a-size-updates-the-estimated-total-for-marinara-in-ch\actual.png,,,,0.01,SKIP,1266,,GTAA_BASELINE,gTAA,local-batch,0,NOT_AVAILABLE,NOT_AVAILABLE,playwright,web,desktop,2026-06-09T17:38:55.916Z
desktop-cc70a892-54b9-4712-8012-3c2b41a7e474,pizzaBuilder_size_selected,sizeOptionsList,,web,desktop,C:\Users\gilsa\Documents\Repos\Generat-Test-Automation-Architecture-TS\gTAA\visual-baselines\pizzaBuilder\pizzaBuilder_size_selected\web\desktop\selecting-a-size-updates-the-estimated-total-for-marinara-in-ch\baseline.png,C:\Users\gilsa\Documents\Repos\Generat-Test-Automation-Architecture-TS\gTAA\visual-results\desktop-cc70a892-54b9-4712-8012-3c2b41a7e474\pizzaBuilder\pizzaBuilder_size_selected\web\desktop\selecting-a-size-updates-the-estimated-total-for-marinara-in-ch\actual.png,C:\Users\gilsa\Documents\Repos\Generat-Test-Automation-Architecture-TS\gTAA\visual-results\desktop-cc70a892-54b9-4712-8012-3c2b41a7e474\pizzaBuilder\pizzaBuilder_size_selected\web\desktop\selecting-a-size-updates-the-estimated-total-for-marinara-in-ch\diff.png,0,0,0.01,PASS,1391,,GTAA_BASELINE,gTAA,local-batch,0,NOT_AVAILABLE,NOT_AVAILABLE,playwright,web,desktop,2026-06-09T17:38:55.916Z
desktop-cc70a892-54b9-4712-8012-3c2b41a7e474,pizzaBuilder_size_selected,sizeOptionsList,,web,desktop,C:\Users\gilsa\Documents\Repos\Generat-Test-Automation-Architecture-TS\gTAA\visual-baselines\pizzaBuilder\pizzaBuilder_size_selected\web\desktop\selecting-a-size-updates-the-estimated-total-for-pepperoni-in-jp\baseline.png,C:\Users\gilsa\Documents\Repos\Generat-Test-Automation-Architecture-TS\gTAA\visual-results\desktop-cc70a892-54b9-4712-8012-3c2b41a7e474\pizzaBuilder\pizzaBuilder_size_selected\web\desktop\selecting-a-size-updates-the-estimated-total-for-pepperoni-in-jp\actual.png,,,,0.01,SKIP,1245,,GTAA_BASELINE,gTAA,local-batch,0,NOT_AVAILABLE,NOT_AVAILABLE,playwright,web,desktop,2026-06-09T17:38:55.916Z
desktop-cc70a892-54b9-4712-8012-3c2b41a7e474,pizzaBuilder_toppings_selected,toppingsList,customizerPriceText,web,desktop,C:\Users\gilsa\Documents\Repos\Generat-Test-Automation-Architecture-TS\gTAA\visual-baselines\pizzaBuilder\pizzaBuilder_toppings_selected\web\desktop\selecting-toppings-updates-the-estimated-total-for-pepperoni-in-us\baseline.png,C:\Users\gilsa\Documents\Repos\Generat-Test-Automation-Architecture-TS\gTAA\visual-results\desktop-cc70a892-54b9-4712-8012-3c2b41a7e474\pizzaBuilder\pizzaBuilder_toppings_selected\web\desktop\selecting-toppings-updates-the-estimated-total-for-pepperoni-in-us\actual.png,,,,0.01,SKIP,1246,,GTAA_BASELINE,gTAA,local-batch,0,NOT_AVAILABLE,NOT_AVAILABLE,playwright,web,desktop,2026-06-09T17:38:55.916Z
desktop-cc70a892-54b9-4712-8012-3c2b41a7e474,pizzaBuilder_toppings_selected,toppingsList,customizerPriceText,web,desktop,C:\Users\gilsa\Documents\Repos\Generat-Test-Automation-Architecture-TS\gTAA\visual-baselines\pizzaBuilder\pizzaBuilder_toppings_selected\web\desktop\selecting-toppings-updates-the-estimated-total-for-margherita-in-mx\baseline.png,C:\Users\gilsa\Documents\Repos\Generat-Test-Automation-Architecture-TS\gTAA\visual-results\desktop-cc70a892-54b9-4712-8012-3c2b41a7e474\pizzaBuilder\pizzaBuilder_toppings_selected\web\desktop\selecting-toppings-updates-the-estimated-total-for-margherita-in-mx\actual.png,,,,0.01,SKIP,1194,,GTAA_BASELINE,gTAA,local-batch,0,NOT_AVAILABLE,NOT_AVAILABLE,playwright,web,desktop,2026-06-09T17:38:55.916Z
desktop-cc70a892-54b9-4712-8012-3c2b41a7e474,pizzaBuilder_toppings_selected,toppingsList,customizerPriceText,web,desktop,C:\Users\gilsa\Documents\Repos\Generat-Test-Automation-Architecture-TS\gTAA\visual-baselines\pizzaBuilder\pizzaBuilder_toppings_selected\web\desktop\selecting-toppings-updates-the-estimated-total-for-marinara-in-ch\baseline.png,C:\Users\gilsa\Documents\Repos\Generat-Test-Automation-Architecture-TS\gTAA\visual-results\desktop-cc70a892-54b9-4712-8012-3c2b41a7e474\pizzaBuilder\pizzaBuilder_toppings_selected\web\desktop\selecting-toppings-updates-the-estimated-total-for-marinara-in-ch\actual.png,,,,0.01,SKIP,1265,,GTAA_BASELINE,gTAA,local-batch,0,NOT_AVAILABLE,NOT_AVAILABLE,playwright,web,desktop,2026-06-09T17:38:55.916Z
desktop-cc70a892-54b9-4712-8012-3c2b41a7e474,pizzaBuilder_toppings_selected,toppingsList,customizerPriceText,web,desktop,C:\Users\gilsa\Documents\Repos\Generat-Test-Automation-Architecture-TS\gTAA\visual-baselines\pizzaBuilder\pizzaBuilder_toppings_selected\web\desktop\selecting-toppings-updates-the-estimated-total-for-marinara-in-ch\baseline.png,C:\Users\gilsa\Documents\Repos\Generat-Test-Automation-Architecture-TS\gTAA\visual-results\desktop-cc70a892-54b9-4712-8012-3c2b41a7e474\pizzaBuilder\pizzaBuilder_toppings_selected\web\desktop\selecting-toppings-updates-the-estimated-total-for-marinara-in-ch\actual.png,C:\Users\gilsa\Documents\Repos\Generat-Test-Automation-Architecture-TS\gTAA\visual-results\desktop-cc70a892-54b9-4712-8012-3c2b41a7e474\pizzaBuilder\pizzaBuilder_toppings_selected\web\desktop\selecting-toppings-updates-the-estimated-total-for-marinara-in-ch\diff.png,0,0,0.01,PASS,1317,,GTAA_BASELINE,gTAA,local-batch,0,NOT_AVAILABLE,NOT_AVAILABLE,playwright,web,desktop,2026-06-09T17:38:55.916Z
desktop-cc70a892-54b9-4712-8012-3c2b41a7e474,pizzaBuilder_toppings_selected,toppingsList,customizerPriceText,web,desktop,C:\Users\gilsa\Documents\Repos\Generat-Test-Automation-Architecture-TS\gTAA\visual-baselines\pizzaBuilder\pizzaBuilder_toppings_selected\web\desktop\selecting-toppings-updates-the-estimated-total-for-pepperoni-in-jp\baseline.png,C:\Users\gilsa\Documents\Repos\Generat-Test-Automation-Architecture-TS\gTAA\visual-results\desktop-cc70a892-54b9-4712-8012-3c2b41a7e474\pizzaBuilder\pizzaBuilder_toppings_selected\web\desktop\selecting-toppings-updates-the-estimated-total-for-pepperoni-in-jp\actual.png,,,,0.01,SKIP,1236,,GTAA_BASELINE,gTAA,local-batch,0,NOT_AVAILABLE,NOT_AVAILABLE,playwright,web,desktop,2026-06-09T17:38:55.916Z
desktop-cc70a892-54b9-4712-8012-3c2b41a7e474,profile_card_render,profileFullNameInput,profileFullNameInput;profilePhoneNumberInput;notesInput,web,desktop,C:\Users\gilsa\Documents\Repos\Generat-Test-Automation-Architecture-TS\gTAA\visual-baselines\profile\profile_card_render\web\desktop\us\en\profile-renders-for-standard-user-in-us-en\baseline.png,C:\Users\gilsa\Documents\Repos\Generat-Test-Automation-Architecture-TS\gTAA\visual-results\desktop-cc70a892-54b9-4712-8012-3c2b41a7e474\profile\profile_card_render\web\desktop\us\en\profile-renders-for-standard-user-in-us-en\actual.png,,,,0.01,SKIP,829,,GTAA_BASELINE,gTAA,local-batch,0,NOT_AVAILABLE,NOT_AVAILABLE,playwright,web,desktop,2026-06-09T17:38:55.916Z
desktop-cc70a892-54b9-4712-8012-3c2b41a7e474,profile_card_render,profileFullNameInput,profileFullNameInput;profilePhoneNumberInput;notesInput,web,desktop,C:\Users\gilsa\Documents\Repos\Generat-Test-Automation-Architecture-TS\gTAA\visual-baselines\profile\profile_card_render\web\desktop\mx\es\profile-renders-for-standard-user-in-mx-es\baseline.png,C:\Users\gilsa\Documents\Repos\Generat-Test-Automation-Architecture-TS\gTAA\visual-results\desktop-cc70a892-54b9-4712-8012-3c2b41a7e474\profile\profile_card_render\web\desktop\mx\es\profile-renders-for-standard-user-in-mx-es\actual.png,,,,0.01,SKIP,785,,GTAA_BASELINE,gTAA,local-batch,0,NOT_AVAILABLE,NOT_AVAILABLE,playwright,web,desktop,2026-06-09T17:38:55.916Z
desktop-cc70a892-54b9-4712-8012-3c2b41a7e474,profile_card_render,profileFullNameInput,profileFullNameInput;profilePhoneNumberInput;notesInput,web,desktop,C:\Users\gilsa\Documents\Repos\Generat-Test-Automation-Architecture-TS\gTAA\visual-baselines\profile\profile_card_render\web\desktop\ch\de\profile-renders-for-standard-user-in-ch-de\baseline.png,C:\Users\gilsa\Documents\Repos\Generat-Test-Automation-Architecture-TS\gTAA\visual-results\desktop-cc70a892-54b9-4712-8012-3c2b41a7e474\profile\profile_card_render\web\desktop\ch\de\profile-renders-for-standard-user-in-ch-de\actual.png,,,,0.01,SKIP,794,,GTAA_BASELINE,gTAA,local-batch,0,NOT_AVAILABLE,NOT_AVAILABLE,playwright,web,desktop,2026-06-09T17:38:55.916Z
desktop-cc70a892-54b9-4712-8012-3c2b41a7e474,profile_card_render,profileFullNameInput,profileFullNameInput;profilePhoneNumberInput;notesInput,web,desktop,C:\Users\gilsa\Documents\Repos\Generat-Test-Automation-Architecture-TS\gTAA\visual-baselines\profile\profile_card_render\web\desktop\ch\fr\profile-renders-for-standard-user-in-ch-fr\baseline.png,C:\Users\gilsa\Documents\Repos\Generat-Test-Automation-Architecture-TS\gTAA\visual-results\desktop-cc70a892-54b9-4712-8012-3c2b41a7e474\profile\profile_card_render\web\desktop\ch\fr\profile-renders-for-standard-user-in-ch-fr\actual.png,,,,0.01,SKIP,819,,GTAA_BASELINE,gTAA,local-batch,0,NOT_AVAILABLE,NOT_AVAILABLE,playwright,web,desktop,2026-06-09T17:38:55.916Z
desktop-cc70a892-54b9-4712-8012-3c2b41a7e474,profile_card_render,profileFullNameInput,profileFullNameInput;profilePhoneNumberInput;notesInput,web,desktop,C:\Users\gilsa\Documents\Repos\Generat-Test-Automation-Architecture-TS\gTAA\visual-baselines\profile\profile_card_render\web\desktop\jp\ja\profile-renders-for-standard-user-in-jp-ja\baseline.png,C:\Users\gilsa\Documents\Repos\Generat-Test-Automation-Architecture-TS\gTAA\visual-results\desktop-cc70a892-54b9-4712-8012-3c2b41a7e474\profile\profile_card_render\web\desktop\jp\ja\profile-renders-for-standard-user-in-jp-ja\actual.png,,,,0.01,SKIP,830,,GTAA_BASELINE,gTAA,local-batch,0,NOT_AVAILABLE,NOT_AVAILABLE,playwright,web,desktop,2026-06-09T17:38:55.916Z
desktop-cc70a892-54b9-4712-8012-3c2b41a7e474,profile_post_save,profileFullNameInput,profilePhoneNumberInput;notesInput,web,desktop,C:\Users\gilsa\Documents\Repos\Generat-Test-Automation-Architecture-TS\gTAA\visual-baselines\profile\profile_post_save\web\desktop\us\en\the-profile-form-is-editable-and-the-save-is-accepted-in-us\baseline.png,C:\Users\gilsa\Documents\Repos\Generat-Test-Automation-Architecture-TS\gTAA\visual-results\desktop-cc70a892-54b9-4712-8012-3c2b41a7e474\profile\profile_post_save\web\desktop\us\en\the-profile-form-is-editable-and-the-save-is-accepted-in-us\actual.png,,,,0.01,SKIP,891,,GTAA_BASELINE,gTAA,local-batch,0,NOT_AVAILABLE,NOT_AVAILABLE,playwright,web,desktop,2026-06-09T17:38:55.916Z
desktop-cc70a892-54b9-4712-8012-3c2b41a7e474,profile_post_save,profileFullNameInput,profilePhoneNumberInput;notesInput,web,desktop,C:\Users\gilsa\Documents\Repos\Generat-Test-Automation-Architecture-TS\gTAA\visual-baselines\profile\profile_post_save\web\desktop\mx\es\the-profile-form-is-editable-and-the-save-is-accepted-in-mx\baseline.png,C:\Users\gilsa\Documents\Repos\Generat-Test-Automation-Architecture-TS\gTAA\visual-results\desktop-cc70a892-54b9-4712-8012-3c2b41a7e474\profile\profile_post_save\web\desktop\mx\es\the-profile-form-is-editable-and-the-save-is-accepted-in-mx\actual.png,,,,0.01,SKIP,829,,GTAA_BASELINE,gTAA,local-batch,0,NOT_AVAILABLE,NOT_AVAILABLE,playwright,web,desktop,2026-06-09T17:38:55.916Z
desktop-cc70a892-54b9-4712-8012-3c2b41a7e474,profile_post_save,profileFullNameInput,profilePhoneNumberInput;notesInput,web,desktop,C:\Users\gilsa\Documents\Repos\Generat-Test-Automation-Architecture-TS\gTAA\visual-baselines\profile\profile_post_save\web\desktop\ch\de\the-profile-form-is-editable-and-the-save-is-accepted-in-ch\baseline.png,C:\Users\gilsa\Documents\Repos\Generat-Test-Automation-Architecture-TS\gTAA\visual-results\desktop-cc70a892-54b9-4712-8012-3c2b41a7e474\profile\profile_post_save\web\desktop\ch\de\the-profile-form-is-editable-and-the-save-is-accepted-in-ch\actual.png,,,,0.01,SKIP,845,,GTAA_BASELINE,gTAA,local-batch,0,NOT_AVAILABLE,NOT_AVAILABLE,playwright,web,desktop,2026-06-09T17:38:55.916Z
desktop-cc70a892-54b9-4712-8012-3c2b41a7e474,profile_post_save,profileFullNameInput,profilePhoneNumberInput;notesInput,web,desktop,C:\Users\gilsa\Documents\Repos\Generat-Test-Automation-Architecture-TS\gTAA\visual-baselines\profile\profile_post_save\web\desktop\ch\fr\the-profile-form-is-editable-and-the-save-is-accepted-in-ch\baseline.png,C:\Users\gilsa\Documents\Repos\Generat-Test-Automation-Architecture-TS\gTAA\visual-results\desktop-cc70a892-54b9-4712-8012-3c2b41a7e474\profile\profile_post_save\web\desktop\ch\fr\the-profile-form-is-editable-and-the-save-is-accepted-in-ch\actual.png,,,,0.01,SKIP,883,,GTAA_BASELINE,gTAA,local-batch,0,NOT_AVAILABLE,NOT_AVAILABLE,playwright,web,desktop,2026-06-09T17:38:55.916Z
desktop-cc70a892-54b9-4712-8012-3c2b41a7e474,profile_post_save,profileFullNameInput,profilePhoneNumberInput;notesInput,web,desktop,C:\Users\gilsa\Documents\Repos\Generat-Test-Automation-Architecture-TS\gTAA\visual-baselines\profile\profile_post_save\web\desktop\jp\ja\the-profile-form-is-editable-and-the-save-is-accepted-in-jp\baseline.png,C:\Users\gilsa\Documents\Repos\Generat-Test-Automation-Architecture-TS\gTAA\visual-results\desktop-cc70a892-54b9-4712-8012-3c2b41a7e474\profile\profile_post_save\web\desktop\jp\ja\the-profile-form-is-editable-and-the-save-is-accepted-in-jp\actual.png,,,,0.01,SKIP,794,,GTAA_BASELINE,gTAA,local-batch,0,NOT_AVAILABLE,NOT_AVAILABLE,playwright,web,desktop,2026-06-09T17:38:55.916Z
desktop-ff27d096-8846-4f5a-adfa-219ee380e8f4,catalog_screen,catalogScreen,searchInput,web,desktop,C:\Users\gilsa\Documents\Repos\Generat-Test-Automation-Architecture-TS\gTAA\visual-baselines\catalog\catalog_screen\web\desktop\us\en\catalog-renders-in-us-en\baseline.png,C:\Users\gilsa\Documents\Repos\Generat-Test-Automation-Architecture-TS\gTAA\visual-results\desktop-ff27d096-8846-4f5a-adfa-219ee380e8f4\catalog\catalog_screen\web\desktop\us\en\catalog-renders-in-us-en\actual.png,C:\Users\gilsa\Documents\Repos\Generat-Test-Automation-Architecture-TS\gTAA\visual-results\desktop-ff27d096-8846-4f5a-adfa-219ee380e8f4\catalog\catalog_screen\web\desktop\us\en\catalog-renders-in-us-en\diff.png,0,0,0.01,PASS,1689,,GTAA_BASELINE,gTAA,local-batch,0,NOT_AVAILABLE,NOT_AVAILABLE,playwright,web,desktop,2026-06-09T17:38:55.916Z
desktop-ff27d096-8846-4f5a-adfa-219ee380e8f4,catalog_screen,catalogScreen,searchInput,web,desktop,C:\Users\gilsa\Documents\Repos\Generat-Test-Automation-Architecture-TS\gTAA\visual-baselines\catalog\catalog_screen\web\desktop\mx\es\catalog-renders-in-mx-es\baseline.png,C:\Users\gilsa\Documents\Repos\Generat-Test-Automation-Architecture-TS\gTAA\visual-results\desktop-ff27d096-8846-4f5a-adfa-219ee380e8f4\catalog\catalog_screen\web\desktop\mx\es\catalog-renders-in-mx-es\actual.png,C:\Users\gilsa\Documents\Repos\Generat-Test-Automation-Architecture-TS\gTAA\visual-results\desktop-ff27d096-8846-4f5a-adfa-219ee380e8f4\catalog\catalog_screen\web\desktop\mx\es\catalog-renders-in-mx-es\diff.png,0,0,0.01,PASS,1651,,GTAA_BASELINE,gTAA,local-batch,0,NOT_AVAILABLE,NOT_AVAILABLE,playwright,web,desktop,2026-06-09T17:38:55.916Z
desktop-ff27d096-8846-4f5a-adfa-219ee380e8f4,catalog_screen,catalogScreen,searchInput,web,desktop,C:\Users\gilsa\Documents\Repos\Generat-Test-Automation-Architecture-TS\gTAA\visual-baselines\catalog\catalog_screen\web\desktop\ch\de\catalog-renders-in-ch-de\baseline.png,C:\Users\gilsa\Documents\Repos\Generat-Test-Automation-Architecture-TS\gTAA\visual-results\desktop-ff27d096-8846-4f5a-adfa-219ee380e8f4\catalog\catalog_screen\web\desktop\ch\de\catalog-renders-in-ch-de\actual.png,C:\Users\gilsa\Documents\Repos\Generat-Test-Automation-Architecture-TS\gTAA\visual-results\desktop-ff27d096-8846-4f5a-adfa-219ee380e8f4\catalog\catalog_screen\web\desktop\ch\de\catalog-renders-in-ch-de\diff.png,0,0,0.01,PASS,1712,,GTAA_BASELINE,gTAA,local-batch,0,NOT_AVAILABLE,NOT_AVAILABLE,playwright,web,desktop,2026-06-09T17:38:55.916Z
desktop-ff27d096-8846-4f5a-adfa-219ee380e8f4,catalog_screen,catalogScreen,searchInput,web,desktop,C:\Users\gilsa\Documents\Repos\Generat-Test-Automation-Architecture-TS\gTAA\visual-baselines\catalog\catalog_screen\web\desktop\ch\fr\catalog-renders-in-ch-fr\baseline.png,C:\Users\gilsa\Documents\Repos\Generat-Test-Automation-Architecture-TS\gTAA\visual-results\desktop-ff27d096-8846-4f5a-adfa-219ee380e8f4\catalog\catalog_screen\web\desktop\ch\fr\catalog-renders-in-ch-fr\actual.png,C:\Users\gilsa\Documents\Repos\Generat-Test-Automation-Architecture-TS\gTAA\visual-results\desktop-ff27d096-8846-4f5a-adfa-219ee380e8f4\catalog\catalog_screen\web\desktop\ch\fr\catalog-renders-in-ch-fr\diff.png,10876,0.009034423179160022,0.01,PASS,1388,,GTAA_BASELINE,gTAA,local-batch,0,NOT_AVAILABLE,NOT_AVAILABLE,playwright,web,desktop,2026-06-09T17:38:55.916Z
desktop-ff27d096-8846-4f5a-adfa-219ee380e8f4,catalog_screen,catalogScreen,searchInput,web,desktop,C:\Users\gilsa\Documents\Repos\Generat-Test-Automation-Architecture-TS\gTAA\visual-baselines\catalog\catalog_screen\web\desktop\jp\ja\catalog-renders-in-jp-ja\baseline.png,C:\Users\gilsa\Documents\Repos\Generat-Test-Automation-Architecture-TS\gTAA\visual-results\desktop-ff27d096-8846-4f5a-adfa-219ee380e8f4\catalog\catalog_screen\web\desktop\jp\ja\catalog-renders-in-jp-ja\actual.png,C:\Users\gilsa\Documents\Repos\Generat-Test-Automation-Architecture-TS\gTAA\visual-results\desktop-ff27d096-8846-4f5a-adfa-219ee380e8f4\catalog\catalog_screen\web\desktop\jp\ja\catalog-renders-in-jp-ja\diff.png,8958,0.007441188197767145,0.01,PASS,1675,,GTAA_BASELINE,gTAA,local-batch,0,NOT_AVAILABLE,NOT_AVAILABLE,playwright,web,desktop,2026-06-09T17:38:55.916Z
desktop-ff27d096-8846-4f5a-adfa-219ee380e8f4,checkout_order_summary,orderDetailsList,orderTotalValue,web,desktop,C:\Users\gilsa\Documents\Repos\Generat-Test-Automation-Architecture-TS\gTAA\visual-baselines\checkout\checkout_order_summary\web\desktop\place-a-delivery-order-in-us-paying-with-credit-card\baseline.png,C:\Users\gilsa\Documents\Repos\Generat-Test-Automation-Architecture-TS\gTAA\visual-results\desktop-ff27d096-8846-4f5a-adfa-219ee380e8f4\checkout\checkout_order_summary\web\desktop\place-a-delivery-order-in-us-paying-with-credit-card\actual.png,C:\Users\gilsa\Documents\Repos\Generat-Test-Automation-Architecture-TS\gTAA\visual-results\desktop-ff27d096-8846-4f5a-adfa-219ee380e8f4\checkout\checkout_order_summary\web\desktop\place-a-delivery-order-in-us-paying-with-credit-card\diff.png,192,0.00013831258644536652,0.005,PASS,30363,,GTAA_BASELINE,gTAA,local-batch,0,NOT_AVAILABLE,NOT_AVAILABLE,playwright,web,desktop,2026-06-09T17:38:55.916Z
desktop-ff27d096-8846-4f5a-adfa-219ee380e8f4,checkout_order_summary,orderDetailsList,orderTotalValue,web,desktop,C:\Users\gilsa\Documents\Repos\Generat-Test-Automation-Architecture-TS\gTAA\visual-baselines\checkout\checkout_order_summary\web\desktop\place-a-delivery-order-in-mx-paying-with-credit-card\baseline.png,C:\Users\gilsa\Documents\Repos\Generat-Test-Automation-Architecture-TS\gTAA\visual-results\desktop-ff27d096-8846-4f5a-adfa-219ee380e8f4\checkout\checkout_order_summary\web\desktop\place-a-delivery-order-in-mx-paying-with-credit-card\actual.png,C:\Users\gilsa\Documents\Repos\Generat-Test-Automation-Architecture-TS\gTAA\visual-results\desktop-ff27d096-8846-4f5a-adfa-219ee380e8f4\checkout\checkout_order_summary\web\desktop\place-a-delivery-order-in-mx-paying-with-credit-card\diff.png,239,0.00017217035500230522,0.005,PASS,30299,,GTAA_BASELINE,gTAA,local-batch,0,NOT_AVAILABLE,NOT_AVAILABLE,playwright,web,desktop,2026-06-09T17:38:55.916Z
desktop-ff27d096-8846-4f5a-adfa-219ee380e8f4,checkout_order_summary,orderDetailsList,orderTotalValue,web,desktop,C:\Users\gilsa\Documents\Repos\Generat-Test-Automation-Architecture-TS\gTAA\visual-baselines\checkout\checkout_order_summary\web\desktop\place-a-delivery-order-in-ch-paying-with-credit-card\baseline.png,C:\Users\gilsa\Documents\Repos\Generat-Test-Automation-Architecture-TS\gTAA\visual-results\desktop-ff27d096-8846-4f5a-adfa-219ee380e8f4\checkout\checkout_order_summary\web\desktop\place-a-delivery-order-in-ch-paying-with-credit-card\actual.png,C:\Users\gilsa\Documents\Repos\Generat-Test-Automation-Architecture-TS\gTAA\visual-results\desktop-ff27d096-8846-4f5a-adfa-219ee380e8f4\checkout\checkout_order_summary\web\desktop\place-a-delivery-order-in-ch-paying-with-credit-card\diff.png,22622,0.01629639234670355,0.005,FAIL,30334,VISUAL_DIFF_FAILURE,GTAA_BASELINE,gTAA,local-batch,0,NOT_AVAILABLE,NOT_AVAILABLE,playwright,web,desktop,2026-06-09T17:38:55.916Z
desktop-ff27d096-8846-4f5a-adfa-219ee380e8f4,checkout_order_summary,orderDetailsList,orderTotalValue,web,desktop,C:\Users\gilsa\Documents\Repos\Generat-Test-Automation-Architecture-TS\gTAA\visual-baselines\checkout\checkout_order_summary\web\desktop\place-a-delivery-order-in-jp-paying-with-credit-card\baseline.png,C:\Users\gilsa\Documents\Repos\Generat-Test-Automation-Architecture-TS\gTAA\visual-results\desktop-ff27d096-8846-4f5a-adfa-219ee380e8f4\checkout\checkout_order_summary\web\desktop\place-a-delivery-order-in-jp-paying-with-credit-card\actual.png,C:\Users\gilsa\Documents\Repos\Generat-Test-Automation-Architecture-TS\gTAA\visual-results\desktop-ff27d096-8846-4f5a-adfa-219ee380e8f4\checkout\checkout_order_summary\web\desktop\place-a-delivery-order-in-jp-paying-with-credit-card\diff.png,254,0.00018297602581834947,0.005,PASS,30300,,GTAA_BASELINE,gTAA,local-batch,0,NOT_AVAILABLE,NOT_AVAILABLE,playwright,web,desktop,2026-06-09T17:38:55.916Z
desktop-ff27d096-8846-4f5a-adfa-219ee380e8f4,checkout_order_summary,orderDetailsList,orderTotalValue,web,desktop,C:\Users\gilsa\Documents\Repos\Generat-Test-Automation-Architecture-TS\gTAA\visual-baselines\checkout\checkout_order_summary\web\desktop\place-a-delivery-order-in-us-paying-with-cash\baseline.png,C:\Users\gilsa\Documents\Repos\Generat-Test-Automation-Architecture-TS\gTAA\visual-results\desktop-ff27d096-8846-4f5a-adfa-219ee380e8f4\checkout\checkout_order_summary\web\desktop\place-a-delivery-order-in-us-paying-with-cash\actual.png,C:\Users\gilsa\Documents\Repos\Generat-Test-Automation-Architecture-TS\gTAA\visual-results\desktop-ff27d096-8846-4f5a-adfa-219ee380e8f4\checkout\checkout_order_summary\web\desktop\place-a-delivery-order-in-us-paying-with-cash\diff.png,209,0.0001505590133702167,0.005,PASS,30323,,GTAA_BASELINE,gTAA,local-batch,0,NOT_AVAILABLE,NOT_AVAILABLE,playwright,web,desktop,2026-06-09T17:38:55.916Z
desktop-ff27d096-8846-4f5a-adfa-219ee380e8f4,checkout_order_summary,orderDetailsList,orderTotalValue,web,desktop,C:\Users\gilsa\Documents\Repos\Generat-Test-Automation-Architecture-TS\gTAA\visual-baselines\checkout\checkout_order_summary\web\desktop\place-a-delivery-order-in-mx-paying-with-cash\baseline.png,C:\Users\gilsa\Documents\Repos\Generat-Test-Automation-Architecture-TS\gTAA\visual-results\desktop-ff27d096-8846-4f5a-adfa-219ee380e8f4\checkout\checkout_order_summary\web\desktop\place-a-delivery-order-in-mx-paying-with-cash\actual.png,C:\Users\gilsa\Documents\Repos\Generat-Test-Automation-Architecture-TS\gTAA\visual-results\desktop-ff27d096-8846-4f5a-adfa-219ee380e8f4\checkout\checkout_order_summary\web\desktop\place-a-delivery-order-in-mx-paying-with-cash\diff.png,217,0.00015632203780544028,0.005,PASS,30307,,GTAA_BASELINE,gTAA,local-batch,0,NOT_AVAILABLE,NOT_AVAILABLE,playwright,web,desktop,2026-06-09T17:38:55.916Z
desktop-ff27d096-8846-4f5a-adfa-219ee380e8f4,checkout_order_summary,orderDetailsList,orderTotalValue,web,desktop,C:\Users\gilsa\Documents\Repos\Generat-Test-Automation-Architecture-TS\gTAA\visual-baselines\checkout\checkout_order_summary\web\desktop\place-a-delivery-order-in-ch-paying-with-cash\baseline.png,C:\Users\gilsa\Documents\Repos\Generat-Test-Automation-Architecture-TS\gTAA\visual-results\desktop-ff27d096-8846-4f5a-adfa-219ee380e8f4\checkout\checkout_order_summary\web\desktop\place-a-delivery-order-in-ch-paying-with-cash\actual.png,C:\Users\gilsa\Documents\Repos\Generat-Test-Automation-Architecture-TS\gTAA\visual-results\desktop-ff27d096-8846-4f5a-adfa-219ee380e8f4\checkout\checkout_order_summary\web\desktop\place-a-delivery-order-in-ch-paying-with-cash\diff.png,207,0.0001491182572614108,0.005,PASS,30333,,GTAA_BASELINE,gTAA,local-batch,0,NOT_AVAILABLE,NOT_AVAILABLE,playwright,web,desktop,2026-06-09T17:38:55.916Z
desktop-ff27d096-8846-4f5a-adfa-219ee380e8f4,checkout_order_summary,orderDetailsList,orderTotalValue,web,desktop,C:\Users\gilsa\Documents\Repos\Generat-Test-Automation-Architecture-TS\gTAA\visual-baselines\checkout\checkout_order_summary\web\desktop\place-a-delivery-order-in-jp-paying-with-cash\baseline.png,C:\Users\gilsa\Documents\Repos\Generat-Test-Automation-Architecture-TS\gTAA\visual-results\desktop-ff27d096-8846-4f5a-adfa-219ee380e8f4\checkout\checkout_order_summary\web\desktop\place-a-delivery-order-in-jp-paying-with-cash\actual.png,C:\Users\gilsa\Documents\Repos\Generat-Test-Automation-Architecture-TS\gTAA\visual-results\desktop-ff27d096-8846-4f5a-adfa-219ee380e8f4\checkout\checkout_order_summary\web\desktop\place-a-delivery-order-in-jp-paying-with-cash\diff.png,274,0.0001973835869064085,0.005,PASS,30404,,GTAA_BASELINE,gTAA,local-batch,0,NOT_AVAILABLE,NOT_AVAILABLE,playwright,web,desktop,2026-06-09T17:38:55.916Z
desktop-ff27d096-8846-4f5a-adfa-219ee380e8f4,login_screen_invalid_credentials,loginScreen,usernameInput;passwordInput,web,desktop,C:\Users\gilsa\Documents\Repos\Generat-Test-Automation-Architecture-TS\gTAA\visual-baselines\login\login_screen_invalid_credentials\web\desktop\login-rejected-when-username-is-missing\baseline.png,C:\Users\gilsa\Documents\Repos\Generat-Test-Automation-Architecture-TS\gTAA\visual-results\desktop-ff27d096-8846-4f5a-adfa-219ee380e8f4\login\login_screen_invalid_credentials\web\desktop\login-rejected-when-username-is-missing\actual.png,C:\Users\gilsa\Documents\Repos\Generat-Test-Automation-Architecture-TS\gTAA\visual-results\desktop-ff27d096-8846-4f5a-adfa-219ee380e8f4\login\login_screen_invalid_credentials\web\desktop\login-rejected-when-username-is-missing\diff.png,0,0,0.01,PASS,1640,,GTAA_BASELINE,gTAA,local-batch,0,NOT_AVAILABLE,NOT_AVAILABLE,playwright,web,desktop,2026-06-09T17:38:55.916Z
desktop-ff27d096-8846-4f5a-adfa-219ee380e8f4,login_screen_invalid_credentials,loginScreen,usernameInput;passwordInput,web,desktop,C:\Users\gilsa\Documents\Repos\Generat-Test-Automation-Architecture-TS\gTAA\visual-baselines\login\login_screen_invalid_credentials\web\desktop\login-rejected-when-password-is-missing\baseline.png,C:\Users\gilsa\Documents\Repos\Generat-Test-Automation-Architecture-TS\gTAA\visual-results\desktop-ff27d096-8846-4f5a-adfa-219ee380e8f4\login\login_screen_invalid_credentials\web\desktop\login-rejected-when-password-is-missing\actual.png,C:\Users\gilsa\Documents\Repos\Generat-Test-Automation-Architecture-TS\gTAA\visual-results\desktop-ff27d096-8846-4f5a-adfa-219ee380e8f4\login\login_screen_invalid_credentials\web\desktop\login-rejected-when-password-is-missing\diff.png,0,0,0.01,PASS,1666,,GTAA_BASELINE,gTAA,local-batch,0,NOT_AVAILABLE,NOT_AVAILABLE,playwright,web,desktop,2026-06-09T17:38:55.916Z
desktop-ff27d096-8846-4f5a-adfa-219ee380e8f4,login_screen_invalid_credentials,loginScreen,usernameInput;passwordInput,web,desktop,C:\Users\gilsa\Documents\Repos\Generat-Test-Automation-Architecture-TS\gTAA\visual-baselines\login\login_screen_invalid_credentials\web\desktop\login-rejected-when-both-fields-are-empty\baseline.png,C:\Users\gilsa\Documents\Repos\Generat-Test-Automation-Architecture-TS\gTAA\visual-results\desktop-ff27d096-8846-4f5a-adfa-219ee380e8f4\login\login_screen_invalid_credentials\web\desktop\login-rejected-when-both-fields-are-empty\actual.png,C:\Users\gilsa\Documents\Repos\Generat-Test-Automation-Architecture-TS\gTAA\visual-results\desktop-ff27d096-8846-4f5a-adfa-219ee380e8f4\login\login_screen_invalid_credentials\web\desktop\login-rejected-when-both-fields-are-empty\diff.png,0,0,0.01,PASS,1592,,GTAA_BASELINE,gTAA,local-batch,0,NOT_AVAILABLE,NOT_AVAILABLE,playwright,web,desktop,2026-06-09T17:38:55.916Z
desktop-ff27d096-8846-4f5a-adfa-219ee380e8f4,login_screen_invalid_credentials,loginScreen,usernameInput;passwordInput,web,desktop,C:\Users\gilsa\Documents\Repos\Generat-Test-Automation-Architecture-TS\gTAA\visual-baselines\login\login_screen_invalid_credentials\web\desktop\login-rejected-when-credentials-are-wrong\baseline.png,C:\Users\gilsa\Documents\Repos\Generat-Test-Automation-Architecture-TS\gTAA\visual-results\desktop-ff27d096-8846-4f5a-adfa-219ee380e8f4\login\login_screen_invalid_credentials\web\desktop\login-rejected-when-credentials-are-wrong\actual.png,C:\Users\gilsa\Documents\Repos\Generat-Test-Automation-Architecture-TS\gTAA\visual-results\desktop-ff27d096-8846-4f5a-adfa-219ee380e8f4\login\login_screen_invalid_credentials\web\desktop\login-rejected-when-credentials-are-wrong\diff.png,0,0,0.01,PASS,402,,GTAA_BASELINE,gTAA,local-batch,0,NOT_AVAILABLE,NOT_AVAILABLE,playwright,web,desktop,2026-06-09T17:38:55.916Z
desktop-ff27d096-8846-4f5a-adfa-219ee380e8f4,login_screen_invalid_credentials,loginScreen,usernameInput;passwordInput,web,desktop,C:\Users\gilsa\Documents\Repos\Generat-Test-Automation-Architecture-TS\gTAA\visual-baselines\login\login_screen_invalid_credentials\web\desktop\login-rejected-when-user-is-locked-out\baseline.png,C:\Users\gilsa\Documents\Repos\Generat-Test-Automation-Architecture-TS\gTAA\visual-results\desktop-ff27d096-8846-4f5a-adfa-219ee380e8f4\login\login_screen_invalid_credentials\web\desktop\login-rejected-when-user-is-locked-out\actual.png,C:\Users\gilsa\Documents\Repos\Generat-Test-Automation-Architecture-TS\gTAA\visual-results\desktop-ff27d096-8846-4f5a-adfa-219ee380e8f4\login\login_screen_invalid_credentials\web\desktop\login-rejected-when-user-is-locked-out\diff.png,0,0,0.01,PASS,1367,,GTAA_BASELINE,gTAA,local-batch,0,NOT_AVAILABLE,NOT_AVAILABLE,playwright,web,desktop,2026-06-09T17:38:55.916Z
desktop-ff27d096-8846-4f5a-adfa-219ee380e8f4,login_screen_localized,logoutButton,,web,desktop,C:\Users\gilsa\Documents\Repos\Generat-Test-Automation-Architecture-TS\gTAA\visual-baselines\login\login_screen_localized\web\desktop\us\english\logout-label-is-translated-to-english-after-market-us\baseline.png,C:\Users\gilsa\Documents\Repos\Generat-Test-Automation-Architecture-TS\gTAA\visual-results\desktop-ff27d096-8846-4f5a-adfa-219ee380e8f4\login\login_screen_localized\web\desktop\us\english\logout-label-is-translated-to-english-after-market-us\actual.png,C:\Users\gilsa\Documents\Repos\Generat-Test-Automation-Architecture-TS\gTAA\visual-results\desktop-ff27d096-8846-4f5a-adfa-219ee380e8f4\login\login_screen_localized\web\desktop\us\english\logout-label-is-translated-to-english-after-market-us\diff.png,0,0,0.02,PASS,1629,,GTAA_BASELINE,gTAA,local-batch,0,NOT_AVAILABLE,NOT_AVAILABLE,playwright,web,desktop,2026-06-09T17:38:55.916Z
desktop-ff27d096-8846-4f5a-adfa-219ee380e8f4,login_screen_localized,logoutButton,,web,desktop,C:\Users\gilsa\Documents\Repos\Generat-Test-Automation-Architecture-TS\gTAA\visual-baselines\login\login_screen_localized\web\desktop\mx\spanish\logout-label-is-translated-to-spanish-after-market-mx\baseline.png,C:\Users\gilsa\Documents\Repos\Generat-Test-Automation-Architecture-TS\gTAA\visual-results\desktop-ff27d096-8846-4f5a-adfa-219ee380e8f4\login\login_screen_localized\web\desktop\mx\spanish\logout-label-is-translated-to-spanish-after-market-mx\actual.png,C:\Users\gilsa\Documents\Repos\Generat-Test-Automation-Architecture-TS\gTAA\visual-results\desktop-ff27d096-8846-4f5a-adfa-219ee380e8f4\login\login_screen_localized\web\desktop\mx\spanish\logout-label-is-translated-to-spanish-after-market-mx\diff.png,0,0,0.02,PASS,1880,,GTAA_BASELINE,gTAA,local-batch,0,NOT_AVAILABLE,NOT_AVAILABLE,playwright,web,desktop,2026-06-09T17:38:55.916Z
desktop-ff27d096-8846-4f5a-adfa-219ee380e8f4,login_screen_localized,logoutButton,,web,desktop,C:\Users\gilsa\Documents\Repos\Generat-Test-Automation-Architecture-TS\gTAA\visual-baselines\login\login_screen_localized\web\desktop\ch\german\logout-label-is-translated-to-german-after-market-ch\baseline.png,C:\Users\gilsa\Documents\Repos\Generat-Test-Automation-Architecture-TS\gTAA\visual-results\desktop-ff27d096-8846-4f5a-adfa-219ee380e8f4\login\login_screen_localized\web\desktop\ch\german\logout-label-is-translated-to-german-after-market-ch\actual.png,C:\Users\gilsa\Documents\Repos\Generat-Test-Automation-Architecture-TS\gTAA\visual-results\desktop-ff27d096-8846-4f5a-adfa-219ee380e8f4\login\login_screen_localized\web\desktop\ch\german\logout-label-is-translated-to-german-after-market-ch\diff.png,0,0,0.02,PASS,1793,,GTAA_BASELINE,gTAA,local-batch,0,NOT_AVAILABLE,NOT_AVAILABLE,playwright,web,desktop,2026-06-09T17:38:55.916Z
desktop-ff27d096-8846-4f5a-adfa-219ee380e8f4,login_screen_localized,logoutButton,,web,desktop,C:\Users\gilsa\Documents\Repos\Generat-Test-Automation-Architecture-TS\gTAA\visual-baselines\login\login_screen_localized\web\desktop\ch\french\logout-label-is-translated-to-french-after-market-ch\baseline.png,C:\Users\gilsa\Documents\Repos\Generat-Test-Automation-Architecture-TS\gTAA\visual-results\desktop-ff27d096-8846-4f5a-adfa-219ee380e8f4\login\login_screen_localized\web\desktop\ch\french\logout-label-is-translated-to-french-after-market-ch\actual.png,C:\Users\gilsa\Documents\Repos\Generat-Test-Automation-Architecture-TS\gTAA\visual-results\desktop-ff27d096-8846-4f5a-adfa-219ee380e8f4\login\login_screen_localized\web\desktop\ch\french\logout-label-is-translated-to-french-after-market-ch\diff.png,0,0,0.02,PASS,1597,,GTAA_BASELINE,gTAA,local-batch,0,NOT_AVAILABLE,NOT_AVAILABLE,playwright,web,desktop,2026-06-09T17:38:55.916Z
desktop-ff27d096-8846-4f5a-adfa-219ee380e8f4,login_screen_localized,logoutButton,,web,desktop,C:\Users\gilsa\Documents\Repos\Generat-Test-Automation-Architecture-TS\gTAA\visual-baselines\login\login_screen_localized\web\desktop\jp\japanese\logout-label-is-translated-to-japanese-after-market-jp\baseline.png,C:\Users\gilsa\Documents\Repos\Generat-Test-Automation-Architecture-TS\gTAA\visual-results\desktop-ff27d096-8846-4f5a-adfa-219ee380e8f4\login\login_screen_localized\web\desktop\jp\japanese\logout-label-is-translated-to-japanese-after-market-jp\actual.png,C:\Users\gilsa\Documents\Repos\Generat-Test-Automation-Architecture-TS\gTAA\visual-results\desktop-ff27d096-8846-4f5a-adfa-219ee380e8f4\login\login_screen_localized\web\desktop\jp\japanese\logout-label-is-translated-to-japanese-after-market-jp\diff.png,0,0,0.02,PASS,1822,,GTAA_BASELINE,gTAA,local-batch,0,NOT_AVAILABLE,NOT_AVAILABLE,playwright,web,desktop,2026-06-09T17:38:55.916Z
desktop-ff27d096-8846-4f5a-adfa-219ee380e8f4,navbar_desktop_strip,navLogo,,web,desktop,C:\Users\gilsa\Documents\Repos\Generat-Test-Automation-Architecture-TS\gTAA\visual-baselines\navbar\navbar_desktop_strip\web\desktop\us\en\desktop-navbar-links-are-present-in-us\baseline.png,C:\Users\gilsa\Documents\Repos\Generat-Test-Automation-Architecture-TS\gTAA\visual-results\desktop-ff27d096-8846-4f5a-adfa-219ee380e8f4\navbar\navbar_desktop_strip\web\desktop\us\en\desktop-navbar-links-are-present-in-us\actual.png,C:\Users\gilsa\Documents\Repos\Generat-Test-Automation-Architecture-TS\gTAA\visual-results\desktop-ff27d096-8846-4f5a-adfa-219ee380e8f4\navbar\navbar_desktop_strip\web\desktop\us\en\desktop-navbar-links-are-present-in-us\diff.png,0,0,0.01,PASS,1382,,GTAA_BASELINE,gTAA,local-batch,0,NOT_AVAILABLE,NOT_AVAILABLE,playwright,web,desktop,2026-06-09T17:38:55.916Z
desktop-ff27d096-8846-4f5a-adfa-219ee380e8f4,navbar_desktop_strip,navLogo,,web,desktop,C:\Users\gilsa\Documents\Repos\Generat-Test-Automation-Architecture-TS\gTAA\visual-baselines\navbar\navbar_desktop_strip\web\desktop\mx\es\desktop-navbar-links-are-present-in-mx\baseline.png,C:\Users\gilsa\Documents\Repos\Generat-Test-Automation-Architecture-TS\gTAA\visual-results\desktop-ff27d096-8846-4f5a-adfa-219ee380e8f4\navbar\navbar_desktop_strip\web\desktop\mx\es\desktop-navbar-links-are-present-in-mx\actual.png,C:\Users\gilsa\Documents\Repos\Generat-Test-Automation-Architecture-TS\gTAA\visual-results\desktop-ff27d096-8846-4f5a-adfa-219ee380e8f4\navbar\navbar_desktop_strip\web\desktop\mx\es\desktop-navbar-links-are-present-in-mx\diff.png,0,0,0.01,PASS,1325,,GTAA_BASELINE,gTAA,local-batch,0,NOT_AVAILABLE,NOT_AVAILABLE,playwright,web,desktop,2026-06-09T17:38:55.916Z
desktop-ff27d096-8846-4f5a-adfa-219ee380e8f4,navbar_desktop_strip,navLogo,,web,desktop,C:\Users\gilsa\Documents\Repos\Generat-Test-Automation-Architecture-TS\gTAA\visual-baselines\navbar\navbar_desktop_strip\web\desktop\ch\de\desktop-navbar-links-are-present-in-ch\baseline.png,C:\Users\gilsa\Documents\Repos\Generat-Test-Automation-Architecture-TS\gTAA\visual-results\desktop-ff27d096-8846-4f5a-adfa-219ee380e8f4\navbar\navbar_desktop_strip\web\desktop\ch\de\desktop-navbar-links-are-present-in-ch\actual.png,C:\Users\gilsa\Documents\Repos\Generat-Test-Automation-Architecture-TS\gTAA\visual-results\desktop-ff27d096-8846-4f5a-adfa-219ee380e8f4\navbar\navbar_desktop_strip\web\desktop\ch\de\desktop-navbar-links-are-present-in-ch\diff.png,0,0,0.01,PASS,1356,,GTAA_BASELINE,gTAA,local-batch,0,NOT_AVAILABLE,NOT_AVAILABLE,playwright,web,desktop,2026-06-09T17:38:55.916Z
desktop-ff27d096-8846-4f5a-adfa-219ee380e8f4,navbar_desktop_strip,navLogo,,web,desktop,C:\Users\gilsa\Documents\Repos\Generat-Test-Automation-Architecture-TS\gTAA\visual-baselines\navbar\navbar_desktop_strip\web\desktop\ch\fr\desktop-navbar-links-are-present-in-ch\baseline.png,C:\Users\gilsa\Documents\Repos\Generat-Test-Automation-Architecture-TS\gTAA\visual-results\desktop-ff27d096-8846-4f5a-adfa-219ee380e8f4\navbar\navbar_desktop_strip\web\desktop\ch\fr\desktop-navbar-links-are-present-in-ch\actual.png,C:\Users\gilsa\Documents\Repos\Generat-Test-Automation-Architecture-TS\gTAA\visual-results\desktop-ff27d096-8846-4f5a-adfa-219ee380e8f4\navbar\navbar_desktop_strip\web\desktop\ch\fr\desktop-navbar-links-are-present-in-ch\diff.png,0,0,0.01,PASS,1626,,GTAA_BASELINE,gTAA,local-batch,0,NOT_AVAILABLE,NOT_AVAILABLE,playwright,web,desktop,2026-06-09T17:38:55.916Z
desktop-ff27d096-8846-4f5a-adfa-219ee380e8f4,navbar_desktop_strip,navLogo,,web,desktop,C:\Users\gilsa\Documents\Repos\Generat-Test-Automation-Architecture-TS\gTAA\visual-baselines\navbar\navbar_desktop_strip\web\desktop\jp\ja\desktop-navbar-links-are-present-in-jp\baseline.png,C:\Users\gilsa\Documents\Repos\Generat-Test-Automation-Architecture-TS\gTAA\visual-results\desktop-ff27d096-8846-4f5a-adfa-219ee380e8f4\navbar\navbar_desktop_strip\web\desktop\jp\ja\desktop-navbar-links-are-present-in-jp\actual.png,C:\Users\gilsa\Documents\Repos\Generat-Test-Automation-Architecture-TS\gTAA\visual-results\desktop-ff27d096-8846-4f5a-adfa-219ee380e8f4\navbar\navbar_desktop_strip\web\desktop\jp\ja\desktop-navbar-links-are-present-in-jp\diff.png,0,0,0.01,PASS,1735,,GTAA_BASELINE,gTAA,local-batch,0,NOT_AVAILABLE,NOT_AVAILABLE,playwright,web,desktop,2026-06-09T17:38:55.916Z
desktop-ff27d096-8846-4f5a-adfa-219ee380e8f4,navbar_header_language_switcher,languageDEButton,,web,desktop,C:\Users\gilsa\Documents\Repos\Generat-Test-Automation-Architecture-TS\gTAA\visual-baselines\navbar\navbar_header_language_switcher\web\desktop\ch\fr\header-language-switcher-updates-the-locale-in-ch-de-fr\baseline.png,C:\Users\gilsa\Documents\Repos\Generat-Test-Automation-Architecture-TS\gTAA\visual-results\desktop-ff27d096-8846-4f5a-adfa-219ee380e8f4\navbar\navbar_header_language_switcher\web\desktop\ch\fr\header-language-switcher-updates-the-locale-in-ch-de-fr\actual.png,C:\Users\gilsa\Documents\Repos\Generat-Test-Automation-Architecture-TS\gTAA\visual-results\desktop-ff27d096-8846-4f5a-adfa-219ee380e8f4\navbar\navbar_header_language_switcher\web\desktop\ch\fr\header-language-switcher-updates-the-locale-in-ch-de-fr\diff.png,0,0,0.02,PASS,1514,,GTAA_BASELINE,gTAA,local-batch,0,NOT_AVAILABLE,NOT_AVAILABLE,playwright,web,desktop,2026-06-09T17:38:55.916Z
desktop-ff27d096-8846-4f5a-adfa-219ee380e8f4,navbar_header_language_switcher,languageDEButton,,web,desktop,C:\Users\gilsa\Documents\Repos\Generat-Test-Automation-Architecture-TS\gTAA\visual-baselines\navbar\navbar_header_language_switcher\web\desktop\ch\de\header-language-switcher-updates-the-locale-in-ch-fr-de\baseline.png,C:\Users\gilsa\Documents\Repos\Generat-Test-Automation-Architecture-TS\gTAA\visual-results\desktop-ff27d096-8846-4f5a-adfa-219ee380e8f4\navbar\navbar_header_language_switcher\web\desktop\ch\de\header-language-switcher-updates-the-locale-in-ch-fr-de\actual.png,C:\Users\gilsa\Documents\Repos\Generat-Test-Automation-Architecture-TS\gTAA\visual-results\desktop-ff27d096-8846-4f5a-adfa-219ee380e8f4\navbar\navbar_header_language_switcher\web\desktop\ch\de\header-language-switcher-updates-the-locale-in-ch-fr-de\diff.png,0,0,0.02,PASS,1433,,GTAA_BASELINE,gTAA,local-batch,0,NOT_AVAILABLE,NOT_AVAILABLE,playwright,web,desktop,2026-06-09T17:38:55.916Z
desktop-ff27d096-8846-4f5a-adfa-219ee380e8f4,order_success_screen_landed,orderSuccessScreen,orderIdLabel;orderTotalText;timeEstimateText,web,desktop,C:\Users\gilsa\Documents\Repos\Generat-Test-Automation-Architecture-TS\gTAA\visual-baselines\order_success\order_success_screen_landed\web\desktop\us\en\order-success-screen-in-us-en-shows-tracking-courier\baseline.png,C:\Users\gilsa\Documents\Repos\Generat-Test-Automation-Architecture-TS\gTAA\visual-results\desktop-ff27d096-8846-4f5a-adfa-219ee380e8f4\order_success\order_success_screen_landed\web\desktop\us\en\order-success-screen-in-us-en-shows-tracking-courier\actual.png,C:\Users\gilsa\Documents\Repos\Generat-Test-Automation-Architecture-TS\gTAA\visual-results\desktop-ff27d096-8846-4f5a-adfa-219ee380e8f4\order_success\order_success_screen_landed\web\desktop\us\en\order-success-screen-in-us-en-shows-tracking-courier\diff.png,0,0,0.01,PASS,574,,GTAA_BASELINE,gTAA,local-batch,0,NOT_AVAILABLE,NOT_AVAILABLE,playwright,web,desktop,2026-06-09T17:38:55.916Z
desktop-ff27d096-8846-4f5a-adfa-219ee380e8f4,order_success_screen_landed,orderSuccessScreen,orderIdLabel;orderTotalText;timeEstimateText,web,desktop,C:\Users\gilsa\Documents\Repos\Generat-Test-Automation-Architecture-TS\gTAA\visual-baselines\order_success\order_success_screen_landed\web\desktop\mx\es\order-success-screen-in-mx-es-shows-tracking-courier\baseline.png,C:\Users\gilsa\Documents\Repos\Generat-Test-Automation-Architecture-TS\gTAA\visual-results\desktop-ff27d096-8846-4f5a-adfa-219ee380e8f4\order_success\order_success_screen_landed\web\desktop\mx\es\order-success-screen-in-mx-es-shows-tracking-courier\actual.png,C:\Users\gilsa\Documents\Repos\Generat-Test-Automation-Architecture-TS\gTAA\visual-results\desktop-ff27d096-8846-4f5a-adfa-219ee380e8f4\order_success\order_success_screen_landed\web\desktop\mx\es\order-success-screen-in-mx-es-shows-tracking-courier\diff.png,0,0,0.01,PASS,530,,GTAA_BASELINE,gTAA,local-batch,0,NOT_AVAILABLE,NOT_AVAILABLE,playwright,web,desktop,2026-06-09T17:38:55.916Z
desktop-ff27d096-8846-4f5a-adfa-219ee380e8f4,order_success_screen_landed,orderSuccessScreen,orderIdLabel;orderTotalText;timeEstimateText,web,desktop,C:\Users\gilsa\Documents\Repos\Generat-Test-Automation-Architecture-TS\gTAA\visual-baselines\order_success\order_success_screen_landed\web\desktop\ch\de\order-success-screen-in-ch-de-shows-tracking-courier\baseline.png,C:\Users\gilsa\Documents\Repos\Generat-Test-Automation-Architecture-TS\gTAA\visual-results\desktop-ff27d096-8846-4f5a-adfa-219ee380e8f4\order_success\order_success_screen_landed\web\desktop\ch\de\order-success-screen-in-ch-de-shows-tracking-courier\actual.png,C:\Users\gilsa\Documents\Repos\Generat-Test-Automation-Architecture-TS\gTAA\visual-results\desktop-ff27d096-8846-4f5a-adfa-219ee380e8f4\order_success\order_success_screen_landed\web\desktop\ch\de\order-success-screen-in-ch-de-shows-tracking-courier\diff.png,0,0,0.01,PASS,543,,GTAA_BASELINE,gTAA,local-batch,0,NOT_AVAILABLE,NOT_AVAILABLE,playwright,web,desktop,2026-06-09T17:38:55.916Z
desktop-ff27d096-8846-4f5a-adfa-219ee380e8f4,order_success_screen_landed,orderSuccessScreen,orderIdLabel;orderTotalText;timeEstimateText,web,desktop,C:\Users\gilsa\Documents\Repos\Generat-Test-Automation-Architecture-TS\gTAA\visual-baselines\order_success\order_success_screen_landed\web\desktop\ch\fr\order-success-screen-in-ch-fr-shows-tracking-courier\baseline.png,C:\Users\gilsa\Documents\Repos\Generat-Test-Automation-Architecture-TS\gTAA\visual-results\desktop-ff27d096-8846-4f5a-adfa-219ee380e8f4\order_success\order_success_screen_landed\web\desktop\ch\fr\order-success-screen-in-ch-fr-shows-tracking-courier\actual.png,C:\Users\gilsa\Documents\Repos\Generat-Test-Automation-Architecture-TS\gTAA\visual-results\desktop-ff27d096-8846-4f5a-adfa-219ee380e8f4\order_success\order_success_screen_landed\web\desktop\ch\fr\order-success-screen-in-ch-fr-shows-tracking-courier\diff.png,0,0,0.01,PASS,109,,GTAA_BASELINE,gTAA,local-batch,0,NOT_AVAILABLE,NOT_AVAILABLE,playwright,web,desktop,2026-06-09T17:38:55.916Z
desktop-ff27d096-8846-4f5a-adfa-219ee380e8f4,order_success_screen_landed,orderSuccessScreen,orderIdLabel;orderTotalText;timeEstimateText,web,desktop,C:\Users\gilsa\Documents\Repos\Generat-Test-Automation-Architecture-TS\gTAA\visual-baselines\order_success\order_success_screen_landed\web\desktop\jp\ja\order-success-screen-in-jp-ja-shows-tracking-courier\baseline.png,C:\Users\gilsa\Documents\Repos\Generat-Test-Automation-Architecture-TS\gTAA\visual-results\desktop-ff27d096-8846-4f5a-adfa-219ee380e8f4\order_success\order_success_screen_landed\web\desktop\jp\ja\order-success-screen-in-jp-ja-shows-tracking-courier\actual.png,C:\Users\gilsa\Documents\Repos\Generat-Test-Automation-Architecture-TS\gTAA\visual-results\desktop-ff27d096-8846-4f5a-adfa-219ee380e8f4\order_success\order_success_screen_landed\web\desktop\jp\ja\order-success-screen-in-jp-ja-shows-tracking-courier\diff.png,0,0,0.01,PASS,448,,GTAA_BASELINE,gTAA,local-batch,0,NOT_AVAILABLE,NOT_AVAILABLE,playwright,web,desktop,2026-06-09T17:38:55.916Z
desktop-ff27d096-8846-4f5a-adfa-219ee380e8f4,pizzaBuilder_confirm_state,confirmAddToCartButton,,web,desktop,C:\Users\gilsa\Documents\Repos\Generat-Test-Automation-Architecture-TS\gTAA\visual-baselines\pizzaBuilder\pizzaBuilder_confirm_state\web\desktop\confirming-add-to-cart-closes-the-builder-and-increments-the-navbar-cart-count-i\baseline.png,C:\Users\gilsa\Documents\Repos\Generat-Test-Automation-Architecture-TS\gTAA\visual-results\desktop-ff27d096-8846-4f5a-adfa-219ee380e8f4\pizzaBuilder\pizzaBuilder_confirm_state\web\desktop\confirming-add-to-cart-closes-the-builder-and-increments-the-navbar-cart-count-i\actual.png,C:\Users\gilsa\Documents\Repos\Generat-Test-Automation-Architecture-TS\gTAA\visual-results\desktop-ff27d096-8846-4f5a-adfa-219ee380e8f4\pizzaBuilder\pizzaBuilder_confirm_state\web\desktop\confirming-add-to-cart-closes-the-builder-and-increments-the-navbar-cart-count-i\diff.png,0,0,0.005,PASS,30680,,GTAA_BASELINE,gTAA,local-batch,0,NOT_AVAILABLE,NOT_AVAILABLE,playwright,web,desktop,2026-06-09T17:38:55.916Z
desktop-ff27d096-8846-4f5a-adfa-219ee380e8f4,pizzaBuilder_confirm_state,confirmAddToCartButton,,web,desktop,,,,,,0.005,SKIP,36380,WEB_SESSION_FAILURE,GTAA_BASELINE,gTAA,local-batch,0,NOT_AVAILABLE,NOT_AVAILABLE,playwright,web,desktop,2026-06-09T17:38:55.916Z
desktop-ff27d096-8846-4f5a-adfa-219ee380e8f4,pizzaBuilder_confirm_state,confirmAddToCartButton,,web,desktop,,,,,,0.005,SKIP,60023,WEB_SESSION_FAILURE,GTAA_BASELINE,gTAA,local-batch,0,NOT_AVAILABLE,NOT_AVAILABLE,playwright,web,desktop,2026-06-09T17:38:55.916Z
desktop-ff27d096-8846-4f5a-adfa-219ee380e8f4,pizzaBuilder_confirm_state,confirmAddToCartButton,,web,desktop,C:\Users\gilsa\Documents\Repos\Generat-Test-Automation-Architecture-TS\gTAA\visual-baselines\pizzaBuilder\pizzaBuilder_confirm_state\web\desktop\confirming-add-to-cart-closes-the-builder-and-increments-the-navbar-cart-count-i\baseline.png,C:\Users\gilsa\Documents\Repos\Generat-Test-Automation-Architecture-TS\gTAA\visual-results\desktop-ff27d096-8846-4f5a-adfa-219ee380e8f4\pizzaBuilder\pizzaBuilder_confirm_state\web\desktop\confirming-add-to-cart-closes-the-builder-and-increments-the-navbar-cart-count-i\actual.png,C:\Users\gilsa\Documents\Repos\Generat-Test-Automation-Architecture-TS\gTAA\visual-results\desktop-ff27d096-8846-4f5a-adfa-219ee380e8f4\pizzaBuilder\pizzaBuilder_confirm_state\web\desktop\confirming-add-to-cart-closes-the-builder-and-increments-the-navbar-cart-count-i\diff.png,84380,0.02779754374868227,0.005,FAIL,30712,VISUAL_DIFF_FAILURE,GTAA_BASELINE,gTAA,local-batch,0,NOT_AVAILABLE,NOT_AVAILABLE,playwright,web,desktop,2026-06-09T17:38:55.916Z
desktop-ff27d096-8846-4f5a-adfa-219ee380e8f4,pizzaBuilder_confirm_state,confirmAddToCartButton,,web,desktop,C:\Users\gilsa\Documents\Repos\Generat-Test-Automation-Architecture-TS\gTAA\visual-baselines\pizzaBuilder\pizzaBuilder_confirm_state\web\desktop\confirming-add-to-cart-closes-the-builder-and-increments-the-navbar-cart-count-i\baseline.png,C:\Users\gilsa\Documents\Repos\Generat-Test-Automation-Architecture-TS\gTAA\visual-results\desktop-ff27d096-8846-4f5a-adfa-219ee380e8f4\pizzaBuilder\pizzaBuilder_confirm_state\web\desktop\confirming-add-to-cart-closes-the-builder-and-increments-the-navbar-cart-count-i\actual.png,C:\Users\gilsa\Documents\Repos\Generat-Test-Automation-Architecture-TS\gTAA\visual-results\desktop-ff27d096-8846-4f5a-adfa-219ee380e8f4\pizzaBuilder\pizzaBuilder_confirm_state\web\desktop\confirming-add-to-cart-closes-the-builder-and-increments-the-navbar-cart-count-i\diff.png,817,0.00026914663714948346,0.005,PASS,30677,,GTAA_BASELINE,gTAA,local-batch,0,NOT_AVAILABLE,NOT_AVAILABLE,playwright,web,desktop,2026-06-09T17:38:55.916Z
desktop-ff27d096-8846-4f5a-adfa-219ee380e8f4,pizzaBuilder_size_selected,sizeOptionsList,,web,desktop,C:\Users\gilsa\Documents\Repos\Generat-Test-Automation-Architecture-TS\gTAA\visual-baselines\pizzaBuilder\pizzaBuilder_size_selected\web\desktop\selecting-a-size-updates-the-estimated-total-for-pepperoni-in-us\baseline.png,C:\Users\gilsa\Documents\Repos\Generat-Test-Automation-Architecture-TS\gTAA\visual-results\desktop-ff27d096-8846-4f5a-adfa-219ee380e8f4\pizzaBuilder\pizzaBuilder_size_selected\web\desktop\selecting-a-size-updates-the-estimated-total-for-pepperoni-in-us\actual.png,C:\Users\gilsa\Documents\Repos\Generat-Test-Automation-Architecture-TS\gTAA\visual-results\desktop-ff27d096-8846-4f5a-adfa-219ee380e8f4\pizzaBuilder\pizzaBuilder_size_selected\web\desktop\selecting-a-size-updates-the-estimated-total-for-pepperoni-in-us\diff.png,0,0,0.01,PASS,1533,,GTAA_BASELINE,gTAA,local-batch,0,NOT_AVAILABLE,NOT_AVAILABLE,playwright,web,desktop,2026-06-09T17:38:55.916Z
desktop-ff27d096-8846-4f5a-adfa-219ee380e8f4,pizzaBuilder_size_selected,sizeOptionsList,,web,desktop,C:\Users\gilsa\Documents\Repos\Generat-Test-Automation-Architecture-TS\gTAA\visual-baselines\pizzaBuilder\pizzaBuilder_size_selected\web\desktop\selecting-a-size-updates-the-estimated-total-for-margherita-in-mx\baseline.png,C:\Users\gilsa\Documents\Repos\Generat-Test-Automation-Architecture-TS\gTAA\visual-results\desktop-ff27d096-8846-4f5a-adfa-219ee380e8f4\pizzaBuilder\pizzaBuilder_size_selected\web\desktop\selecting-a-size-updates-the-estimated-total-for-margherita-in-mx\actual.png,C:\Users\gilsa\Documents\Repos\Generat-Test-Automation-Architecture-TS\gTAA\visual-results\desktop-ff27d096-8846-4f5a-adfa-219ee380e8f4\pizzaBuilder\pizzaBuilder_size_selected\web\desktop\selecting-a-size-updates-the-estimated-total-for-margherita-in-mx\diff.png,0,0,0.01,PASS,1295,,GTAA_BASELINE,gTAA,local-batch,0,NOT_AVAILABLE,NOT_AVAILABLE,playwright,web,desktop,2026-06-09T17:38:55.916Z
desktop-ff27d096-8846-4f5a-adfa-219ee380e8f4,pizzaBuilder_size_selected,sizeOptionsList,,web,desktop,C:\Users\gilsa\Documents\Repos\Generat-Test-Automation-Architecture-TS\gTAA\visual-baselines\pizzaBuilder\pizzaBuilder_size_selected\web\desktop\selecting-a-size-updates-the-estimated-total-for-marinara-in-ch\baseline.png,C:\Users\gilsa\Documents\Repos\Generat-Test-Automation-Architecture-TS\gTAA\visual-results\desktop-ff27d096-8846-4f5a-adfa-219ee380e8f4\pizzaBuilder\pizzaBuilder_size_selected\web\desktop\selecting-a-size-updates-the-estimated-total-for-marinara-in-ch\actual.png,C:\Users\gilsa\Documents\Repos\Generat-Test-Automation-Architecture-TS\gTAA\visual-results\desktop-ff27d096-8846-4f5a-adfa-219ee380e8f4\pizzaBuilder\pizzaBuilder_size_selected\web\desktop\selecting-a-size-updates-the-estimated-total-for-marinara-in-ch\diff.png,0,0,0.01,PASS,1417,,GTAA_BASELINE,gTAA,local-batch,0,NOT_AVAILABLE,NOT_AVAILABLE,playwright,web,desktop,2026-06-09T17:38:55.916Z
desktop-ff27d096-8846-4f5a-adfa-219ee380e8f4,pizzaBuilder_size_selected,sizeOptionsList,,web,desktop,C:\Users\gilsa\Documents\Repos\Generat-Test-Automation-Architecture-TS\gTAA\visual-baselines\pizzaBuilder\pizzaBuilder_size_selected\web\desktop\selecting-a-size-updates-the-estimated-total-for-marinara-in-ch\baseline.png,C:\Users\gilsa\Documents\Repos\Generat-Test-Automation-Architecture-TS\gTAA\visual-results\desktop-ff27d096-8846-4f5a-adfa-219ee380e8f4\pizzaBuilder\pizzaBuilder_size_selected\web\desktop\selecting-a-size-updates-the-estimated-total-for-marinara-in-ch\actual.png,C:\Users\gilsa\Documents\Repos\Generat-Test-Automation-Architecture-TS\gTAA\visual-results\desktop-ff27d096-8846-4f5a-adfa-219ee380e8f4\pizzaBuilder\pizzaBuilder_size_selected\web\desktop\selecting-a-size-updates-the-estimated-total-for-marinara-in-ch\diff.png,0,0,0.01,PASS,1475,,GTAA_BASELINE,gTAA,local-batch,0,NOT_AVAILABLE,NOT_AVAILABLE,playwright,web,desktop,2026-06-09T17:38:55.916Z
desktop-ff27d096-8846-4f5a-adfa-219ee380e8f4,pizzaBuilder_size_selected,sizeOptionsList,,web,desktop,C:\Users\gilsa\Documents\Repos\Generat-Test-Automation-Architecture-TS\gTAA\visual-baselines\pizzaBuilder\pizzaBuilder_size_selected\web\desktop\selecting-a-size-updates-the-estimated-total-for-pepperoni-in-jp\baseline.png,C:\Users\gilsa\Documents\Repos\Generat-Test-Automation-Architecture-TS\gTAA\visual-results\desktop-ff27d096-8846-4f5a-adfa-219ee380e8f4\pizzaBuilder\pizzaBuilder_size_selected\web\desktop\selecting-a-size-updates-the-estimated-total-for-pepperoni-in-jp\actual.png,C:\Users\gilsa\Documents\Repos\Generat-Test-Automation-Architecture-TS\gTAA\visual-results\desktop-ff27d096-8846-4f5a-adfa-219ee380e8f4\pizzaBuilder\pizzaBuilder_size_selected\web\desktop\selecting-a-size-updates-the-estimated-total-for-pepperoni-in-jp\diff.png,0,0,0.01,PASS,1405,,GTAA_BASELINE,gTAA,local-batch,0,NOT_AVAILABLE,NOT_AVAILABLE,playwright,web,desktop,2026-06-09T17:38:55.916Z
desktop-ff27d096-8846-4f5a-adfa-219ee380e8f4,pizzaBuilder_toppings_selected,toppingsList,customizerPriceText,web,desktop,C:\Users\gilsa\Documents\Repos\Generat-Test-Automation-Architecture-TS\gTAA\visual-baselines\pizzaBuilder\pizzaBuilder_toppings_selected\web\desktop\selecting-toppings-updates-the-estimated-total-for-pepperoni-in-us\baseline.png,C:\Users\gilsa\Documents\Repos\Generat-Test-Automation-Architecture-TS\gTAA\visual-results\desktop-ff27d096-8846-4f5a-adfa-219ee380e8f4\pizzaBuilder\pizzaBuilder_toppings_selected\web\desktop\selecting-toppings-updates-the-estimated-total-for-pepperoni-in-us\actual.png,C:\Users\gilsa\Documents\Repos\Generat-Test-Automation-Architecture-TS\gTAA\visual-results\desktop-ff27d096-8846-4f5a-adfa-219ee380e8f4\pizzaBuilder\pizzaBuilder_toppings_selected\web\desktop\selecting-toppings-updates-the-estimated-total-for-pepperoni-in-us\diff.png,0,0,0.01,PASS,1384,,GTAA_BASELINE,gTAA,local-batch,0,NOT_AVAILABLE,NOT_AVAILABLE,playwright,web,desktop,2026-06-09T17:38:55.916Z
desktop-ff27d096-8846-4f5a-adfa-219ee380e8f4,pizzaBuilder_toppings_selected,toppingsList,customizerPriceText,web,desktop,C:\Users\gilsa\Documents\Repos\Generat-Test-Automation-Architecture-TS\gTAA\visual-baselines\pizzaBuilder\pizzaBuilder_toppings_selected\web\desktop\selecting-toppings-updates-the-estimated-total-for-margherita-in-mx\baseline.png,C:\Users\gilsa\Documents\Repos\Generat-Test-Automation-Architecture-TS\gTAA\visual-results\desktop-ff27d096-8846-4f5a-adfa-219ee380e8f4\pizzaBuilder\pizzaBuilder_toppings_selected\web\desktop\selecting-toppings-updates-the-estimated-total-for-margherita-in-mx\actual.png,C:\Users\gilsa\Documents\Repos\Generat-Test-Automation-Architecture-TS\gTAA\visual-results\desktop-ff27d096-8846-4f5a-adfa-219ee380e8f4\pizzaBuilder\pizzaBuilder_toppings_selected\web\desktop\selecting-toppings-updates-the-estimated-total-for-margherita-in-mx\diff.png,0,0,0.01,PASS,1401,,GTAA_BASELINE,gTAA,local-batch,0,NOT_AVAILABLE,NOT_AVAILABLE,playwright,web,desktop,2026-06-09T17:38:55.916Z
desktop-ff27d096-8846-4f5a-adfa-219ee380e8f4,pizzaBuilder_toppings_selected,toppingsList,customizerPriceText,web,desktop,C:\Users\gilsa\Documents\Repos\Generat-Test-Automation-Architecture-TS\gTAA\visual-baselines\pizzaBuilder\pizzaBuilder_toppings_selected\web\desktop\selecting-toppings-updates-the-estimated-total-for-marinara-in-ch\baseline.png,C:\Users\gilsa\Documents\Repos\Generat-Test-Automation-Architecture-TS\gTAA\visual-results\desktop-ff27d096-8846-4f5a-adfa-219ee380e8f4\pizzaBuilder\pizzaBuilder_toppings_selected\web\desktop\selecting-toppings-updates-the-estimated-total-for-marinara-in-ch\actual.png,C:\Users\gilsa\Documents\Repos\Generat-Test-Automation-Architecture-TS\gTAA\visual-results\desktop-ff27d096-8846-4f5a-adfa-219ee380e8f4\pizzaBuilder\pizzaBuilder_toppings_selected\web\desktop\selecting-toppings-updates-the-estimated-total-for-marinara-in-ch\diff.png,0,0,0.01,PASS,1284,,GTAA_BASELINE,gTAA,local-batch,0,NOT_AVAILABLE,NOT_AVAILABLE,playwright,web,desktop,2026-06-09T17:38:55.916Z
desktop-ff27d096-8846-4f5a-adfa-219ee380e8f4,pizzaBuilder_toppings_selected,toppingsList,customizerPriceText,web,desktop,C:\Users\gilsa\Documents\Repos\Generat-Test-Automation-Architecture-TS\gTAA\visual-baselines\pizzaBuilder\pizzaBuilder_toppings_selected\web\desktop\selecting-toppings-updates-the-estimated-total-for-marinara-in-ch\baseline.png,C:\Users\gilsa\Documents\Repos\Generat-Test-Automation-Architecture-TS\gTAA\visual-results\desktop-ff27d096-8846-4f5a-adfa-219ee380e8f4\pizzaBuilder\pizzaBuilder_toppings_selected\web\desktop\selecting-toppings-updates-the-estimated-total-for-marinara-in-ch\actual.png,C:\Users\gilsa\Documents\Repos\Generat-Test-Automation-Architecture-TS\gTAA\visual-results\desktop-ff27d096-8846-4f5a-adfa-219ee380e8f4\pizzaBuilder\pizzaBuilder_toppings_selected\web\desktop\selecting-toppings-updates-the-estimated-total-for-marinara-in-ch\diff.png,0,0,0.01,PASS,1324,,GTAA_BASELINE,gTAA,local-batch,0,NOT_AVAILABLE,NOT_AVAILABLE,playwright,web,desktop,2026-06-09T17:38:55.916Z
desktop-ff27d096-8846-4f5a-adfa-219ee380e8f4,pizzaBuilder_toppings_selected,toppingsList,customizerPriceText,web,desktop,C:\Users\gilsa\Documents\Repos\Generat-Test-Automation-Architecture-TS\gTAA\visual-baselines\pizzaBuilder\pizzaBuilder_toppings_selected\web\desktop\selecting-toppings-updates-the-estimated-total-for-pepperoni-in-jp\baseline.png,C:\Users\gilsa\Documents\Repos\Generat-Test-Automation-Architecture-TS\gTAA\visual-results\desktop-ff27d096-8846-4f5a-adfa-219ee380e8f4\pizzaBuilder\pizzaBuilder_toppings_selected\web\desktop\selecting-toppings-updates-the-estimated-total-for-pepperoni-in-jp\actual.png,C:\Users\gilsa\Documents\Repos\Generat-Test-Automation-Architecture-TS\gTAA\visual-results\desktop-ff27d096-8846-4f5a-adfa-219ee380e8f4\pizzaBuilder\pizzaBuilder_toppings_selected\web\desktop\selecting-toppings-updates-the-estimated-total-for-pepperoni-in-jp\diff.png,0,0,0.01,PASS,1959,,GTAA_BASELINE,gTAA,local-batch,0,NOT_AVAILABLE,NOT_AVAILABLE,playwright,web,desktop,2026-06-09T17:38:55.916Z
desktop-ff27d096-8846-4f5a-adfa-219ee380e8f4,profile_card_render,profileFullNameInput,profileFullNameInput;profilePhoneNumberInput;notesInput,web,desktop,C:\Users\gilsa\Documents\Repos\Generat-Test-Automation-Architecture-TS\gTAA\visual-baselines\profile\profile_card_render\web\desktop\us\en\profile-renders-for-standard-user-in-us-en\baseline.png,C:\Users\gilsa\Documents\Repos\Generat-Test-Automation-Architecture-TS\gTAA\visual-results\desktop-ff27d096-8846-4f5a-adfa-219ee380e8f4\profile\profile_card_render\web\desktop\us\en\profile-renders-for-standard-user-in-us-en\actual.png,C:\Users\gilsa\Documents\Repos\Generat-Test-Automation-Architecture-TS\gTAA\visual-results\desktop-ff27d096-8846-4f5a-adfa-219ee380e8f4\profile\profile_card_render\web\desktop\us\en\profile-renders-for-standard-user-in-us-en\diff.png,0,0,0.01,PASS,861,,GTAA_BASELINE,gTAA,local-batch,0,NOT_AVAILABLE,NOT_AVAILABLE,playwright,web,desktop,2026-06-09T17:38:55.916Z
desktop-ff27d096-8846-4f5a-adfa-219ee380e8f4,profile_card_render,profileFullNameInput,profileFullNameInput;profilePhoneNumberInput;notesInput,web,desktop,C:\Users\gilsa\Documents\Repos\Generat-Test-Automation-Architecture-TS\gTAA\visual-baselines\profile\profile_card_render\web\desktop\mx\es\profile-renders-for-standard-user-in-mx-es\baseline.png,C:\Users\gilsa\Documents\Repos\Generat-Test-Automation-Architecture-TS\gTAA\visual-results\desktop-ff27d096-8846-4f5a-adfa-219ee380e8f4\profile\profile_card_render\web\desktop\mx\es\profile-renders-for-standard-user-in-mx-es\actual.png,C:\Users\gilsa\Documents\Repos\Generat-Test-Automation-Architecture-TS\gTAA\visual-results\desktop-ff27d096-8846-4f5a-adfa-219ee380e8f4\profile\profile_card_render\web\desktop\mx\es\profile-renders-for-standard-user-in-mx-es\diff.png,0,0,0.01,PASS,770,,GTAA_BASELINE,gTAA,local-batch,0,NOT_AVAILABLE,NOT_AVAILABLE,playwright,web,desktop,2026-06-09T17:38:55.916Z
desktop-ff27d096-8846-4f5a-adfa-219ee380e8f4,profile_card_render,profileFullNameInput,profileFullNameInput;profilePhoneNumberInput;notesInput,web,desktop,C:\Users\gilsa\Documents\Repos\Generat-Test-Automation-Architecture-TS\gTAA\visual-baselines\profile\profile_card_render\web\desktop\ch\de\profile-renders-for-standard-user-in-ch-de\baseline.png,C:\Users\gilsa\Documents\Repos\Generat-Test-Automation-Architecture-TS\gTAA\visual-results\desktop-ff27d096-8846-4f5a-adfa-219ee380e8f4\profile\profile_card_render\web\desktop\ch\de\profile-renders-for-standard-user-in-ch-de\actual.png,C:\Users\gilsa\Documents\Repos\Generat-Test-Automation-Architecture-TS\gTAA\visual-results\desktop-ff27d096-8846-4f5a-adfa-219ee380e8f4\profile\profile_card_render\web\desktop\ch\de\profile-renders-for-standard-user-in-ch-de\diff.png,0,0,0.01,PASS,798,,GTAA_BASELINE,gTAA,local-batch,0,NOT_AVAILABLE,NOT_AVAILABLE,playwright,web,desktop,2026-06-09T17:38:55.916Z
desktop-ff27d096-8846-4f5a-adfa-219ee380e8f4,profile_card_render,profileFullNameInput,profileFullNameInput;profilePhoneNumberInput;notesInput,web,desktop,C:\Users\gilsa\Documents\Repos\Generat-Test-Automation-Architecture-TS\gTAA\visual-baselines\profile\profile_card_render\web\desktop\ch\fr\profile-renders-for-standard-user-in-ch-fr\baseline.png,C:\Users\gilsa\Documents\Repos\Generat-Test-Automation-Architecture-TS\gTAA\visual-results\desktop-ff27d096-8846-4f5a-adfa-219ee380e8f4\profile\profile_card_render\web\desktop\ch\fr\profile-renders-for-standard-user-in-ch-fr\actual.png,C:\Users\gilsa\Documents\Repos\Generat-Test-Automation-Architecture-TS\gTAA\visual-results\desktop-ff27d096-8846-4f5a-adfa-219ee380e8f4\profile\profile_card_render\web\desktop\ch\fr\profile-renders-for-standard-user-in-ch-fr\diff.png,0,0,0.01,PASS,804,,GTAA_BASELINE,gTAA,local-batch,0,NOT_AVAILABLE,NOT_AVAILABLE,playwright,web,desktop,2026-06-09T17:38:55.916Z
desktop-ff27d096-8846-4f5a-adfa-219ee380e8f4,profile_card_render,profileFullNameInput,profileFullNameInput;profilePhoneNumberInput;notesInput,web,desktop,C:\Users\gilsa\Documents\Repos\Generat-Test-Automation-Architecture-TS\gTAA\visual-baselines\profile\profile_card_render\web\desktop\jp\ja\profile-renders-for-standard-user-in-jp-ja\baseline.png,C:\Users\gilsa\Documents\Repos\Generat-Test-Automation-Architecture-TS\gTAA\visual-results\desktop-ff27d096-8846-4f5a-adfa-219ee380e8f4\profile\profile_card_render\web\desktop\jp\ja\profile-renders-for-standard-user-in-jp-ja\actual.png,C:\Users\gilsa\Documents\Repos\Generat-Test-Automation-Architecture-TS\gTAA\visual-results\desktop-ff27d096-8846-4f5a-adfa-219ee380e8f4\profile\profile_card_render\web\desktop\jp\ja\profile-renders-for-standard-user-in-jp-ja\diff.png,0,0,0.01,PASS,781,,GTAA_BASELINE,gTAA,local-batch,0,NOT_AVAILABLE,NOT_AVAILABLE,playwright,web,desktop,2026-06-09T17:38:55.916Z
desktop-ff27d096-8846-4f5a-adfa-219ee380e8f4,profile_post_save,profileFullNameInput,profilePhoneNumberInput;notesInput,web,desktop,C:\Users\gilsa\Documents\Repos\Generat-Test-Automation-Architecture-TS\gTAA\visual-baselines\profile\profile_post_save\web\desktop\us\en\the-profile-form-is-editable-and-the-save-is-accepted-in-us\baseline.png,C:\Users\gilsa\Documents\Repos\Generat-Test-Automation-Architecture-TS\gTAA\visual-results\desktop-ff27d096-8846-4f5a-adfa-219ee380e8f4\profile\profile_post_save\web\desktop\us\en\the-profile-form-is-editable-and-the-save-is-accepted-in-us\actual.png,C:\Users\gilsa\Documents\Repos\Generat-Test-Automation-Architecture-TS\gTAA\visual-results\desktop-ff27d096-8846-4f5a-adfa-219ee380e8f4\profile\profile_post_save\web\desktop\us\en\the-profile-form-is-editable-and-the-save-is-accepted-in-us\diff.png,0,0,0.01,PASS,1120,,GTAA_BASELINE,gTAA,local-batch,0,NOT_AVAILABLE,NOT_AVAILABLE,playwright,web,desktop,2026-06-09T17:38:55.916Z
desktop-ff27d096-8846-4f5a-adfa-219ee380e8f4,profile_post_save,profileFullNameInput,profilePhoneNumberInput;notesInput,web,desktop,C:\Users\gilsa\Documents\Repos\Generat-Test-Automation-Architecture-TS\gTAA\visual-baselines\profile\profile_post_save\web\desktop\mx\es\the-profile-form-is-editable-and-the-save-is-accepted-in-mx\baseline.png,C:\Users\gilsa\Documents\Repos\Generat-Test-Automation-Architecture-TS\gTAA\visual-results\desktop-ff27d096-8846-4f5a-adfa-219ee380e8f4\profile\profile_post_save\web\desktop\mx\es\the-profile-form-is-editable-and-the-save-is-accepted-in-mx\actual.png,C:\Users\gilsa\Documents\Repos\Generat-Test-Automation-Architecture-TS\gTAA\visual-results\desktop-ff27d096-8846-4f5a-adfa-219ee380e8f4\profile\profile_post_save\web\desktop\mx\es\the-profile-form-is-editable-and-the-save-is-accepted-in-mx\diff.png,0,0,0.01,PASS,885,,GTAA_BASELINE,gTAA,local-batch,0,NOT_AVAILABLE,NOT_AVAILABLE,playwright,web,desktop,2026-06-09T17:38:55.916Z
desktop-ff27d096-8846-4f5a-adfa-219ee380e8f4,profile_post_save,profileFullNameInput,profilePhoneNumberInput;notesInput,web,desktop,C:\Users\gilsa\Documents\Repos\Generat-Test-Automation-Architecture-TS\gTAA\visual-baselines\profile\profile_post_save\web\desktop\ch\de\the-profile-form-is-editable-and-the-save-is-accepted-in-ch\baseline.png,C:\Users\gilsa\Documents\Repos\Generat-Test-Automation-Architecture-TS\gTAA\visual-results\desktop-ff27d096-8846-4f5a-adfa-219ee380e8f4\profile\profile_post_save\web\desktop\ch\de\the-profile-form-is-editable-and-the-save-is-accepted-in-ch\actual.png,C:\Users\gilsa\Documents\Repos\Generat-Test-Automation-Architecture-TS\gTAA\visual-results\desktop-ff27d096-8846-4f5a-adfa-219ee380e8f4\profile\profile_post_save\web\desktop\ch\de\the-profile-form-is-editable-and-the-save-is-accepted-in-ch\diff.png,0,0,0.01,PASS,835,,GTAA_BASELINE,gTAA,local-batch,0,NOT_AVAILABLE,NOT_AVAILABLE,playwright,web,desktop,2026-06-09T17:38:55.916Z
desktop-ff27d096-8846-4f5a-adfa-219ee380e8f4,profile_post_save,profileFullNameInput,profilePhoneNumberInput;notesInput,web,desktop,C:\Users\gilsa\Documents\Repos\Generat-Test-Automation-Architecture-TS\gTAA\visual-baselines\profile\profile_post_save\web\desktop\ch\fr\the-profile-form-is-editable-and-the-save-is-accepted-in-ch\baseline.png,C:\Users\gilsa\Documents\Repos\Generat-Test-Automation-Architecture-TS\gTAA\visual-results\desktop-ff27d096-8846-4f5a-adfa-219ee380e8f4\profile\profile_post_save\web\desktop\ch\fr\the-profile-form-is-editable-and-the-save-is-accepted-in-ch\actual.png,C:\Users\gilsa\Documents\Repos\Generat-Test-Automation-Architecture-TS\gTAA\visual-results\desktop-ff27d096-8846-4f5a-adfa-219ee380e8f4\profile\profile_post_save\web\desktop\ch\fr\the-profile-form-is-editable-and-the-save-is-accepted-in-ch\diff.png,0,0,0.01,PASS,937,,GTAA_BASELINE,gTAA,local-batch,0,NOT_AVAILABLE,NOT_AVAILABLE,playwright,web,desktop,2026-06-09T17:38:55.916Z
desktop-ff27d096-8846-4f5a-adfa-219ee380e8f4,profile_post_save,profileFullNameInput,profilePhoneNumberInput;notesInput,web,desktop,C:\Users\gilsa\Documents\Repos\Generat-Test-Automation-Architecture-TS\gTAA\visual-baselines\profile\profile_post_save\web\desktop\jp\ja\the-profile-form-is-editable-and-the-save-is-accepted-in-jp\baseline.png,C:\Users\gilsa\Documents\Repos\Generat-Test-Automation-Architecture-TS\gTAA\visual-results\desktop-ff27d096-8846-4f5a-adfa-219ee380e8f4\profile\profile_post_save\web\desktop\jp\ja\the-profile-form-is-editable-and-the-save-is-accepted-in-jp\actual.png,C:\Users\gilsa\Documents\Repos\Generat-Test-Automation-Architecture-TS\gTAA\visual-results\desktop-ff27d096-8846-4f5a-adfa-219ee380e8f4\profile\profile_post_save\web\desktop\jp\ja\the-profile-form-is-editable-and-the-save-is-accepted-in-jp\diff.png,0,0,0.01,PASS,817,,GTAA_BASELINE,gTAA,local-batch,0,NOT_AVAILABLE,NOT_AVAILABLE,playwright,web,desktop,2026-06-09T17:38:55.916Z
responsive-30145a71-ab58-4066-9e5a-70182e02669d,catalog_screen,catalogScreen,searchInput,web,responsive,C:\Users\gilsa\Documents\Repos\Generat-Test-Automation-Architecture-TS\gTAA\visual-baselines\catalog\catalog_screen\web\responsive\us\en\catalog-renders-in-us-en\baseline.png,C:\Users\gilsa\Documents\Repos\Generat-Test-Automation-Architecture-TS\gTAA\visual-results\responsive-30145a71-ab58-4066-9e5a-70182e02669d\catalog\catalog_screen\web\responsive\us\en\catalog-renders-in-us-en\actual.png,,,,0.01,SKIP,993,,GTAA_BASELINE,gTAA,local-batch,0,NOT_AVAILABLE,NOT_AVAILABLE,playwright,web,responsive,2026-06-09T17:38:55.916Z
responsive-30145a71-ab58-4066-9e5a-70182e02669d,catalog_screen,catalogScreen,searchInput,web,responsive,C:\Users\gilsa\Documents\Repos\Generat-Test-Automation-Architecture-TS\gTAA\visual-baselines\catalog\catalog_screen\web\responsive\mx\es\catalog-renders-in-mx-es\baseline.png,C:\Users\gilsa\Documents\Repos\Generat-Test-Automation-Architecture-TS\gTAA\visual-results\responsive-30145a71-ab58-4066-9e5a-70182e02669d\catalog\catalog_screen\web\responsive\mx\es\catalog-renders-in-mx-es\actual.png,,,,0.01,SKIP,1018,,GTAA_BASELINE,gTAA,local-batch,0,NOT_AVAILABLE,NOT_AVAILABLE,playwright,web,responsive,2026-06-09T17:38:55.916Z
responsive-30145a71-ab58-4066-9e5a-70182e02669d,catalog_screen,catalogScreen,searchInput,web,responsive,C:\Users\gilsa\Documents\Repos\Generat-Test-Automation-Architecture-TS\gTAA\visual-baselines\catalog\catalog_screen\web\responsive\ch\de\catalog-renders-in-ch-de\baseline.png,C:\Users\gilsa\Documents\Repos\Generat-Test-Automation-Architecture-TS\gTAA\visual-results\responsive-30145a71-ab58-4066-9e5a-70182e02669d\catalog\catalog_screen\web\responsive\ch\de\catalog-renders-in-ch-de\actual.png,,,,0.01,SKIP,732,,GTAA_BASELINE,gTAA,local-batch,0,NOT_AVAILABLE,NOT_AVAILABLE,playwright,web,responsive,2026-06-09T17:38:55.916Z
responsive-30145a71-ab58-4066-9e5a-70182e02669d,catalog_screen,catalogScreen,searchInput,web,responsive,C:\Users\gilsa\Documents\Repos\Generat-Test-Automation-Architecture-TS\gTAA\visual-baselines\catalog\catalog_screen\web\responsive\ch\fr\catalog-renders-in-ch-fr\baseline.png,C:\Users\gilsa\Documents\Repos\Generat-Test-Automation-Architecture-TS\gTAA\visual-results\responsive-30145a71-ab58-4066-9e5a-70182e02669d\catalog\catalog_screen\web\responsive\ch\fr\catalog-renders-in-ch-fr\actual.png,,,,0.01,SKIP,903,,GTAA_BASELINE,gTAA,local-batch,0,NOT_AVAILABLE,NOT_AVAILABLE,playwright,web,responsive,2026-06-09T17:38:55.916Z
responsive-30145a71-ab58-4066-9e5a-70182e02669d,catalog_screen,catalogScreen,searchInput,web,responsive,C:\Users\gilsa\Documents\Repos\Generat-Test-Automation-Architecture-TS\gTAA\visual-baselines\catalog\catalog_screen\web\responsive\jp\ja\catalog-renders-in-jp-ja\baseline.png,C:\Users\gilsa\Documents\Repos\Generat-Test-Automation-Architecture-TS\gTAA\visual-results\responsive-30145a71-ab58-4066-9e5a-70182e02669d\catalog\catalog_screen\web\responsive\jp\ja\catalog-renders-in-jp-ja\actual.png,,,,0.01,SKIP,906,,GTAA_BASELINE,gTAA,local-batch,0,NOT_AVAILABLE,NOT_AVAILABLE,playwright,web,responsive,2026-06-09T17:38:55.916Z
responsive-30145a71-ab58-4066-9e5a-70182e02669d,checkout_order_summary,orderDetailsList,orderTotalValue,web,responsive,C:\Users\gilsa\Documents\Repos\Generat-Test-Automation-Architecture-TS\gTAA\visual-baselines\checkout\checkout_order_summary\web\responsive\place-a-delivery-order-in-us-paying-with-credit-card\baseline.png,C:\Users\gilsa\Documents\Repos\Generat-Test-Automation-Architecture-TS\gTAA\visual-results\responsive-30145a71-ab58-4066-9e5a-70182e02669d\checkout\checkout_order_summary\web\responsive\place-a-delivery-order-in-us-paying-with-credit-card\actual.png,,,,0.005,SKIP,30077,,GTAA_BASELINE,gTAA,local-batch,0,NOT_AVAILABLE,NOT_AVAILABLE,playwright,web,responsive,2026-06-09T17:38:55.916Z
responsive-30145a71-ab58-4066-9e5a-70182e02669d,checkout_order_summary,orderDetailsList,orderTotalValue,web,responsive,C:\Users\gilsa\Documents\Repos\Generat-Test-Automation-Architecture-TS\gTAA\visual-baselines\checkout\checkout_order_summary\web\responsive\place-a-delivery-order-in-mx-paying-with-credit-card\baseline.png,C:\Users\gilsa\Documents\Repos\Generat-Test-Automation-Architecture-TS\gTAA\visual-results\responsive-30145a71-ab58-4066-9e5a-70182e02669d\checkout\checkout_order_summary\web\responsive\place-a-delivery-order-in-mx-paying-with-credit-card\actual.png,,,,0.005,SKIP,30186,,GTAA_BASELINE,gTAA,local-batch,0,NOT_AVAILABLE,NOT_AVAILABLE,playwright,web,responsive,2026-06-09T17:38:55.916Z
responsive-30145a71-ab58-4066-9e5a-70182e02669d,checkout_order_summary,orderDetailsList,orderTotalValue,web,responsive,C:\Users\gilsa\Documents\Repos\Generat-Test-Automation-Architecture-TS\gTAA\visual-baselines\checkout\checkout_order_summary\web\responsive\place-a-delivery-order-in-ch-paying-with-credit-card\baseline.png,C:\Users\gilsa\Documents\Repos\Generat-Test-Automation-Architecture-TS\gTAA\visual-results\responsive-30145a71-ab58-4066-9e5a-70182e02669d\checkout\checkout_order_summary\web\responsive\place-a-delivery-order-in-ch-paying-with-credit-card\actual.png,,,,0.005,SKIP,30082,,GTAA_BASELINE,gTAA,local-batch,0,NOT_AVAILABLE,NOT_AVAILABLE,playwright,web,responsive,2026-06-09T17:38:55.916Z
responsive-30145a71-ab58-4066-9e5a-70182e02669d,checkout_order_summary,orderDetailsList,orderTotalValue,web,responsive,C:\Users\gilsa\Documents\Repos\Generat-Test-Automation-Architecture-TS\gTAA\visual-baselines\checkout\checkout_order_summary\web\responsive\place-a-delivery-order-in-jp-paying-with-credit-card\baseline.png,C:\Users\gilsa\Documents\Repos\Generat-Test-Automation-Architecture-TS\gTAA\visual-results\responsive-30145a71-ab58-4066-9e5a-70182e02669d\checkout\checkout_order_summary\web\responsive\place-a-delivery-order-in-jp-paying-with-credit-card\actual.png,,,,0.005,SKIP,30212,,GTAA_BASELINE,gTAA,local-batch,0,NOT_AVAILABLE,NOT_AVAILABLE,playwright,web,responsive,2026-06-09T17:38:55.916Z
responsive-30145a71-ab58-4066-9e5a-70182e02669d,checkout_order_summary,orderDetailsList,orderTotalValue,web,responsive,C:\Users\gilsa\Documents\Repos\Generat-Test-Automation-Architecture-TS\gTAA\visual-baselines\checkout\checkout_order_summary\web\responsive\place-a-delivery-order-in-us-paying-with-cash\baseline.png,C:\Users\gilsa\Documents\Repos\Generat-Test-Automation-Architecture-TS\gTAA\visual-results\responsive-30145a71-ab58-4066-9e5a-70182e02669d\checkout\checkout_order_summary\web\responsive\place-a-delivery-order-in-us-paying-with-cash\actual.png,,,,0.005,SKIP,30213,,GTAA_BASELINE,gTAA,local-batch,0,NOT_AVAILABLE,NOT_AVAILABLE,playwright,web,responsive,2026-06-09T17:38:55.916Z
responsive-30145a71-ab58-4066-9e5a-70182e02669d,checkout_order_summary,orderDetailsList,orderTotalValue,web,responsive,C:\Users\gilsa\Documents\Repos\Generat-Test-Automation-Architecture-TS\gTAA\visual-baselines\checkout\checkout_order_summary\web\responsive\place-a-delivery-order-in-mx-paying-with-cash\baseline.png,C:\Users\gilsa\Documents\Repos\Generat-Test-Automation-Architecture-TS\gTAA\visual-results\responsive-30145a71-ab58-4066-9e5a-70182e02669d\checkout\checkout_order_summary\web\responsive\place-a-delivery-order-in-mx-paying-with-cash\actual.png,,,,0.005,SKIP,30122,,GTAA_BASELINE,gTAA,local-batch,0,NOT_AVAILABLE,NOT_AVAILABLE,playwright,web,responsive,2026-06-09T17:38:55.916Z
responsive-30145a71-ab58-4066-9e5a-70182e02669d,checkout_order_summary,orderDetailsList,orderTotalValue,web,responsive,C:\Users\gilsa\Documents\Repos\Generat-Test-Automation-Architecture-TS\gTAA\visual-baselines\checkout\checkout_order_summary\web\responsive\place-a-delivery-order-in-ch-paying-with-cash\baseline.png,C:\Users\gilsa\Documents\Repos\Generat-Test-Automation-Architecture-TS\gTAA\visual-results\responsive-30145a71-ab58-4066-9e5a-70182e02669d\checkout\checkout_order_summary\web\responsive\place-a-delivery-order-in-ch-paying-with-cash\actual.png,,,,0.005,SKIP,30094,,GTAA_BASELINE,gTAA,local-batch,0,NOT_AVAILABLE,NOT_AVAILABLE,playwright,web,responsive,2026-06-09T17:38:55.916Z
responsive-30145a71-ab58-4066-9e5a-70182e02669d,checkout_order_summary,orderDetailsList,orderTotalValue,web,responsive,C:\Users\gilsa\Documents\Repos\Generat-Test-Automation-Architecture-TS\gTAA\visual-baselines\checkout\checkout_order_summary\web\responsive\place-a-delivery-order-in-jp-paying-with-cash\baseline.png,C:\Users\gilsa\Documents\Repos\Generat-Test-Automation-Architecture-TS\gTAA\visual-results\responsive-30145a71-ab58-4066-9e5a-70182e02669d\checkout\checkout_order_summary\web\responsive\place-a-delivery-order-in-jp-paying-with-cash\actual.png,,,,0.005,SKIP,30089,,GTAA_BASELINE,gTAA,local-batch,0,NOT_AVAILABLE,NOT_AVAILABLE,playwright,web,responsive,2026-06-09T17:38:55.916Z
responsive-30145a71-ab58-4066-9e5a-70182e02669d,login_screen_invalid_credentials,loginScreen,usernameInput;passwordInput,web,responsive,C:\Users\gilsa\Documents\Repos\Generat-Test-Automation-Architecture-TS\gTAA\visual-baselines\login\login_screen_invalid_credentials\web\responsive\login-rejected-when-username-is-missing\baseline.png,C:\Users\gilsa\Documents\Repos\Generat-Test-Automation-Architecture-TS\gTAA\visual-results\responsive-30145a71-ab58-4066-9e5a-70182e02669d\login\login_screen_invalid_credentials\web\responsive\login-rejected-when-username-is-missing\actual.png,,,,0.01,SKIP,1250,,GTAA_BASELINE,gTAA,local-batch,0,NOT_AVAILABLE,NOT_AVAILABLE,playwright,web,responsive,2026-06-09T17:38:55.916Z
responsive-30145a71-ab58-4066-9e5a-70182e02669d,login_screen_invalid_credentials,loginScreen,usernameInput;passwordInput,web,responsive,C:\Users\gilsa\Documents\Repos\Generat-Test-Automation-Architecture-TS\gTAA\visual-baselines\login\login_screen_invalid_credentials\web\responsive\login-rejected-when-password-is-missing\baseline.png,C:\Users\gilsa\Documents\Repos\Generat-Test-Automation-Architecture-TS\gTAA\visual-results\responsive-30145a71-ab58-4066-9e5a-70182e02669d\login\login_screen_invalid_credentials\web\responsive\login-rejected-when-password-is-missing\actual.png,,,,0.01,SKIP,1291,,GTAA_BASELINE,gTAA,local-batch,0,NOT_AVAILABLE,NOT_AVAILABLE,playwright,web,responsive,2026-06-09T17:38:55.916Z
responsive-30145a71-ab58-4066-9e5a-70182e02669d,login_screen_invalid_credentials,loginScreen,usernameInput;passwordInput,web,responsive,C:\Users\gilsa\Documents\Repos\Generat-Test-Automation-Architecture-TS\gTAA\visual-baselines\login\login_screen_invalid_credentials\web\responsive\login-rejected-when-both-fields-are-empty\baseline.png,C:\Users\gilsa\Documents\Repos\Generat-Test-Automation-Architecture-TS\gTAA\visual-results\responsive-30145a71-ab58-4066-9e5a-70182e02669d\login\login_screen_invalid_credentials\web\responsive\login-rejected-when-both-fields-are-empty\actual.png,,,,0.01,SKIP,1282,,GTAA_BASELINE,gTAA,local-batch,0,NOT_AVAILABLE,NOT_AVAILABLE,playwright,web,responsive,2026-06-09T17:38:55.916Z
responsive-30145a71-ab58-4066-9e5a-70182e02669d,login_screen_invalid_credentials,loginScreen,usernameInput;passwordInput,web,responsive,C:\Users\gilsa\Documents\Repos\Generat-Test-Automation-Architecture-TS\gTAA\visual-baselines\login\login_screen_invalid_credentials\web\responsive\login-rejected-when-credentials-are-wrong\baseline.png,C:\Users\gilsa\Documents\Repos\Generat-Test-Automation-Architecture-TS\gTAA\visual-results\responsive-30145a71-ab58-4066-9e5a-70182e02669d\login\login_screen_invalid_credentials\web\responsive\login-rejected-when-credentials-are-wrong\actual.png,,,,0.01,SKIP,50,,GTAA_BASELINE,gTAA,local-batch,0,NOT_AVAILABLE,NOT_AVAILABLE,playwright,web,responsive,2026-06-09T17:38:55.916Z
responsive-30145a71-ab58-4066-9e5a-70182e02669d,login_screen_invalid_credentials,loginScreen,usernameInput;passwordInput,web,responsive,C:\Users\gilsa\Documents\Repos\Generat-Test-Automation-Architecture-TS\gTAA\visual-baselines\login\login_screen_invalid_credentials\web\responsive\login-rejected-when-user-is-locked-out\baseline.png,C:\Users\gilsa\Documents\Repos\Generat-Test-Automation-Architecture-TS\gTAA\visual-results\responsive-30145a71-ab58-4066-9e5a-70182e02669d\login\login_screen_invalid_credentials\web\responsive\login-rejected-when-user-is-locked-out\actual.png,,,,0.01,SKIP,971,,GTAA_BASELINE,gTAA,local-batch,0,NOT_AVAILABLE,NOT_AVAILABLE,playwright,web,responsive,2026-06-09T17:38:55.916Z
responsive-30145a71-ab58-4066-9e5a-70182e02669d,navbar_mobile_menu_opened,mobileMenuButton,,web,responsive,C:\Users\gilsa\Documents\Repos\Generat-Test-Automation-Architecture-TS\gTAA\visual-baselines\navbar\navbar_mobile_menu_opened\web\responsive\us\en\mobile-navbar-exposes-the-same-links-in-us\baseline.png,C:\Users\gilsa\Documents\Repos\Generat-Test-Automation-Architecture-TS\gTAA\visual-results\responsive-30145a71-ab58-4066-9e5a-70182e02669d\navbar\navbar_mobile_menu_opened\web\responsive\us\en\mobile-navbar-exposes-the-same-links-in-us\actual.png,,,,0.015,SKIP,1068,,GTAA_BASELINE,gTAA,local-batch,0,NOT_AVAILABLE,NOT_AVAILABLE,playwright,web,responsive,2026-06-09T17:38:55.916Z
responsive-30145a71-ab58-4066-9e5a-70182e02669d,navbar_mobile_menu_opened,mobileMenuButton,,web,responsive,C:\Users\gilsa\Documents\Repos\Generat-Test-Automation-Architecture-TS\gTAA\visual-baselines\navbar\navbar_mobile_menu_opened\web\responsive\mx\es\mobile-navbar-exposes-the-same-links-in-mx\baseline.png,C:\Users\gilsa\Documents\Repos\Generat-Test-Automation-Architecture-TS\gTAA\visual-results\responsive-30145a71-ab58-4066-9e5a-70182e02669d\navbar\navbar_mobile_menu_opened\web\responsive\mx\es\mobile-navbar-exposes-the-same-links-in-mx\actual.png,,,,0.015,SKIP,898,,GTAA_BASELINE,gTAA,local-batch,0,NOT_AVAILABLE,NOT_AVAILABLE,playwright,web,responsive,2026-06-09T17:38:55.916Z
responsive-30145a71-ab58-4066-9e5a-70182e02669d,navbar_mobile_menu_opened,mobileMenuButton,,web,responsive,C:\Users\gilsa\Documents\Repos\Generat-Test-Automation-Architecture-TS\gTAA\visual-baselines\navbar\navbar_mobile_menu_opened\web\responsive\ch\de\mobile-navbar-exposes-the-same-links-in-ch\baseline.png,C:\Users\gilsa\Documents\Repos\Generat-Test-Automation-Architecture-TS\gTAA\visual-results\responsive-30145a71-ab58-4066-9e5a-70182e02669d\navbar\navbar_mobile_menu_opened\web\responsive\ch\de\mobile-navbar-exposes-the-same-links-in-ch\actual.png,,,,0.015,SKIP,1165,,GTAA_BASELINE,gTAA,local-batch,0,NOT_AVAILABLE,NOT_AVAILABLE,playwright,web,responsive,2026-06-09T17:38:55.916Z
responsive-30145a71-ab58-4066-9e5a-70182e02669d,navbar_mobile_menu_opened,mobileMenuButton,,web,responsive,C:\Users\gilsa\Documents\Repos\Generat-Test-Automation-Architecture-TS\gTAA\visual-baselines\navbar\navbar_mobile_menu_opened\web\responsive\ch\fr\mobile-navbar-exposes-the-same-links-in-ch\baseline.png,C:\Users\gilsa\Documents\Repos\Generat-Test-Automation-Architecture-TS\gTAA\visual-results\responsive-30145a71-ab58-4066-9e5a-70182e02669d\navbar\navbar_mobile_menu_opened\web\responsive\ch\fr\mobile-navbar-exposes-the-same-links-in-ch\actual.png,,,,0.015,SKIP,858,,GTAA_BASELINE,gTAA,local-batch,0,NOT_AVAILABLE,NOT_AVAILABLE,playwright,web,responsive,2026-06-09T17:38:55.916Z
responsive-30145a71-ab58-4066-9e5a-70182e02669d,navbar_mobile_menu_opened,mobileMenuButton,,web,responsive,C:\Users\gilsa\Documents\Repos\Generat-Test-Automation-Architecture-TS\gTAA\visual-baselines\navbar\navbar_mobile_menu_opened\web\responsive\jp\ja\mobile-navbar-exposes-the-same-links-in-jp\baseline.png,C:\Users\gilsa\Documents\Repos\Generat-Test-Automation-Architecture-TS\gTAA\visual-results\responsive-30145a71-ab58-4066-9e5a-70182e02669d\navbar\navbar_mobile_menu_opened\web\responsive\jp\ja\mobile-navbar-exposes-the-same-links-in-jp\actual.png,,,,0.015,SKIP,895,,GTAA_BASELINE,gTAA,local-batch,0,NOT_AVAILABLE,NOT_AVAILABLE,playwright,web,responsive,2026-06-09T17:38:55.916Z
responsive-30145a71-ab58-4066-9e5a-70182e02669d,order_success_screen_landed,orderSuccessScreen,orderIdLabel;orderTotalText;timeEstimateText,web,responsive,C:\Users\gilsa\Documents\Repos\Generat-Test-Automation-Architecture-TS\gTAA\visual-baselines\order_success\order_success_screen_landed\web\responsive\us\en\order-success-screen-in-us-en-shows-tracking-courier\baseline.png,C:\Users\gilsa\Documents\Repos\Generat-Test-Automation-Architecture-TS\gTAA\visual-results\responsive-30145a71-ab58-4066-9e5a-70182e02669d\order_success\order_success_screen_landed\web\responsive\us\en\order-success-screen-in-us-en-shows-tracking-courier\actual.png,,,,0.01,SKIP,586,,GTAA_BASELINE,gTAA,local-batch,0,NOT_AVAILABLE,NOT_AVAILABLE,playwright,web,responsive,2026-06-09T17:38:55.916Z
responsive-30145a71-ab58-4066-9e5a-70182e02669d,order_success_screen_landed,orderSuccessScreen,orderIdLabel;orderTotalText;timeEstimateText,web,responsive,C:\Users\gilsa\Documents\Repos\Generat-Test-Automation-Architecture-TS\gTAA\visual-baselines\order_success\order_success_screen_landed\web\responsive\mx\es\order-success-screen-in-mx-es-shows-tracking-courier\baseline.png,C:\Users\gilsa\Documents\Repos\Generat-Test-Automation-Architecture-TS\gTAA\visual-results\responsive-30145a71-ab58-4066-9e5a-70182e02669d\order_success\order_success_screen_landed\web\responsive\mx\es\order-success-screen-in-mx-es-shows-tracking-courier\actual.png,,,,0.01,SKIP,546,,GTAA_BASELINE,gTAA,local-batch,0,NOT_AVAILABLE,NOT_AVAILABLE,playwright,web,responsive,2026-06-09T17:38:55.916Z
responsive-30145a71-ab58-4066-9e5a-70182e02669d,order_success_screen_landed,orderSuccessScreen,orderIdLabel;orderTotalText;timeEstimateText,web,responsive,C:\Users\gilsa\Documents\Repos\Generat-Test-Automation-Architecture-TS\gTAA\visual-baselines\order_success\order_success_screen_landed\web\responsive\ch\de\order-success-screen-in-ch-de-shows-tracking-courier\baseline.png,C:\Users\gilsa\Documents\Repos\Generat-Test-Automation-Architecture-TS\gTAA\visual-results\responsive-30145a71-ab58-4066-9e5a-70182e02669d\order_success\order_success_screen_landed\web\responsive\ch\de\order-success-screen-in-ch-de-shows-tracking-courier\actual.png,,,,0.01,SKIP,566,,GTAA_BASELINE,gTAA,local-batch,0,NOT_AVAILABLE,NOT_AVAILABLE,playwright,web,responsive,2026-06-09T17:38:55.916Z
responsive-30145a71-ab58-4066-9e5a-70182e02669d,order_success_screen_landed,orderSuccessScreen,orderIdLabel;orderTotalText;timeEstimateText,web,responsive,C:\Users\gilsa\Documents\Repos\Generat-Test-Automation-Architecture-TS\gTAA\visual-baselines\order_success\order_success_screen_landed\web\responsive\ch\fr\order-success-screen-in-ch-fr-shows-tracking-courier\baseline.png,C:\Users\gilsa\Documents\Repos\Generat-Test-Automation-Architecture-TS\gTAA\visual-results\responsive-30145a71-ab58-4066-9e5a-70182e02669d\order_success\order_success_screen_landed\web\responsive\ch\fr\order-success-screen-in-ch-fr-shows-tracking-courier\actual.png,,,,0.01,SKIP,547,,GTAA_BASELINE,gTAA,local-batch,0,NOT_AVAILABLE,NOT_AVAILABLE,playwright,web,responsive,2026-06-09T17:38:55.916Z
responsive-30145a71-ab58-4066-9e5a-70182e02669d,order_success_screen_landed,orderSuccessScreen,orderIdLabel;orderTotalText;timeEstimateText,web,responsive,C:\Users\gilsa\Documents\Repos\Generat-Test-Automation-Architecture-TS\gTAA\visual-baselines\order_success\order_success_screen_landed\web\responsive\jp\ja\order-success-screen-in-jp-ja-shows-tracking-courier\baseline.png,C:\Users\gilsa\Documents\Repos\Generat-Test-Automation-Architecture-TS\gTAA\visual-results\responsive-30145a71-ab58-4066-9e5a-70182e02669d\order_success\order_success_screen_landed\web\responsive\jp\ja\order-success-screen-in-jp-ja-shows-tracking-courier\actual.png,,,,0.01,SKIP,495,,GTAA_BASELINE,gTAA,local-batch,0,NOT_AVAILABLE,NOT_AVAILABLE,playwright,web,responsive,2026-06-09T17:38:55.916Z
responsive-30145a71-ab58-4066-9e5a-70182e02669d,pizzaBuilder_confirm_state,confirmAddToCartButton,,web,responsive,C:\Users\gilsa\Documents\Repos\Generat-Test-Automation-Architecture-TS\gTAA\visual-baselines\pizzaBuilder\pizzaBuilder_confirm_state\web\responsive\us\en\confirming-add-to-cart-closes-the-builder-and-increments-the-navbar-cart-count-i\baseline.png,C:\Users\gilsa\Documents\Repos\Generat-Test-Automation-Architecture-TS\gTAA\visual-results\responsive-30145a71-ab58-4066-9e5a-70182e02669d\pizzaBuilder\pizzaBuilder_confirm_state\web\responsive\us\en\confirming-add-to-cart-closes-the-builder-and-increments-the-navbar-cart-count-i\actual.png,,,,0.005,SKIP,30229,,GTAA_BASELINE,gTAA,local-batch,0,NOT_AVAILABLE,NOT_AVAILABLE,playwright,web,responsive,2026-06-09T17:38:55.916Z
responsive-30145a71-ab58-4066-9e5a-70182e02669d,pizzaBuilder_confirm_state,confirmAddToCartButton,,web,responsive,C:\Users\gilsa\Documents\Repos\Generat-Test-Automation-Architecture-TS\gTAA\visual-baselines\pizzaBuilder\pizzaBuilder_confirm_state\web\responsive\mx\es\confirming-add-to-cart-closes-the-builder-and-increments-the-navbar-cart-count-i\baseline.png,C:\Users\gilsa\Documents\Repos\Generat-Test-Automation-Architecture-TS\gTAA\visual-results\responsive-30145a71-ab58-4066-9e5a-70182e02669d\pizzaBuilder\pizzaBuilder_confirm_state\web\responsive\mx\es\confirming-add-to-cart-closes-the-builder-and-increments-the-navbar-cart-count-i\actual.png,,,,0.005,SKIP,30238,,GTAA_BASELINE,gTAA,local-batch,0,NOT_AVAILABLE,NOT_AVAILABLE,playwright,web,responsive,2026-06-09T17:38:55.916Z
responsive-30145a71-ab58-4066-9e5a-70182e02669d,pizzaBuilder_confirm_state,confirmAddToCartButton,,web,responsive,C:\Users\gilsa\Documents\Repos\Generat-Test-Automation-Architecture-TS\gTAA\visual-baselines\pizzaBuilder\pizzaBuilder_confirm_state\web\responsive\ch\de\confirming-add-to-cart-closes-the-builder-and-increments-the-navbar-cart-count-i\baseline.png,C:\Users\gilsa\Documents\Repos\Generat-Test-Automation-Architecture-TS\gTAA\visual-results\responsive-30145a71-ab58-4066-9e5a-70182e02669d\pizzaBuilder\pizzaBuilder_confirm_state\web\responsive\ch\de\confirming-add-to-cart-closes-the-builder-and-increments-the-navbar-cart-count-i\actual.png,,,,0.005,SKIP,30256,,GTAA_BASELINE,gTAA,local-batch,0,NOT_AVAILABLE,NOT_AVAILABLE,playwright,web,responsive,2026-06-09T17:38:55.916Z
responsive-30145a71-ab58-4066-9e5a-70182e02669d,pizzaBuilder_confirm_state,confirmAddToCartButton,,web,responsive,C:\Users\gilsa\Documents\Repos\Generat-Test-Automation-Architecture-TS\gTAA\visual-baselines\pizzaBuilder\pizzaBuilder_confirm_state\web\responsive\ch\fr\confirming-add-to-cart-closes-the-builder-and-increments-the-navbar-cart-count-i\baseline.png,C:\Users\gilsa\Documents\Repos\Generat-Test-Automation-Architecture-TS\gTAA\visual-results\responsive-30145a71-ab58-4066-9e5a-70182e02669d\pizzaBuilder\pizzaBuilder_confirm_state\web\responsive\ch\fr\confirming-add-to-cart-closes-the-builder-and-increments-the-navbar-cart-count-i\actual.png,,,,0.005,SKIP,30220,,GTAA_BASELINE,gTAA,local-batch,0,NOT_AVAILABLE,NOT_AVAILABLE,playwright,web,responsive,2026-06-09T17:38:55.916Z
responsive-30145a71-ab58-4066-9e5a-70182e02669d,pizzaBuilder_confirm_state,confirmAddToCartButton,,web,responsive,C:\Users\gilsa\Documents\Repos\Generat-Test-Automation-Architecture-TS\gTAA\visual-baselines\pizzaBuilder\pizzaBuilder_confirm_state\web\responsive\jp\ja\confirming-add-to-cart-closes-the-builder-and-increments-the-navbar-cart-count-i\baseline.png,C:\Users\gilsa\Documents\Repos\Generat-Test-Automation-Architecture-TS\gTAA\visual-results\responsive-30145a71-ab58-4066-9e5a-70182e02669d\pizzaBuilder\pizzaBuilder_confirm_state\web\responsive\jp\ja\confirming-add-to-cart-closes-the-builder-and-increments-the-navbar-cart-count-i\actual.png,,,,0.005,SKIP,30217,,GTAA_BASELINE,gTAA,local-batch,0,NOT_AVAILABLE,NOT_AVAILABLE,playwright,web,responsive,2026-06-09T17:38:55.916Z
responsive-30145a71-ab58-4066-9e5a-70182e02669d,pizzaBuilder_size_selected,sizeOptionsList,,web,responsive,C:\Users\gilsa\Documents\Repos\Generat-Test-Automation-Architecture-TS\gTAA\visual-baselines\pizzaBuilder\pizzaBuilder_size_selected\web\responsive\us\en\selecting-a-size-updates-the-estimated-total-for-pepperoni-in-us\baseline.png,C:\Users\gilsa\Documents\Repos\Generat-Test-Automation-Architecture-TS\gTAA\visual-results\responsive-30145a71-ab58-4066-9e5a-70182e02669d\pizzaBuilder\pizzaBuilder_size_selected\web\responsive\us\en\selecting-a-size-updates-the-estimated-total-for-pepperoni-in-us\actual.png,,,,0.01,SKIP,1082,,GTAA_BASELINE,gTAA,local-batch,0,NOT_AVAILABLE,NOT_AVAILABLE,playwright,web,responsive,2026-06-09T17:38:55.916Z
responsive-30145a71-ab58-4066-9e5a-70182e02669d,pizzaBuilder_size_selected,sizeOptionsList,,web,responsive,C:\Users\gilsa\Documents\Repos\Generat-Test-Automation-Architecture-TS\gTAA\visual-baselines\pizzaBuilder\pizzaBuilder_size_selected\web\responsive\mx\es\selecting-a-size-updates-the-estimated-total-for-margherita-in-mx\baseline.png,C:\Users\gilsa\Documents\Repos\Generat-Test-Automation-Architecture-TS\gTAA\visual-results\responsive-30145a71-ab58-4066-9e5a-70182e02669d\pizzaBuilder\pizzaBuilder_size_selected\web\responsive\mx\es\selecting-a-size-updates-the-estimated-total-for-margherita-in-mx\actual.png,,,,0.01,SKIP,1152,,GTAA_BASELINE,gTAA,local-batch,0,NOT_AVAILABLE,NOT_AVAILABLE,playwright,web,responsive,2026-06-09T17:38:55.916Z
responsive-30145a71-ab58-4066-9e5a-70182e02669d,pizzaBuilder_size_selected,sizeOptionsList,,web,responsive,C:\Users\gilsa\Documents\Repos\Generat-Test-Automation-Architecture-TS\gTAA\visual-baselines\pizzaBuilder\pizzaBuilder_size_selected\web\responsive\ch\de\selecting-a-size-updates-the-estimated-total-for-marinara-in-ch\baseline.png,C:\Users\gilsa\Documents\Repos\Generat-Test-Automation-Architecture-TS\gTAA\visual-results\responsive-30145a71-ab58-4066-9e5a-70182e02669d\pizzaBuilder\pizzaBuilder_size_selected\web\responsive\ch\de\selecting-a-size-updates-the-estimated-total-for-marinara-in-ch\actual.png,,,,0.01,SKIP,1150,,GTAA_BASELINE,gTAA,local-batch,0,NOT_AVAILABLE,NOT_AVAILABLE,playwright,web,responsive,2026-06-09T17:38:55.916Z
responsive-30145a71-ab58-4066-9e5a-70182e02669d,pizzaBuilder_size_selected,sizeOptionsList,,web,responsive,C:\Users\gilsa\Documents\Repos\Generat-Test-Automation-Architecture-TS\gTAA\visual-baselines\pizzaBuilder\pizzaBuilder_size_selected\web\responsive\ch\fr\selecting-a-size-updates-the-estimated-total-for-marinara-in-ch\baseline.png,C:\Users\gilsa\Documents\Repos\Generat-Test-Automation-Architecture-TS\gTAA\visual-results\responsive-30145a71-ab58-4066-9e5a-70182e02669d\pizzaBuilder\pizzaBuilder_size_selected\web\responsive\ch\fr\selecting-a-size-updates-the-estimated-total-for-marinara-in-ch\actual.png,,,,0.01,SKIP,1064,,GTAA_BASELINE,gTAA,local-batch,0,NOT_AVAILABLE,NOT_AVAILABLE,playwright,web,responsive,2026-06-09T17:38:55.916Z
responsive-30145a71-ab58-4066-9e5a-70182e02669d,pizzaBuilder_size_selected,sizeOptionsList,,web,responsive,C:\Users\gilsa\Documents\Repos\Generat-Test-Automation-Architecture-TS\gTAA\visual-baselines\pizzaBuilder\pizzaBuilder_size_selected\web\responsive\jp\ja\selecting-a-size-updates-the-estimated-total-for-pepperoni-in-jp\baseline.png,C:\Users\gilsa\Documents\Repos\Generat-Test-Automation-Architecture-TS\gTAA\visual-results\responsive-30145a71-ab58-4066-9e5a-70182e02669d\pizzaBuilder\pizzaBuilder_size_selected\web\responsive\jp\ja\selecting-a-size-updates-the-estimated-total-for-pepperoni-in-jp\actual.png,,,,0.01,SKIP,1104,,GTAA_BASELINE,gTAA,local-batch,0,NOT_AVAILABLE,NOT_AVAILABLE,playwright,web,responsive,2026-06-09T17:38:55.916Z
responsive-30145a71-ab58-4066-9e5a-70182e02669d,pizzaBuilder_toppings_selected,toppingsList,customizerPriceText,web,responsive,C:\Users\gilsa\Documents\Repos\Generat-Test-Automation-Architecture-TS\gTAA\visual-baselines\pizzaBuilder\pizzaBuilder_toppings_selected\web\responsive\us\en\selecting-toppings-updates-the-estimated-total-for-pepperoni-in-us\baseline.png,C:\Users\gilsa\Documents\Repos\Generat-Test-Automation-Architecture-TS\gTAA\visual-results\responsive-30145a71-ab58-4066-9e5a-70182e02669d\pizzaBuilder\pizzaBuilder_toppings_selected\web\responsive\us\en\selecting-toppings-updates-the-estimated-total-for-pepperoni-in-us\actual.png,,,,0.01,SKIP,999,,GTAA_BASELINE,gTAA,local-batch,0,NOT_AVAILABLE,NOT_AVAILABLE,playwright,web,responsive,2026-06-09T17:38:55.916Z
responsive-30145a71-ab58-4066-9e5a-70182e02669d,pizzaBuilder_toppings_selected,toppingsList,customizerPriceText,web,responsive,C:\Users\gilsa\Documents\Repos\Generat-Test-Automation-Architecture-TS\gTAA\visual-baselines\pizzaBuilder\pizzaBuilder_toppings_selected\web\responsive\mx\es\selecting-toppings-updates-the-estimated-total-for-margherita-in-mx\baseline.png,C:\Users\gilsa\Documents\Repos\Generat-Test-Automation-Architecture-TS\gTAA\visual-results\responsive-30145a71-ab58-4066-9e5a-70182e02669d\pizzaBuilder\pizzaBuilder_toppings_selected\web\responsive\mx\es\selecting-toppings-updates-the-estimated-total-for-margherita-in-mx\actual.png,,,,0.01,SKIP,1088,,GTAA_BASELINE,gTAA,local-batch,0,NOT_AVAILABLE,NOT_AVAILABLE,playwright,web,responsive,2026-06-09T17:38:55.916Z
responsive-30145a71-ab58-4066-9e5a-70182e02669d,pizzaBuilder_toppings_selected,toppingsList,customizerPriceText,web,responsive,C:\Users\gilsa\Documents\Repos\Generat-Test-Automation-Architecture-TS\gTAA\visual-baselines\pizzaBuilder\pizzaBuilder_toppings_selected\web\responsive\ch\de\selecting-toppings-updates-the-estimated-total-for-marinara-in-ch\baseline.png,C:\Users\gilsa\Documents\Repos\Generat-Test-Automation-Architecture-TS\gTAA\visual-results\responsive-30145a71-ab58-4066-9e5a-70182e02669d\pizzaBuilder\pizzaBuilder_toppings_selected\web\responsive\ch\de\selecting-toppings-updates-the-estimated-total-for-marinara-in-ch\actual.png,,,,0.01,SKIP,1319,,GTAA_BASELINE,gTAA,local-batch,0,NOT_AVAILABLE,NOT_AVAILABLE,playwright,web,responsive,2026-06-09T17:38:55.916Z
responsive-30145a71-ab58-4066-9e5a-70182e02669d,pizzaBuilder_toppings_selected,toppingsList,customizerPriceText,web,responsive,C:\Users\gilsa\Documents\Repos\Generat-Test-Automation-Architecture-TS\gTAA\visual-baselines\pizzaBuilder\pizzaBuilder_toppings_selected\web\responsive\ch\fr\selecting-toppings-updates-the-estimated-total-for-marinara-in-ch\baseline.png,C:\Users\gilsa\Documents\Repos\Generat-Test-Automation-Architecture-TS\gTAA\visual-results\responsive-30145a71-ab58-4066-9e5a-70182e02669d\pizzaBuilder\pizzaBuilder_toppings_selected\web\responsive\ch\fr\selecting-toppings-updates-the-estimated-total-for-marinara-in-ch\actual.png,,,,0.01,SKIP,1032,,GTAA_BASELINE,gTAA,local-batch,0,NOT_AVAILABLE,NOT_AVAILABLE,playwright,web,responsive,2026-06-09T17:38:55.916Z
responsive-30145a71-ab58-4066-9e5a-70182e02669d,pizzaBuilder_toppings_selected,toppingsList,customizerPriceText,web,responsive,C:\Users\gilsa\Documents\Repos\Generat-Test-Automation-Architecture-TS\gTAA\visual-baselines\pizzaBuilder\pizzaBuilder_toppings_selected\web\responsive\jp\ja\selecting-toppings-updates-the-estimated-total-for-pepperoni-in-jp\baseline.png,C:\Users\gilsa\Documents\Repos\Generat-Test-Automation-Architecture-TS\gTAA\visual-results\responsive-30145a71-ab58-4066-9e5a-70182e02669d\pizzaBuilder\pizzaBuilder_toppings_selected\web\responsive\jp\ja\selecting-toppings-updates-the-estimated-total-for-pepperoni-in-jp\actual.png,,,,0.01,SKIP,1022,,GTAA_BASELINE,gTAA,local-batch,0,NOT_AVAILABLE,NOT_AVAILABLE,playwright,web,responsive,2026-06-09T17:38:55.916Z
responsive-30145a71-ab58-4066-9e5a-70182e02669d,profile_card_render,profileFullNameInput,profileFullNameInput;profilePhoneNumberInput;notesInput,web,responsive,C:\Users\gilsa\Documents\Repos\Generat-Test-Automation-Architecture-TS\gTAA\visual-baselines\profile\profile_card_render\web\responsive\us\en\profile-renders-for-standard-user-in-us-en\baseline.png,C:\Users\gilsa\Documents\Repos\Generat-Test-Automation-Architecture-TS\gTAA\visual-results\responsive-30145a71-ab58-4066-9e5a-70182e02669d\profile\profile_card_render\web\responsive\us\en\profile-renders-for-standard-user-in-us-en\actual.png,,,,0.01,SKIP,826,,GTAA_BASELINE,gTAA,local-batch,0,NOT_AVAILABLE,NOT_AVAILABLE,playwright,web,responsive,2026-06-09T17:38:55.916Z
responsive-30145a71-ab58-4066-9e5a-70182e02669d,profile_card_render,profileFullNameInput,profileFullNameInput;profilePhoneNumberInput;notesInput,web,responsive,C:\Users\gilsa\Documents\Repos\Generat-Test-Automation-Architecture-TS\gTAA\visual-baselines\profile\profile_card_render\web\responsive\mx\es\profile-renders-for-standard-user-in-mx-es\baseline.png,C:\Users\gilsa\Documents\Repos\Generat-Test-Automation-Architecture-TS\gTAA\visual-results\responsive-30145a71-ab58-4066-9e5a-70182e02669d\profile\profile_card_render\web\responsive\mx\es\profile-renders-for-standard-user-in-mx-es\actual.png,,,,0.01,SKIP,843,,GTAA_BASELINE,gTAA,local-batch,0,NOT_AVAILABLE,NOT_AVAILABLE,playwright,web,responsive,2026-06-09T17:38:55.916Z
responsive-30145a71-ab58-4066-9e5a-70182e02669d,profile_card_render,profileFullNameInput,profileFullNameInput;profilePhoneNumberInput;notesInput,web,responsive,C:\Users\gilsa\Documents\Repos\Generat-Test-Automation-Architecture-TS\gTAA\visual-baselines\profile\profile_card_render\web\responsive\ch\de\profile-renders-for-standard-user-in-ch-de\baseline.png,C:\Users\gilsa\Documents\Repos\Generat-Test-Automation-Architecture-TS\gTAA\visual-results\responsive-30145a71-ab58-4066-9e5a-70182e02669d\profile\profile_card_render\web\responsive\ch\de\profile-renders-for-standard-user-in-ch-de\actual.png,,,,0.01,SKIP,806,,GTAA_BASELINE,gTAA,local-batch,0,NOT_AVAILABLE,NOT_AVAILABLE,playwright,web,responsive,2026-06-09T17:38:55.916Z
responsive-30145a71-ab58-4066-9e5a-70182e02669d,profile_card_render,profileFullNameInput,profileFullNameInput;profilePhoneNumberInput;notesInput,web,responsive,C:\Users\gilsa\Documents\Repos\Generat-Test-Automation-Architecture-TS\gTAA\visual-baselines\profile\profile_card_render\web\responsive\ch\fr\profile-renders-for-standard-user-in-ch-fr\baseline.png,C:\Users\gilsa\Documents\Repos\Generat-Test-Automation-Architecture-TS\gTAA\visual-results\responsive-30145a71-ab58-4066-9e5a-70182e02669d\profile\profile_card_render\web\responsive\ch\fr\profile-renders-for-standard-user-in-ch-fr\actual.png,,,,0.01,SKIP,922,,GTAA_BASELINE,gTAA,local-batch,0,NOT_AVAILABLE,NOT_AVAILABLE,playwright,web,responsive,2026-06-09T17:38:55.916Z
responsive-30145a71-ab58-4066-9e5a-70182e02669d,profile_card_render,profileFullNameInput,profileFullNameInput;profilePhoneNumberInput;notesInput,web,responsive,C:\Users\gilsa\Documents\Repos\Generat-Test-Automation-Architecture-TS\gTAA\visual-baselines\profile\profile_card_render\web\responsive\jp\ja\profile-renders-for-standard-user-in-jp-ja\baseline.png,C:\Users\gilsa\Documents\Repos\Generat-Test-Automation-Architecture-TS\gTAA\visual-results\responsive-30145a71-ab58-4066-9e5a-70182e02669d\profile\profile_card_render\web\responsive\jp\ja\profile-renders-for-standard-user-in-jp-ja\actual.png,,,,0.01,SKIP,794,,GTAA_BASELINE,gTAA,local-batch,0,NOT_AVAILABLE,NOT_AVAILABLE,playwright,web,responsive,2026-06-09T17:38:55.916Z
responsive-30145a71-ab58-4066-9e5a-70182e02669d,profile_post_save,profileFullNameInput,profilePhoneNumberInput;notesInput,web,responsive,C:\Users\gilsa\Documents\Repos\Generat-Test-Automation-Architecture-TS\gTAA\visual-baselines\profile\profile_post_save\web\responsive\us\en\the-profile-form-is-editable-and-the-save-is-accepted-in-us\baseline.png,C:\Users\gilsa\Documents\Repos\Generat-Test-Automation-Architecture-TS\gTAA\visual-results\responsive-30145a71-ab58-4066-9e5a-70182e02669d\profile\profile_post_save\web\responsive\us\en\the-profile-form-is-editable-and-the-save-is-accepted-in-us\actual.png,,,,0.01,SKIP,809,,GTAA_BASELINE,gTAA,local-batch,0,NOT_AVAILABLE,NOT_AVAILABLE,playwright,web,responsive,2026-06-09T17:38:55.916Z
responsive-30145a71-ab58-4066-9e5a-70182e02669d,profile_post_save,profileFullNameInput,profilePhoneNumberInput;notesInput,web,responsive,C:\Users\gilsa\Documents\Repos\Generat-Test-Automation-Architecture-TS\gTAA\visual-baselines\profile\profile_post_save\web\responsive\mx\es\the-profile-form-is-editable-and-the-save-is-accepted-in-mx\baseline.png,C:\Users\gilsa\Documents\Repos\Generat-Test-Automation-Architecture-TS\gTAA\visual-results\responsive-30145a71-ab58-4066-9e5a-70182e02669d\profile\profile_post_save\web\responsive\mx\es\the-profile-form-is-editable-and-the-save-is-accepted-in-mx\actual.png,,,,0.01,SKIP,848,,GTAA_BASELINE,gTAA,local-batch,0,NOT_AVAILABLE,NOT_AVAILABLE,playwright,web,responsive,2026-06-09T17:38:55.916Z
responsive-30145a71-ab58-4066-9e5a-70182e02669d,profile_post_save,profileFullNameInput,profilePhoneNumberInput;notesInput,web,responsive,C:\Users\gilsa\Documents\Repos\Generat-Test-Automation-Architecture-TS\gTAA\visual-baselines\profile\profile_post_save\web\responsive\ch\de\the-profile-form-is-editable-and-the-save-is-accepted-in-ch\baseline.png,C:\Users\gilsa\Documents\Repos\Generat-Test-Automation-Architecture-TS\gTAA\visual-results\responsive-30145a71-ab58-4066-9e5a-70182e02669d\profile\profile_post_save\web\responsive\ch\de\the-profile-form-is-editable-and-the-save-is-accepted-in-ch\actual.png,,,,0.01,SKIP,873,,GTAA_BASELINE,gTAA,local-batch,0,NOT_AVAILABLE,NOT_AVAILABLE,playwright,web,responsive,2026-06-09T17:38:55.916Z
responsive-30145a71-ab58-4066-9e5a-70182e02669d,profile_post_save,profileFullNameInput,profilePhoneNumberInput;notesInput,web,responsive,C:\Users\gilsa\Documents\Repos\Generat-Test-Automation-Architecture-TS\gTAA\visual-baselines\profile\profile_post_save\web\responsive\ch\fr\the-profile-form-is-editable-and-the-save-is-accepted-in-ch\baseline.png,C:\Users\gilsa\Documents\Repos\Generat-Test-Automation-Architecture-TS\gTAA\visual-results\responsive-30145a71-ab58-4066-9e5a-70182e02669d\profile\profile_post_save\web\responsive\ch\fr\the-profile-form-is-editable-and-the-save-is-accepted-in-ch\actual.png,,,,0.01,SKIP,810,,GTAA_BASELINE,gTAA,local-batch,0,NOT_AVAILABLE,NOT_AVAILABLE,playwright,web,responsive,2026-06-09T17:38:55.916Z
responsive-30145a71-ab58-4066-9e5a-70182e02669d,profile_post_save,profileFullNameInput,profilePhoneNumberInput;notesInput,web,responsive,C:\Users\gilsa\Documents\Repos\Generat-Test-Automation-Architecture-TS\gTAA\visual-baselines\profile\profile_post_save\web\responsive\jp\ja\the-profile-form-is-editable-and-the-save-is-accepted-in-jp\baseline.png,C:\Users\gilsa\Documents\Repos\Generat-Test-Automation-Architecture-TS\gTAA\visual-results\responsive-30145a71-ab58-4066-9e5a-70182e02669d\profile\profile_post_save\web\responsive\jp\ja\the-profile-form-is-editable-and-the-save-is-accepted-in-jp\actual.png,,,,0.01,SKIP,777,,GTAA_BASELINE,gTAA,local-batch,0,NOT_AVAILABLE,NOT_AVAILABLE,playwright,web,responsive,2026-06-09T17:38:55.916Z
responsive-cdf88f56-b617-45f2-9883-fd40e6494298,catalog_screen,catalogScreen,searchInput,web,responsive,C:\Users\gilsa\Documents\Repos\Generat-Test-Automation-Architecture-TS\gTAA\visual-baselines\catalog\catalog_screen\web\responsive\us\en\catalog-renders-in-us-en\baseline.png,C:\Users\gilsa\Documents\Repos\Generat-Test-Automation-Architecture-TS\gTAA\visual-results\responsive-cdf88f56-b617-45f2-9883-fd40e6494298\catalog\catalog_screen\web\responsive\us\en\catalog-renders-in-us-en\actual.png,C:\Users\gilsa\Documents\Repos\Generat-Test-Automation-Architecture-TS\gTAA\visual-results\responsive-cdf88f56-b617-45f2-9883-fd40e6494298\catalog\catalog_screen\web\responsive\us\en\catalog-renders-in-us-en\diff.png,0,0,0.01,PASS,1063,,GTAA_BASELINE,gTAA,local-batch,0,NOT_AVAILABLE,NOT_AVAILABLE,playwright,web,responsive,2026-06-09T17:38:55.916Z
responsive-cdf88f56-b617-45f2-9883-fd40e6494298,catalog_screen,catalogScreen,searchInput,web,responsive,C:\Users\gilsa\Documents\Repos\Generat-Test-Automation-Architecture-TS\gTAA\visual-baselines\catalog\catalog_screen\web\responsive\mx\es\catalog-renders-in-mx-es\baseline.png,C:\Users\gilsa\Documents\Repos\Generat-Test-Automation-Architecture-TS\gTAA\visual-results\responsive-cdf88f56-b617-45f2-9883-fd40e6494298\catalog\catalog_screen\web\responsive\mx\es\catalog-renders-in-mx-es\actual.png,C:\Users\gilsa\Documents\Repos\Generat-Test-Automation-Architecture-TS\gTAA\visual-results\responsive-cdf88f56-b617-45f2-9883-fd40e6494298\catalog\catalog_screen\web\responsive\mx\es\catalog-renders-in-mx-es\diff.png,0,0,0.01,PASS,859,,GTAA_BASELINE,gTAA,local-batch,0,NOT_AVAILABLE,NOT_AVAILABLE,playwright,web,responsive,2026-06-09T17:38:55.916Z
responsive-cdf88f56-b617-45f2-9883-fd40e6494298,catalog_screen,catalogScreen,searchInput,web,responsive,C:\Users\gilsa\Documents\Repos\Generat-Test-Automation-Architecture-TS\gTAA\visual-baselines\catalog\catalog_screen\web\responsive\ch\de\catalog-renders-in-ch-de\baseline.png,C:\Users\gilsa\Documents\Repos\Generat-Test-Automation-Architecture-TS\gTAA\visual-results\responsive-cdf88f56-b617-45f2-9883-fd40e6494298\catalog\catalog_screen\web\responsive\ch\de\catalog-renders-in-ch-de\actual.png,C:\Users\gilsa\Documents\Repos\Generat-Test-Automation-Architecture-TS\gTAA\visual-results\responsive-cdf88f56-b617-45f2-9883-fd40e6494298\catalog\catalog_screen\web\responsive\ch\de\catalog-renders-in-ch-de\diff.png,0,0,0.01,PASS,827,,GTAA_BASELINE,gTAA,local-batch,0,NOT_AVAILABLE,NOT_AVAILABLE,playwright,web,responsive,2026-06-09T17:38:55.916Z
responsive-cdf88f56-b617-45f2-9883-fd40e6494298,catalog_screen,catalogScreen,searchInput,web,responsive,C:\Users\gilsa\Documents\Repos\Generat-Test-Automation-Architecture-TS\gTAA\visual-baselines\catalog\catalog_screen\web\responsive\ch\fr\catalog-renders-in-ch-fr\baseline.png,C:\Users\gilsa\Documents\Repos\Generat-Test-Automation-Architecture-TS\gTAA\visual-results\responsive-cdf88f56-b617-45f2-9883-fd40e6494298\catalog\catalog_screen\web\responsive\ch\fr\catalog-renders-in-ch-fr\actual.png,C:\Users\gilsa\Documents\Repos\Generat-Test-Automation-Architecture-TS\gTAA\visual-results\responsive-cdf88f56-b617-45f2-9883-fd40e6494298\catalog\catalog_screen\web\responsive\ch\fr\catalog-renders-in-ch-fr\diff.png,0,0,0.01,PASS,800,,GTAA_BASELINE,gTAA,local-batch,0,NOT_AVAILABLE,NOT_AVAILABLE,playwright,web,responsive,2026-06-09T17:38:55.916Z
responsive-cdf88f56-b617-45f2-9883-fd40e6494298,catalog_screen,catalogScreen,searchInput,web,responsive,C:\Users\gilsa\Documents\Repos\Generat-Test-Automation-Architecture-TS\gTAA\visual-baselines\catalog\catalog_screen\web\responsive\jp\ja\catalog-renders-in-jp-ja\baseline.png,C:\Users\gilsa\Documents\Repos\Generat-Test-Automation-Architecture-TS\gTAA\visual-results\responsive-cdf88f56-b617-45f2-9883-fd40e6494298\catalog\catalog_screen\web\responsive\jp\ja\catalog-renders-in-jp-ja\actual.png,C:\Users\gilsa\Documents\Repos\Generat-Test-Automation-Architecture-TS\gTAA\visual-results\responsive-cdf88f56-b617-45f2-9883-fd40e6494298\catalog\catalog_screen\web\responsive\jp\ja\catalog-renders-in-jp-ja\diff.png,0,0,0.01,PASS,925,,GTAA_BASELINE,gTAA,local-batch,0,NOT_AVAILABLE,NOT_AVAILABLE,playwright,web,responsive,2026-06-09T17:38:55.916Z
responsive-cdf88f56-b617-45f2-9883-fd40e6494298,checkout_order_summary,orderDetailsList,orderTotalValue,web,responsive,C:\Users\gilsa\Documents\Repos\Generat-Test-Automation-Architecture-TS\gTAA\visual-baselines\checkout\checkout_order_summary\web\responsive\place-a-delivery-order-in-us-paying-with-credit-card\baseline.png,C:\Users\gilsa\Documents\Repos\Generat-Test-Automation-Architecture-TS\gTAA\visual-results\responsive-cdf88f56-b617-45f2-9883-fd40e6494298\checkout\checkout_order_summary\web\responsive\place-a-delivery-order-in-us-paying-with-credit-card\actual.png,C:\Users\gilsa\Documents\Repos\Generat-Test-Automation-Architecture-TS\gTAA\visual-results\responsive-cdf88f56-b617-45f2-9883-fd40e6494298\checkout\checkout_order_summary\web\responsive\place-a-delivery-order-in-us-paying-with-credit-card\diff.png,213,0.0006014910199932227,0.005,PASS,30180,,GTAA_BASELINE,gTAA,local-batch,0,NOT_AVAILABLE,NOT_AVAILABLE,playwright,web,responsive,2026-06-09T17:38:55.916Z
responsive-cdf88f56-b617-45f2-9883-fd40e6494298,checkout_order_summary,orderDetailsList,orderTotalValue,web,responsive,C:\Users\gilsa\Documents\Repos\Generat-Test-Automation-Architecture-TS\gTAA\visual-baselines\checkout\checkout_order_summary\web\responsive\place-a-delivery-order-in-mx-paying-with-credit-card\baseline.png,C:\Users\gilsa\Documents\Repos\Generat-Test-Automation-Architecture-TS\gTAA\visual-results\responsive-cdf88f56-b617-45f2-9883-fd40e6494298\checkout\checkout_order_summary\web\responsive\place-a-delivery-order-in-mx-paying-with-credit-card\actual.png,C:\Users\gilsa\Documents\Repos\Generat-Test-Automation-Architecture-TS\gTAA\visual-results\responsive-cdf88f56-b617-45f2-9883-fd40e6494298\checkout\checkout_order_summary\web\responsive\place-a-delivery-order-in-mx-paying-with-credit-card\diff.png,123,0.0003473398847848187,0.005,PASS,30180,,GTAA_BASELINE,gTAA,local-batch,0,NOT_AVAILABLE,NOT_AVAILABLE,playwright,web,responsive,2026-06-09T17:38:55.916Z
responsive-cdf88f56-b617-45f2-9883-fd40e6494298,checkout_order_summary,orderDetailsList,orderTotalValue,web,responsive,C:\Users\gilsa\Documents\Repos\Generat-Test-Automation-Architecture-TS\gTAA\visual-baselines\checkout\checkout_order_summary\web\responsive\place-a-delivery-order-in-ch-paying-with-credit-card\baseline.png,C:\Users\gilsa\Documents\Repos\Generat-Test-Automation-Architecture-TS\gTAA\visual-results\responsive-cdf88f56-b617-45f2-9883-fd40e6494298\checkout\checkout_order_summary\web\responsive\place-a-delivery-order-in-ch-paying-with-credit-card\actual.png,C:\Users\gilsa\Documents\Repos\Generat-Test-Automation-Architecture-TS\gTAA\visual-results\responsive-cdf88f56-b617-45f2-9883-fd40e6494298\checkout\checkout_order_summary\web\responsive\place-a-delivery-order-in-ch-paying-with-credit-card\diff.png,169,0.0004772393538913363,0.005,PASS,30123,,GTAA_BASELINE,gTAA,local-batch,0,NOT_AVAILABLE,NOT_AVAILABLE,playwright,web,responsive,2026-06-09T17:38:55.916Z
responsive-cdf88f56-b617-45f2-9883-fd40e6494298,checkout_order_summary,orderDetailsList,orderTotalValue,web,responsive,C:\Users\gilsa\Documents\Repos\Generat-Test-Automation-Architecture-TS\gTAA\visual-baselines\checkout\checkout_order_summary\web\responsive\place-a-delivery-order-in-jp-paying-with-credit-card\baseline.png,C:\Users\gilsa\Documents\Repos\Generat-Test-Automation-Architecture-TS\gTAA\visual-results\responsive-cdf88f56-b617-45f2-9883-fd40e6494298\checkout\checkout_order_summary\web\responsive\place-a-delivery-order-in-jp-paying-with-credit-card\actual.png,C:\Users\gilsa\Documents\Repos\Generat-Test-Automation-Architecture-TS\gTAA\visual-results\responsive-cdf88f56-b617-45f2-9883-fd40e6494298\checkout\checkout_order_summary\web\responsive\place-a-delivery-order-in-jp-paying-with-credit-card\diff.png,226,0.0006382017395233254,0.005,PASS,30153,,GTAA_BASELINE,gTAA,local-batch,0,NOT_AVAILABLE,NOT_AVAILABLE,playwright,web,responsive,2026-06-09T17:38:55.916Z
responsive-cdf88f56-b617-45f2-9883-fd40e6494298,checkout_order_summary,orderDetailsList,orderTotalValue,web,responsive,C:\Users\gilsa\Documents\Repos\Generat-Test-Automation-Architecture-TS\gTAA\visual-baselines\checkout\checkout_order_summary\web\responsive\place-a-delivery-order-in-us-paying-with-cash\baseline.png,C:\Users\gilsa\Documents\Repos\Generat-Test-Automation-Architecture-TS\gTAA\visual-results\responsive-cdf88f56-b617-45f2-9883-fd40e6494298\checkout\checkout_order_summary\web\responsive\place-a-delivery-order-in-us-paying-with-cash\actual.png,C:\Users\gilsa\Documents\Repos\Generat-Test-Automation-Architecture-TS\gTAA\visual-results\responsive-cdf88f56-b617-45f2-9883-fd40e6494298\checkout\checkout_order_summary\web\responsive\place-a-delivery-order-in-us-paying-with-cash\diff.png,141,0.0003981701118264995,0.005,PASS,30125,,GTAA_BASELINE,gTAA,local-batch,0,NOT_AVAILABLE,NOT_AVAILABLE,playwright,web,responsive,2026-06-09T17:38:55.916Z
responsive-cdf88f56-b617-45f2-9883-fd40e6494298,checkout_order_summary,orderDetailsList,orderTotalValue,web,responsive,C:\Users\gilsa\Documents\Repos\Generat-Test-Automation-Architecture-TS\gTAA\visual-baselines\checkout\checkout_order_summary\web\responsive\place-a-delivery-order-in-mx-paying-with-cash\baseline.png,C:\Users\gilsa\Documents\Repos\Generat-Test-Automation-Architecture-TS\gTAA\visual-results\responsive-cdf88f56-b617-45f2-9883-fd40e6494298\checkout\checkout_order_summary\web\responsive\place-a-delivery-order-in-mx-paying-with-cash\actual.png,C:\Users\gilsa\Documents\Repos\Generat-Test-Automation-Architecture-TS\gTAA\visual-results\responsive-cdf88f56-b617-45f2-9883-fd40e6494298\checkout\checkout_order_summary\web\responsive\place-a-delivery-order-in-mx-paying-with-cash\diff.png,175,0.0004941827629052299,0.005,PASS,30167,,GTAA_BASELINE,gTAA,local-batch,0,NOT_AVAILABLE,NOT_AVAILABLE,playwright,web,responsive,2026-06-09T17:38:55.916Z
responsive-cdf88f56-b617-45f2-9883-fd40e6494298,checkout_order_summary,orderDetailsList,orderTotalValue,web,responsive,C:\Users\gilsa\Documents\Repos\Generat-Test-Automation-Architecture-TS\gTAA\visual-baselines\checkout\checkout_order_summary\web\responsive\place-a-delivery-order-in-ch-paying-with-cash\baseline.png,C:\Users\gilsa\Documents\Repos\Generat-Test-Automation-Architecture-TS\gTAA\visual-results\responsive-cdf88f56-b617-45f2-9883-fd40e6494298\checkout\checkout_order_summary\web\responsive\place-a-delivery-order-in-ch-paying-with-cash\actual.png,C:\Users\gilsa\Documents\Repos\Generat-Test-Automation-Architecture-TS\gTAA\visual-results\responsive-cdf88f56-b617-45f2-9883-fd40e6494298\checkout\checkout_order_summary\web\responsive\place-a-delivery-order-in-ch-paying-with-cash\diff.png,257,0.000725742686095109,0.005,PASS,30170,,GTAA_BASELINE,gTAA,local-batch,0,NOT_AVAILABLE,NOT_AVAILABLE,playwright,web,responsive,2026-06-09T17:38:55.916Z
responsive-cdf88f56-b617-45f2-9883-fd40e6494298,checkout_order_summary,orderDetailsList,orderTotalValue,web,responsive,C:\Users\gilsa\Documents\Repos\Generat-Test-Automation-Architecture-TS\gTAA\visual-baselines\checkout\checkout_order_summary\web\responsive\place-a-delivery-order-in-jp-paying-with-cash\baseline.png,C:\Users\gilsa\Documents\Repos\Generat-Test-Automation-Architecture-TS\gTAA\visual-results\responsive-cdf88f56-b617-45f2-9883-fd40e6494298\checkout\checkout_order_summary\web\responsive\place-a-delivery-order-in-jp-paying-with-cash\actual.png,C:\Users\gilsa\Documents\Repos\Generat-Test-Automation-Architecture-TS\gTAA\visual-results\responsive-cdf88f56-b617-45f2-9883-fd40e6494298\checkout\checkout_order_summary\web\responsive\place-a-delivery-order-in-jp-paying-with-cash\diff.png,5758,0.016260024850333222,0.005,FAIL,30140,VISUAL_DIFF_FAILURE,GTAA_BASELINE,gTAA,local-batch,0,NOT_AVAILABLE,NOT_AVAILABLE,playwright,web,responsive,2026-06-09T17:38:55.916Z
responsive-cdf88f56-b617-45f2-9883-fd40e6494298,login_screen_invalid_credentials,loginScreen,usernameInput;passwordInput,web,responsive,C:\Users\gilsa\Documents\Repos\Generat-Test-Automation-Architecture-TS\gTAA\visual-baselines\login\login_screen_invalid_credentials\web\responsive\login-rejected-when-username-is-missing\baseline.png,C:\Users\gilsa\Documents\Repos\Generat-Test-Automation-Architecture-TS\gTAA\visual-results\responsive-cdf88f56-b617-45f2-9883-fd40e6494298\login\login_screen_invalid_credentials\web\responsive\login-rejected-when-username-is-missing\actual.png,C:\Users\gilsa\Documents\Repos\Generat-Test-Automation-Architecture-TS\gTAA\visual-results\responsive-cdf88f56-b617-45f2-9883-fd40e6494298\login\login_screen_invalid_credentials\web\responsive\login-rejected-when-username-is-missing\diff.png,0,0,0.01,PASS,1361,,GTAA_BASELINE,gTAA,local-batch,0,NOT_AVAILABLE,NOT_AVAILABLE,playwright,web,responsive,2026-06-09T17:38:55.916Z
responsive-cdf88f56-b617-45f2-9883-fd40e6494298,login_screen_invalid_credentials,loginScreen,usernameInput;passwordInput,web,responsive,C:\Users\gilsa\Documents\Repos\Generat-Test-Automation-Architecture-TS\gTAA\visual-baselines\login\login_screen_invalid_credentials\web\responsive\login-rejected-when-password-is-missing\baseline.png,C:\Users\gilsa\Documents\Repos\Generat-Test-Automation-Architecture-TS\gTAA\visual-results\responsive-cdf88f56-b617-45f2-9883-fd40e6494298\login\login_screen_invalid_credentials\web\responsive\login-rejected-when-password-is-missing\actual.png,C:\Users\gilsa\Documents\Repos\Generat-Test-Automation-Architecture-TS\gTAA\visual-results\responsive-cdf88f56-b617-45f2-9883-fd40e6494298\login\login_screen_invalid_credentials\web\responsive\login-rejected-when-password-is-missing\diff.png,0,0,0.01,PASS,1244,,GTAA_BASELINE,gTAA,local-batch,0,NOT_AVAILABLE,NOT_AVAILABLE,playwright,web,responsive,2026-06-09T17:38:55.916Z
responsive-cdf88f56-b617-45f2-9883-fd40e6494298,login_screen_invalid_credentials,loginScreen,usernameInput;passwordInput,web,responsive,C:\Users\gilsa\Documents\Repos\Generat-Test-Automation-Architecture-TS\gTAA\visual-baselines\login\login_screen_invalid_credentials\web\responsive\login-rejected-when-both-fields-are-empty\baseline.png,C:\Users\gilsa\Documents\Repos\Generat-Test-Automation-Architecture-TS\gTAA\visual-results\responsive-cdf88f56-b617-45f2-9883-fd40e6494298\login\login_screen_invalid_credentials\web\responsive\login-rejected-when-both-fields-are-empty\actual.png,C:\Users\gilsa\Documents\Repos\Generat-Test-Automation-Architecture-TS\gTAA\visual-results\responsive-cdf88f56-b617-45f2-9883-fd40e6494298\login\login_screen_invalid_credentials\web\responsive\login-rejected-when-both-fields-are-empty\diff.png,0,0,0.01,PASS,1392,,GTAA_BASELINE,gTAA,local-batch,0,NOT_AVAILABLE,NOT_AVAILABLE,playwright,web,responsive,2026-06-09T17:38:55.916Z
responsive-cdf88f56-b617-45f2-9883-fd40e6494298,login_screen_invalid_credentials,loginScreen,usernameInput;passwordInput,web,responsive,C:\Users\gilsa\Documents\Repos\Generat-Test-Automation-Architecture-TS\gTAA\visual-baselines\login\login_screen_invalid_credentials\web\responsive\login-rejected-when-credentials-are-wrong\baseline.png,C:\Users\gilsa\Documents\Repos\Generat-Test-Automation-Architecture-TS\gTAA\visual-results\responsive-cdf88f56-b617-45f2-9883-fd40e6494298\login\login_screen_invalid_credentials\web\responsive\login-rejected-when-credentials-are-wrong\actual.png,C:\Users\gilsa\Documents\Repos\Generat-Test-Automation-Architecture-TS\gTAA\visual-results\responsive-cdf88f56-b617-45f2-9883-fd40e6494298\login\login_screen_invalid_credentials\web\responsive\login-rejected-when-credentials-are-wrong\diff.png,0,0,0.01,PASS,137,,GTAA_BASELINE,gTAA,local-batch,0,NOT_AVAILABLE,NOT_AVAILABLE,playwright,web,responsive,2026-06-09T17:38:55.916Z
responsive-cdf88f56-b617-45f2-9883-fd40e6494298,login_screen_invalid_credentials,loginScreen,usernameInput;passwordInput,web,responsive,C:\Users\gilsa\Documents\Repos\Generat-Test-Automation-Architecture-TS\gTAA\visual-baselines\login\login_screen_invalid_credentials\web\responsive\login-rejected-when-user-is-locked-out\baseline.png,C:\Users\gilsa\Documents\Repos\Generat-Test-Automation-Architecture-TS\gTAA\visual-results\responsive-cdf88f56-b617-45f2-9883-fd40e6494298\login\login_screen_invalid_credentials\web\responsive\login-rejected-when-user-is-locked-out\actual.png,C:\Users\gilsa\Documents\Repos\Generat-Test-Automation-Architecture-TS\gTAA\visual-results\responsive-cdf88f56-b617-45f2-9883-fd40e6494298\login\login_screen_invalid_credentials\web\responsive\login-rejected-when-user-is-locked-out\diff.png,0,0,0.01,PASS,1049,,GTAA_BASELINE,gTAA,local-batch,0,NOT_AVAILABLE,NOT_AVAILABLE,playwright,web,responsive,2026-06-09T17:38:55.916Z
responsive-cdf88f56-b617-45f2-9883-fd40e6494298,navbar_mobile_menu_opened,mobileMenuButton,,web,responsive,C:\Users\gilsa\Documents\Repos\Generat-Test-Automation-Architecture-TS\gTAA\visual-baselines\navbar\navbar_mobile_menu_opened\web\responsive\us\en\mobile-navbar-exposes-the-same-links-in-us\baseline.png,C:\Users\gilsa\Documents\Repos\Generat-Test-Automation-Architecture-TS\gTAA\visual-results\responsive-cdf88f56-b617-45f2-9883-fd40e6494298\navbar\navbar_mobile_menu_opened\web\responsive\us\en\mobile-navbar-exposes-the-same-links-in-us\actual.png,C:\Users\gilsa\Documents\Repos\Generat-Test-Automation-Architecture-TS\gTAA\visual-results\responsive-cdf88f56-b617-45f2-9883-fd40e6494298\navbar\navbar_mobile_menu_opened\web\responsive\us\en\mobile-navbar-exposes-the-same-links-in-us\diff.png,0,0,0.015,PASS,1160,,GTAA_BASELINE,gTAA,local-batch,0,NOT_AVAILABLE,NOT_AVAILABLE,playwright,web,responsive,2026-06-09T17:38:55.916Z
responsive-cdf88f56-b617-45f2-9883-fd40e6494298,navbar_mobile_menu_opened,mobileMenuButton,,web,responsive,C:\Users\gilsa\Documents\Repos\Generat-Test-Automation-Architecture-TS\gTAA\visual-baselines\navbar\navbar_mobile_menu_opened\web\responsive\mx\es\mobile-navbar-exposes-the-same-links-in-mx\baseline.png,C:\Users\gilsa\Documents\Repos\Generat-Test-Automation-Architecture-TS\gTAA\visual-results\responsive-cdf88f56-b617-45f2-9883-fd40e6494298\navbar\navbar_mobile_menu_opened\web\responsive\mx\es\mobile-navbar-exposes-the-same-links-in-mx\actual.png,C:\Users\gilsa\Documents\Repos\Generat-Test-Automation-Architecture-TS\gTAA\visual-results\responsive-cdf88f56-b617-45f2-9883-fd40e6494298\navbar\navbar_mobile_menu_opened\web\responsive\mx\es\mobile-navbar-exposes-the-same-links-in-mx\diff.png,0,0,0.015,PASS,963,,GTAA_BASELINE,gTAA,local-batch,0,NOT_AVAILABLE,NOT_AVAILABLE,playwright,web,responsive,2026-06-09T17:38:55.916Z
responsive-cdf88f56-b617-45f2-9883-fd40e6494298,navbar_mobile_menu_opened,mobileMenuButton,,web,responsive,C:\Users\gilsa\Documents\Repos\Generat-Test-Automation-Architecture-TS\gTAA\visual-baselines\navbar\navbar_mobile_menu_opened\web\responsive\ch\de\mobile-navbar-exposes-the-same-links-in-ch\baseline.png,C:\Users\gilsa\Documents\Repos\Generat-Test-Automation-Architecture-TS\gTAA\visual-results\responsive-cdf88f56-b617-45f2-9883-fd40e6494298\navbar\navbar_mobile_menu_opened\web\responsive\ch\de\mobile-navbar-exposes-the-same-links-in-ch\actual.png,C:\Users\gilsa\Documents\Repos\Generat-Test-Automation-Architecture-TS\gTAA\visual-results\responsive-cdf88f56-b617-45f2-9883-fd40e6494298\navbar\navbar_mobile_menu_opened\web\responsive\ch\de\mobile-navbar-exposes-the-same-links-in-ch\diff.png,0,0,0.015,PASS,788,,GTAA_BASELINE,gTAA,local-batch,0,NOT_AVAILABLE,NOT_AVAILABLE,playwright,web,responsive,2026-06-09T17:38:55.916Z
responsive-cdf88f56-b617-45f2-9883-fd40e6494298,navbar_mobile_menu_opened,mobileMenuButton,,web,responsive,C:\Users\gilsa\Documents\Repos\Generat-Test-Automation-Architecture-TS\gTAA\visual-baselines\navbar\navbar_mobile_menu_opened\web\responsive\ch\fr\mobile-navbar-exposes-the-same-links-in-ch\baseline.png,C:\Users\gilsa\Documents\Repos\Generat-Test-Automation-Architecture-TS\gTAA\visual-results\responsive-cdf88f56-b617-45f2-9883-fd40e6494298\navbar\navbar_mobile_menu_opened\web\responsive\ch\fr\mobile-navbar-exposes-the-same-links-in-ch\actual.png,C:\Users\gilsa\Documents\Repos\Generat-Test-Automation-Architecture-TS\gTAA\visual-results\responsive-cdf88f56-b617-45f2-9883-fd40e6494298\navbar\navbar_mobile_menu_opened\web\responsive\ch\fr\mobile-navbar-exposes-the-same-links-in-ch\diff.png,0,0,0.015,PASS,935,,GTAA_BASELINE,gTAA,local-batch,0,NOT_AVAILABLE,NOT_AVAILABLE,playwright,web,responsive,2026-06-09T17:38:55.916Z
responsive-cdf88f56-b617-45f2-9883-fd40e6494298,navbar_mobile_menu_opened,mobileMenuButton,,web,responsive,C:\Users\gilsa\Documents\Repos\Generat-Test-Automation-Architecture-TS\gTAA\visual-baselines\navbar\navbar_mobile_menu_opened\web\responsive\jp\ja\mobile-navbar-exposes-the-same-links-in-jp\baseline.png,C:\Users\gilsa\Documents\Repos\Generat-Test-Automation-Architecture-TS\gTAA\visual-results\responsive-cdf88f56-b617-45f2-9883-fd40e6494298\navbar\navbar_mobile_menu_opened\web\responsive\jp\ja\mobile-navbar-exposes-the-same-links-in-jp\actual.png,C:\Users\gilsa\Documents\Repos\Generat-Test-Automation-Architecture-TS\gTAA\visual-results\responsive-cdf88f56-b617-45f2-9883-fd40e6494298\navbar\navbar_mobile_menu_opened\web\responsive\jp\ja\mobile-navbar-exposes-the-same-links-in-jp\diff.png,0,0,0.015,PASS,1109,,GTAA_BASELINE,gTAA,local-batch,0,NOT_AVAILABLE,NOT_AVAILABLE,playwright,web,responsive,2026-06-09T17:38:55.916Z
responsive-cdf88f56-b617-45f2-9883-fd40e6494298,order_success_screen_landed,orderSuccessScreen,orderIdLabel;orderTotalText;timeEstimateText,web,responsive,C:\Users\gilsa\Documents\Repos\Generat-Test-Automation-Architecture-TS\gTAA\visual-baselines\order_success\order_success_screen_landed\web\responsive\us\en\order-success-screen-in-us-en-shows-tracking-courier\baseline.png,C:\Users\gilsa\Documents\Repos\Generat-Test-Automation-Architecture-TS\gTAA\visual-results\responsive-cdf88f56-b617-45f2-9883-fd40e6494298\order_success\order_success_screen_landed\web\responsive\us\en\order-success-screen-in-us-en-shows-tracking-courier\actual.png,C:\Users\gilsa\Documents\Repos\Generat-Test-Automation-Architecture-TS\gTAA\visual-results\responsive-cdf88f56-b617-45f2-9883-fd40e6494298\order_success\order_success_screen_landed\web\responsive\us\en\order-success-screen-in-us-en-shows-tracking-courier\diff.png,0,0,0.01,PASS,572,,GTAA_BASELINE,gTAA,local-batch,0,NOT_AVAILABLE,NOT_AVAILABLE,playwright,web,responsive,2026-06-09T17:38:55.916Z
responsive-cdf88f56-b617-45f2-9883-fd40e6494298,order_success_screen_landed,orderSuccessScreen,orderIdLabel;orderTotalText;timeEstimateText,web,responsive,C:\Users\gilsa\Documents\Repos\Generat-Test-Automation-Architecture-TS\gTAA\visual-baselines\order_success\order_success_screen_landed\web\responsive\mx\es\order-success-screen-in-mx-es-shows-tracking-courier\baseline.png,C:\Users\gilsa\Documents\Repos\Generat-Test-Automation-Architecture-TS\gTAA\visual-results\responsive-cdf88f56-b617-45f2-9883-fd40e6494298\order_success\order_success_screen_landed\web\responsive\mx\es\order-success-screen-in-mx-es-shows-tracking-courier\actual.png,C:\Users\gilsa\Documents\Repos\Generat-Test-Automation-Architecture-TS\gTAA\visual-results\responsive-cdf88f56-b617-45f2-9883-fd40e6494298\order_success\order_success_screen_landed\web\responsive\mx\es\order-success-screen-in-mx-es-shows-tracking-courier\diff.png,0,0,0.01,PASS,547,,GTAA_BASELINE,gTAA,local-batch,0,NOT_AVAILABLE,NOT_AVAILABLE,playwright,web,responsive,2026-06-09T17:38:55.916Z
responsive-cdf88f56-b617-45f2-9883-fd40e6494298,order_success_screen_landed,orderSuccessScreen,orderIdLabel;orderTotalText;timeEstimateText,web,responsive,C:\Users\gilsa\Documents\Repos\Generat-Test-Automation-Architecture-TS\gTAA\visual-baselines\order_success\order_success_screen_landed\web\responsive\ch\de\order-success-screen-in-ch-de-shows-tracking-courier\baseline.png,C:\Users\gilsa\Documents\Repos\Generat-Test-Automation-Architecture-TS\gTAA\visual-results\responsive-cdf88f56-b617-45f2-9883-fd40e6494298\order_success\order_success_screen_landed\web\responsive\ch\de\order-success-screen-in-ch-de-shows-tracking-courier\actual.png,C:\Users\gilsa\Documents\Repos\Generat-Test-Automation-Architecture-TS\gTAA\visual-results\responsive-cdf88f56-b617-45f2-9883-fd40e6494298\order_success\order_success_screen_landed\web\responsive\ch\de\order-success-screen-in-ch-de-shows-tracking-courier\diff.png,0,0,0.01,PASS,455,,GTAA_BASELINE,gTAA,local-batch,0,NOT_AVAILABLE,NOT_AVAILABLE,playwright,web,responsive,2026-06-09T17:38:55.916Z
responsive-cdf88f56-b617-45f2-9883-fd40e6494298,order_success_screen_landed,orderSuccessScreen,orderIdLabel;orderTotalText;timeEstimateText,web,responsive,C:\Users\gilsa\Documents\Repos\Generat-Test-Automation-Architecture-TS\gTAA\visual-baselines\order_success\order_success_screen_landed\web\responsive\ch\fr\order-success-screen-in-ch-fr-shows-tracking-courier\baseline.png,C:\Users\gilsa\Documents\Repos\Generat-Test-Automation-Architecture-TS\gTAA\visual-results\responsive-cdf88f56-b617-45f2-9883-fd40e6494298\order_success\order_success_screen_landed\web\responsive\ch\fr\order-success-screen-in-ch-fr-shows-tracking-courier\actual.png,C:\Users\gilsa\Documents\Repos\Generat-Test-Automation-Architecture-TS\gTAA\visual-results\responsive-cdf88f56-b617-45f2-9883-fd40e6494298\order_success\order_success_screen_landed\web\responsive\ch\fr\order-success-screen-in-ch-fr-shows-tracking-courier\diff.png,0,0,0.01,PASS,540,,GTAA_BASELINE,gTAA,local-batch,0,NOT_AVAILABLE,NOT_AVAILABLE,playwright,web,responsive,2026-06-09T17:38:55.916Z
responsive-cdf88f56-b617-45f2-9883-fd40e6494298,order_success_screen_landed,orderSuccessScreen,orderIdLabel;orderTotalText;timeEstimateText,web,responsive,C:\Users\gilsa\Documents\Repos\Generat-Test-Automation-Architecture-TS\gTAA\visual-baselines\order_success\order_success_screen_landed\web\responsive\jp\ja\order-success-screen-in-jp-ja-shows-tracking-courier\baseline.png,C:\Users\gilsa\Documents\Repos\Generat-Test-Automation-Architecture-TS\gTAA\visual-results\responsive-cdf88f56-b617-45f2-9883-fd40e6494298\order_success\order_success_screen_landed\web\responsive\jp\ja\order-success-screen-in-jp-ja-shows-tracking-courier\actual.png,C:\Users\gilsa\Documents\Repos\Generat-Test-Automation-Architecture-TS\gTAA\visual-results\responsive-cdf88f56-b617-45f2-9883-fd40e6494298\order_success\order_success_screen_landed\web\responsive\jp\ja\order-success-screen-in-jp-ja-shows-tracking-courier\diff.png,0,0,0.01,PASS,516,,GTAA_BASELINE,gTAA,local-batch,0,NOT_AVAILABLE,NOT_AVAILABLE,playwright,web,responsive,2026-06-09T17:38:55.916Z
responsive-cdf88f56-b617-45f2-9883-fd40e6494298,pizzaBuilder_confirm_state,confirmAddToCartButton,,web,responsive,C:\Users\gilsa\Documents\Repos\Generat-Test-Automation-Architecture-TS\gTAA\visual-baselines\pizzaBuilder\pizzaBuilder_confirm_state\web\responsive\us\en\confirming-add-to-cart-closes-the-builder-and-increments-the-navbar-cart-count-i\baseline.png,C:\Users\gilsa\Documents\Repos\Generat-Test-Automation-Architecture-TS\gTAA\visual-results\responsive-cdf88f56-b617-45f2-9883-fd40e6494298\pizzaBuilder\pizzaBuilder_confirm_state\web\responsive\us\en\confirming-add-to-cart-closes-the-builder-and-increments-the-navbar-cart-count-i\actual.png,C:\Users\gilsa\Documents\Repos\Generat-Test-Automation-Architecture-TS\gTAA\visual-results\responsive-cdf88f56-b617-45f2-9883-fd40e6494298\pizzaBuilder\pizzaBuilder_confirm_state\web\responsive\us\en\confirming-add-to-cart-closes-the-builder-and-increments-the-navbar-cart-count-i\diff.png,0,0,0.005,PASS,30574,,GTAA_BASELINE,gTAA,local-batch,0,NOT_AVAILABLE,NOT_AVAILABLE,playwright,web,responsive,2026-06-09T17:38:55.916Z
responsive-cdf88f56-b617-45f2-9883-fd40e6494298,pizzaBuilder_confirm_state,confirmAddToCartButton,,web,responsive,C:\Users\gilsa\Documents\Repos\Generat-Test-Automation-Architecture-TS\gTAA\visual-baselines\pizzaBuilder\pizzaBuilder_confirm_state\web\responsive\mx\es\confirming-add-to-cart-closes-the-builder-and-increments-the-navbar-cart-count-i\baseline.png,C:\Users\gilsa\Documents\Repos\Generat-Test-Automation-Architecture-TS\gTAA\visual-results\responsive-cdf88f56-b617-45f2-9883-fd40e6494298\pizzaBuilder\pizzaBuilder_confirm_state\web\responsive\mx\es\confirming-add-to-cart-closes-the-builder-and-increments-the-navbar-cart-count-i\actual.png,C:\Users\gilsa\Documents\Repos\Generat-Test-Automation-Architecture-TS\gTAA\visual-results\responsive-cdf88f56-b617-45f2-9883-fd40e6494298\pizzaBuilder\pizzaBuilder_confirm_state\web\responsive\mx\es\confirming-add-to-cart-closes-the-builder-and-increments-the-navbar-cart-count-i\diff.png,0,0,0.005,PASS,30534,,GTAA_BASELINE,gTAA,local-batch,0,NOT_AVAILABLE,NOT_AVAILABLE,playwright,web,responsive,2026-06-09T17:38:55.916Z
responsive-cdf88f56-b617-45f2-9883-fd40e6494298,pizzaBuilder_confirm_state,confirmAddToCartButton,,web,responsive,C:\Users\gilsa\Documents\Repos\Generat-Test-Automation-Architecture-TS\gTAA\visual-baselines\pizzaBuilder\pizzaBuilder_confirm_state\web\responsive\ch\de\confirming-add-to-cart-closes-the-builder-and-increments-the-navbar-cart-count-i\baseline.png,C:\Users\gilsa\Documents\Repos\Generat-Test-Automation-Architecture-TS\gTAA\visual-results\responsive-cdf88f56-b617-45f2-9883-fd40e6494298\pizzaBuilder\pizzaBuilder_confirm_state\web\responsive\ch\de\confirming-add-to-cart-closes-the-builder-and-increments-the-navbar-cart-count-i\actual.png,C:\Users\gilsa\Documents\Repos\Generat-Test-Automation-Architecture-TS\gTAA\visual-results\responsive-cdf88f56-b617-45f2-9883-fd40e6494298\pizzaBuilder\pizzaBuilder_confirm_state\web\responsive\ch\de\confirming-add-to-cart-closes-the-builder-and-increments-the-navbar-cart-count-i\diff.png,0,0,0.005,PASS,30512,,GTAA_BASELINE,gTAA,local-batch,0,NOT_AVAILABLE,NOT_AVAILABLE,playwright,web,responsive,2026-06-09T17:38:55.916Z
responsive-cdf88f56-b617-45f2-9883-fd40e6494298,pizzaBuilder_confirm_state,confirmAddToCartButton,,web,responsive,C:\Users\gilsa\Documents\Repos\Generat-Test-Automation-Architecture-TS\gTAA\visual-baselines\pizzaBuilder\pizzaBuilder_confirm_state\web\responsive\ch\fr\confirming-add-to-cart-closes-the-builder-and-increments-the-navbar-cart-count-i\baseline.png,C:\Users\gilsa\Documents\Repos\Generat-Test-Automation-Architecture-TS\gTAA\visual-results\responsive-cdf88f56-b617-45f2-9883-fd40e6494298\pizzaBuilder\pizzaBuilder_confirm_state\web\responsive\ch\fr\confirming-add-to-cart-closes-the-builder-and-increments-the-navbar-cart-count-i\actual.png,C:\Users\gilsa\Documents\Repos\Generat-Test-Automation-Architecture-TS\gTAA\visual-results\responsive-cdf88f56-b617-45f2-9883-fd40e6494298\pizzaBuilder\pizzaBuilder_confirm_state\web\responsive\ch\fr\confirming-add-to-cart-closes-the-builder-and-increments-the-navbar-cart-count-i\diff.png,0,0,0.005,PASS,30527,,GTAA_BASELINE,gTAA,local-batch,0,NOT_AVAILABLE,NOT_AVAILABLE,playwright,web,responsive,2026-06-09T17:38:55.916Z
responsive-cdf88f56-b617-45f2-9883-fd40e6494298,pizzaBuilder_confirm_state,confirmAddToCartButton,,web,responsive,C:\Users\gilsa\Documents\Repos\Generat-Test-Automation-Architecture-TS\gTAA\visual-baselines\pizzaBuilder\pizzaBuilder_confirm_state\web\responsive\jp\ja\confirming-add-to-cart-closes-the-builder-and-increments-the-navbar-cart-count-i\baseline.png,C:\Users\gilsa\Documents\Repos\Generat-Test-Automation-Architecture-TS\gTAA\visual-results\responsive-cdf88f56-b617-45f2-9883-fd40e6494298\pizzaBuilder\pizzaBuilder_confirm_state\web\responsive\jp\ja\confirming-add-to-cart-closes-the-builder-and-increments-the-navbar-cart-count-i\actual.png,C:\Users\gilsa\Documents\Repos\Generat-Test-Automation-Architecture-TS\gTAA\visual-results\responsive-cdf88f56-b617-45f2-9883-fd40e6494298\pizzaBuilder\pizzaBuilder_confirm_state\web\responsive\jp\ja\confirming-add-to-cart-closes-the-builder-and-increments-the-navbar-cart-count-i\diff.png,0,0,0.005,PASS,30532,,GTAA_BASELINE,gTAA,local-batch,0,NOT_AVAILABLE,NOT_AVAILABLE,playwright,web,responsive,2026-06-09T17:38:55.916Z
responsive-cdf88f56-b617-45f2-9883-fd40e6494298,pizzaBuilder_size_selected,sizeOptionsList,,web,responsive,C:\Users\gilsa\Documents\Repos\Generat-Test-Automation-Architecture-TS\gTAA\visual-baselines\pizzaBuilder\pizzaBuilder_size_selected\web\responsive\us\en\selecting-a-size-updates-the-estimated-total-for-pepperoni-in-us\baseline.png,C:\Users\gilsa\Documents\Repos\Generat-Test-Automation-Architecture-TS\gTAA\visual-results\responsive-cdf88f56-b617-45f2-9883-fd40e6494298\pizzaBuilder\pizzaBuilder_size_selected\web\responsive\us\en\selecting-a-size-updates-the-estimated-total-for-pepperoni-in-us\actual.png,C:\Users\gilsa\Documents\Repos\Generat-Test-Automation-Architecture-TS\gTAA\visual-results\responsive-cdf88f56-b617-45f2-9883-fd40e6494298\pizzaBuilder\pizzaBuilder_size_selected\web\responsive\us\en\selecting-a-size-updates-the-estimated-total-for-pepperoni-in-us\diff.png,0,0,0.01,PASS,1109,,GTAA_BASELINE,gTAA,local-batch,0,NOT_AVAILABLE,NOT_AVAILABLE,playwright,web,responsive,2026-06-09T17:38:55.916Z
responsive-cdf88f56-b617-45f2-9883-fd40e6494298,pizzaBuilder_size_selected,sizeOptionsList,,web,responsive,C:\Users\gilsa\Documents\Repos\Generat-Test-Automation-Architecture-TS\gTAA\visual-baselines\pizzaBuilder\pizzaBuilder_size_selected\web\responsive\mx\es\selecting-a-size-updates-the-estimated-total-for-margherita-in-mx\baseline.png,C:\Users\gilsa\Documents\Repos\Generat-Test-Automation-Architecture-TS\gTAA\visual-results\responsive-cdf88f56-b617-45f2-9883-fd40e6494298\pizzaBuilder\pizzaBuilder_size_selected\web\responsive\mx\es\selecting-a-size-updates-the-estimated-total-for-margherita-in-mx\actual.png,C:\Users\gilsa\Documents\Repos\Generat-Test-Automation-Architecture-TS\gTAA\visual-results\responsive-cdf88f56-b617-45f2-9883-fd40e6494298\pizzaBuilder\pizzaBuilder_size_selected\web\responsive\mx\es\selecting-a-size-updates-the-estimated-total-for-margherita-in-mx\diff.png,0,0,0.01,PASS,1011,,GTAA_BASELINE,gTAA,local-batch,0,NOT_AVAILABLE,NOT_AVAILABLE,playwright,web,responsive,2026-06-09T17:38:55.916Z
responsive-cdf88f56-b617-45f2-9883-fd40e6494298,pizzaBuilder_size_selected,sizeOptionsList,,web,responsive,C:\Users\gilsa\Documents\Repos\Generat-Test-Automation-Architecture-TS\gTAA\visual-baselines\pizzaBuilder\pizzaBuilder_size_selected\web\responsive\ch\de\selecting-a-size-updates-the-estimated-total-for-marinara-in-ch\baseline.png,C:\Users\gilsa\Documents\Repos\Generat-Test-Automation-Architecture-TS\gTAA\visual-results\responsive-cdf88f56-b617-45f2-9883-fd40e6494298\pizzaBuilder\pizzaBuilder_size_selected\web\responsive\ch\de\selecting-a-size-updates-the-estimated-total-for-marinara-in-ch\actual.png,C:\Users\gilsa\Documents\Repos\Generat-Test-Automation-Architecture-TS\gTAA\visual-results\responsive-cdf88f56-b617-45f2-9883-fd40e6494298\pizzaBuilder\pizzaBuilder_size_selected\web\responsive\ch\de\selecting-a-size-updates-the-estimated-total-for-marinara-in-ch\diff.png,0,0,0.01,PASS,1078,,GTAA_BASELINE,gTAA,local-batch,0,NOT_AVAILABLE,NOT_AVAILABLE,playwright,web,responsive,2026-06-09T17:38:55.916Z
responsive-cdf88f56-b617-45f2-9883-fd40e6494298,pizzaBuilder_size_selected,sizeOptionsList,,web,responsive,C:\Users\gilsa\Documents\Repos\Generat-Test-Automation-Architecture-TS\gTAA\visual-baselines\pizzaBuilder\pizzaBuilder_size_selected\web\responsive\ch\fr\selecting-a-size-updates-the-estimated-total-for-marinara-in-ch\baseline.png,C:\Users\gilsa\Documents\Repos\Generat-Test-Automation-Architecture-TS\gTAA\visual-results\responsive-cdf88f56-b617-45f2-9883-fd40e6494298\pizzaBuilder\pizzaBuilder_size_selected\web\responsive\ch\fr\selecting-a-size-updates-the-estimated-total-for-marinara-in-ch\actual.png,C:\Users\gilsa\Documents\Repos\Generat-Test-Automation-Architecture-TS\gTAA\visual-results\responsive-cdf88f56-b617-45f2-9883-fd40e6494298\pizzaBuilder\pizzaBuilder_size_selected\web\responsive\ch\fr\selecting-a-size-updates-the-estimated-total-for-marinara-in-ch\diff.png,0,0,0.01,PASS,1099,,GTAA_BASELINE,gTAA,local-batch,0,NOT_AVAILABLE,NOT_AVAILABLE,playwright,web,responsive,2026-06-09T17:38:55.916Z
responsive-cdf88f56-b617-45f2-9883-fd40e6494298,pizzaBuilder_size_selected,sizeOptionsList,,web,responsive,C:\Users\gilsa\Documents\Repos\Generat-Test-Automation-Architecture-TS\gTAA\visual-baselines\pizzaBuilder\pizzaBuilder_size_selected\web\responsive\jp\ja\selecting-a-size-updates-the-estimated-total-for-pepperoni-in-jp\baseline.png,C:\Users\gilsa\Documents\Repos\Generat-Test-Automation-Architecture-TS\gTAA\visual-results\responsive-cdf88f56-b617-45f2-9883-fd40e6494298\pizzaBuilder\pizzaBuilder_size_selected\web\responsive\jp\ja\selecting-a-size-updates-the-estimated-total-for-pepperoni-in-jp\actual.png,C:\Users\gilsa\Documents\Repos\Generat-Test-Automation-Architecture-TS\gTAA\visual-results\responsive-cdf88f56-b617-45f2-9883-fd40e6494298\pizzaBuilder\pizzaBuilder_size_selected\web\responsive\jp\ja\selecting-a-size-updates-the-estimated-total-for-pepperoni-in-jp\diff.png,0,0,0.01,PASS,1124,,GTAA_BASELINE,gTAA,local-batch,0,NOT_AVAILABLE,NOT_AVAILABLE,playwright,web,responsive,2026-06-09T17:38:55.916Z
responsive-cdf88f56-b617-45f2-9883-fd40e6494298,pizzaBuilder_toppings_selected,toppingsList,customizerPriceText,web,responsive,C:\Users\gilsa\Documents\Repos\Generat-Test-Automation-Architecture-TS\gTAA\visual-baselines\pizzaBuilder\pizzaBuilder_toppings_selected\web\responsive\us\en\selecting-toppings-updates-the-estimated-total-for-pepperoni-in-us\baseline.png,C:\Users\gilsa\Documents\Repos\Generat-Test-Automation-Architecture-TS\gTAA\visual-results\responsive-cdf88f56-b617-45f2-9883-fd40e6494298\pizzaBuilder\pizzaBuilder_toppings_selected\web\responsive\us\en\selecting-toppings-updates-the-estimated-total-for-pepperoni-in-us\actual.png,C:\Users\gilsa\Documents\Repos\Generat-Test-Automation-Architecture-TS\gTAA\visual-results\responsive-cdf88f56-b617-45f2-9883-fd40e6494298\pizzaBuilder\pizzaBuilder_toppings_selected\web\responsive\us\en\selecting-toppings-updates-the-estimated-total-for-pepperoni-in-us\diff.png,0,0,0.01,PASS,1040,,GTAA_BASELINE,gTAA,local-batch,0,NOT_AVAILABLE,NOT_AVAILABLE,playwright,web,responsive,2026-06-09T17:38:55.916Z
responsive-cdf88f56-b617-45f2-9883-fd40e6494298,pizzaBuilder_toppings_selected,toppingsList,customizerPriceText,web,responsive,C:\Users\gilsa\Documents\Repos\Generat-Test-Automation-Architecture-TS\gTAA\visual-baselines\pizzaBuilder\pizzaBuilder_toppings_selected\web\responsive\mx\es\selecting-toppings-updates-the-estimated-total-for-margherita-in-mx\baseline.png,C:\Users\gilsa\Documents\Repos\Generat-Test-Automation-Architecture-TS\gTAA\visual-results\responsive-cdf88f56-b617-45f2-9883-fd40e6494298\pizzaBuilder\pizzaBuilder_toppings_selected\web\responsive\mx\es\selecting-toppings-updates-the-estimated-total-for-margherita-in-mx\actual.png,C:\Users\gilsa\Documents\Repos\Generat-Test-Automation-Architecture-TS\gTAA\visual-results\responsive-cdf88f56-b617-45f2-9883-fd40e6494298\pizzaBuilder\pizzaBuilder_toppings_selected\web\responsive\mx\es\selecting-toppings-updates-the-estimated-total-for-margherita-in-mx\diff.png,0,0,0.01,PASS,924,,GTAA_BASELINE,gTAA,local-batch,0,NOT_AVAILABLE,NOT_AVAILABLE,playwright,web,responsive,2026-06-09T17:38:55.916Z
responsive-cdf88f56-b617-45f2-9883-fd40e6494298,pizzaBuilder_toppings_selected,toppingsList,customizerPriceText,web,responsive,C:\Users\gilsa\Documents\Repos\Generat-Test-Automation-Architecture-TS\gTAA\visual-baselines\pizzaBuilder\pizzaBuilder_toppings_selected\web\responsive\ch\de\selecting-toppings-updates-the-estimated-total-for-marinara-in-ch\baseline.png,C:\Users\gilsa\Documents\Repos\Generat-Test-Automation-Architecture-TS\gTAA\visual-results\responsive-cdf88f56-b617-45f2-9883-fd40e6494298\pizzaBuilder\pizzaBuilder_toppings_selected\web\responsive\ch\de\selecting-toppings-updates-the-estimated-total-for-marinara-in-ch\actual.png,C:\Users\gilsa\Documents\Repos\Generat-Test-Automation-Architecture-TS\gTAA\visual-results\responsive-cdf88f56-b617-45f2-9883-fd40e6494298\pizzaBuilder\pizzaBuilder_toppings_selected\web\responsive\ch\de\selecting-toppings-updates-the-estimated-total-for-marinara-in-ch\diff.png,0,0,0.01,PASS,989,,GTAA_BASELINE,gTAA,local-batch,0,NOT_AVAILABLE,NOT_AVAILABLE,playwright,web,responsive,2026-06-09T17:38:55.916Z
responsive-cdf88f56-b617-45f2-9883-fd40e6494298,pizzaBuilder_toppings_selected,toppingsList,customizerPriceText,web,responsive,C:\Users\gilsa\Documents\Repos\Generat-Test-Automation-Architecture-TS\gTAA\visual-baselines\pizzaBuilder\pizzaBuilder_toppings_selected\web\responsive\ch\fr\selecting-toppings-updates-the-estimated-total-for-marinara-in-ch\baseline.png,C:\Users\gilsa\Documents\Repos\Generat-Test-Automation-Architecture-TS\gTAA\visual-results\responsive-cdf88f56-b617-45f2-9883-fd40e6494298\pizzaBuilder\pizzaBuilder_toppings_selected\web\responsive\ch\fr\selecting-toppings-updates-the-estimated-total-for-marinara-in-ch\actual.png,C:\Users\gilsa\Documents\Repos\Generat-Test-Automation-Architecture-TS\gTAA\visual-results\responsive-cdf88f56-b617-45f2-9883-fd40e6494298\pizzaBuilder\pizzaBuilder_toppings_selected\web\responsive\ch\fr\selecting-toppings-updates-the-estimated-total-for-marinara-in-ch\diff.png,0,0,0.01,PASS,1029,,GTAA_BASELINE,gTAA,local-batch,0,NOT_AVAILABLE,NOT_AVAILABLE,playwright,web,responsive,2026-06-09T17:38:55.916Z
responsive-cdf88f56-b617-45f2-9883-fd40e6494298,pizzaBuilder_toppings_selected,toppingsList,customizerPriceText,web,responsive,C:\Users\gilsa\Documents\Repos\Generat-Test-Automation-Architecture-TS\gTAA\visual-baselines\pizzaBuilder\pizzaBuilder_toppings_selected\web\responsive\jp\ja\selecting-toppings-updates-the-estimated-total-for-pepperoni-in-jp\baseline.png,C:\Users\gilsa\Documents\Repos\Generat-Test-Automation-Architecture-TS\gTAA\visual-results\responsive-cdf88f56-b617-45f2-9883-fd40e6494298\pizzaBuilder\pizzaBuilder_toppings_selected\web\responsive\jp\ja\selecting-toppings-updates-the-estimated-total-for-pepperoni-in-jp\actual.png,C:\Users\gilsa\Documents\Repos\Generat-Test-Automation-Architecture-TS\gTAA\visual-results\responsive-cdf88f56-b617-45f2-9883-fd40e6494298\pizzaBuilder\pizzaBuilder_toppings_selected\web\responsive\jp\ja\selecting-toppings-updates-the-estimated-total-for-pepperoni-in-jp\diff.png,0,0,0.01,PASS,989,,GTAA_BASELINE,gTAA,local-batch,0,NOT_AVAILABLE,NOT_AVAILABLE,playwright,web,responsive,2026-06-09T17:38:55.916Z
responsive-cdf88f56-b617-45f2-9883-fd40e6494298,profile_card_render,profileFullNameInput,profileFullNameInput;profilePhoneNumberInput;notesInput,web,responsive,C:\Users\gilsa\Documents\Repos\Generat-Test-Automation-Architecture-TS\gTAA\visual-baselines\profile\profile_card_render\web\responsive\us\en\profile-renders-for-standard-user-in-us-en\baseline.png,C:\Users\gilsa\Documents\Repos\Generat-Test-Automation-Architecture-TS\gTAA\visual-results\responsive-cdf88f56-b617-45f2-9883-fd40e6494298\profile\profile_card_render\web\responsive\us\en\profile-renders-for-standard-user-in-us-en\actual.png,C:\Users\gilsa\Documents\Repos\Generat-Test-Automation-Architecture-TS\gTAA\visual-results\responsive-cdf88f56-b617-45f2-9883-fd40e6494298\profile\profile_card_render\web\responsive\us\en\profile-renders-for-standard-user-in-us-en\diff.png,0,0,0.01,PASS,842,,GTAA_BASELINE,gTAA,local-batch,0,NOT_AVAILABLE,NOT_AVAILABLE,playwright,web,responsive,2026-06-09T17:38:55.916Z
responsive-cdf88f56-b617-45f2-9883-fd40e6494298,profile_card_render,profileFullNameInput,profileFullNameInput;profilePhoneNumberInput;notesInput,web,responsive,C:\Users\gilsa\Documents\Repos\Generat-Test-Automation-Architecture-TS\gTAA\visual-baselines\profile\profile_card_render\web\responsive\mx\es\profile-renders-for-standard-user-in-mx-es\baseline.png,C:\Users\gilsa\Documents\Repos\Generat-Test-Automation-Architecture-TS\gTAA\visual-results\responsive-cdf88f56-b617-45f2-9883-fd40e6494298\profile\profile_card_render\web\responsive\mx\es\profile-renders-for-standard-user-in-mx-es\actual.png,C:\Users\gilsa\Documents\Repos\Generat-Test-Automation-Architecture-TS\gTAA\visual-results\responsive-cdf88f56-b617-45f2-9883-fd40e6494298\profile\profile_card_render\web\responsive\mx\es\profile-renders-for-standard-user-in-mx-es\diff.png,0,0,0.01,PASS,786,,GTAA_BASELINE,gTAA,local-batch,0,NOT_AVAILABLE,NOT_AVAILABLE,playwright,web,responsive,2026-06-09T17:38:55.916Z
responsive-cdf88f56-b617-45f2-9883-fd40e6494298,profile_card_render,profileFullNameInput,profileFullNameInput;profilePhoneNumberInput;notesInput,web,responsive,C:\Users\gilsa\Documents\Repos\Generat-Test-Automation-Architecture-TS\gTAA\visual-baselines\profile\profile_card_render\web\responsive\ch\de\profile-renders-for-standard-user-in-ch-de\baseline.png,C:\Users\gilsa\Documents\Repos\Generat-Test-Automation-Architecture-TS\gTAA\visual-results\responsive-cdf88f56-b617-45f2-9883-fd40e6494298\profile\profile_card_render\web\responsive\ch\de\profile-renders-for-standard-user-in-ch-de\actual.png,C:\Users\gilsa\Documents\Repos\Generat-Test-Automation-Architecture-TS\gTAA\visual-results\responsive-cdf88f56-b617-45f2-9883-fd40e6494298\profile\profile_card_render\web\responsive\ch\de\profile-renders-for-standard-user-in-ch-de\diff.png,0,0,0.01,PASS,825,,GTAA_BASELINE,gTAA,local-batch,0,NOT_AVAILABLE,NOT_AVAILABLE,playwright,web,responsive,2026-06-09T17:38:55.916Z
responsive-cdf88f56-b617-45f2-9883-fd40e6494298,profile_card_render,profileFullNameInput,profileFullNameInput;profilePhoneNumberInput;notesInput,web,responsive,C:\Users\gilsa\Documents\Repos\Generat-Test-Automation-Architecture-TS\gTAA\visual-baselines\profile\profile_card_render\web\responsive\ch\fr\profile-renders-for-standard-user-in-ch-fr\baseline.png,C:\Users\gilsa\Documents\Repos\Generat-Test-Automation-Architecture-TS\gTAA\visual-results\responsive-cdf88f56-b617-45f2-9883-fd40e6494298\profile\profile_card_render\web\responsive\ch\fr\profile-renders-for-standard-user-in-ch-fr\actual.png,C:\Users\gilsa\Documents\Repos\Generat-Test-Automation-Architecture-TS\gTAA\visual-results\responsive-cdf88f56-b617-45f2-9883-fd40e6494298\profile\profile_card_render\web\responsive\ch\fr\profile-renders-for-standard-user-in-ch-fr\diff.png,0,0,0.01,PASS,823,,GTAA_BASELINE,gTAA,local-batch,0,NOT_AVAILABLE,NOT_AVAILABLE,playwright,web,responsive,2026-06-09T17:38:55.916Z
responsive-cdf88f56-b617-45f2-9883-fd40e6494298,profile_card_render,profileFullNameInput,profileFullNameInput;profilePhoneNumberInput;notesInput,web,responsive,C:\Users\gilsa\Documents\Repos\Generat-Test-Automation-Architecture-TS\gTAA\visual-baselines\profile\profile_card_render\web\responsive\jp\ja\profile-renders-for-standard-user-in-jp-ja\baseline.png,C:\Users\gilsa\Documents\Repos\Generat-Test-Automation-Architecture-TS\gTAA\visual-results\responsive-cdf88f56-b617-45f2-9883-fd40e6494298\profile\profile_card_render\web\responsive\jp\ja\profile-renders-for-standard-user-in-jp-ja\actual.png,C:\Users\gilsa\Documents\Repos\Generat-Test-Automation-Architecture-TS\gTAA\visual-results\responsive-cdf88f56-b617-45f2-9883-fd40e6494298\profile\profile_card_render\web\responsive\jp\ja\profile-renders-for-standard-user-in-jp-ja\diff.png,0,0,0.01,PASS,822,,GTAA_BASELINE,gTAA,local-batch,0,NOT_AVAILABLE,NOT_AVAILABLE,playwright,web,responsive,2026-06-09T17:38:55.916Z
responsive-cdf88f56-b617-45f2-9883-fd40e6494298,profile_post_save,profileFullNameInput,profilePhoneNumberInput;notesInput,web,responsive,C:\Users\gilsa\Documents\Repos\Generat-Test-Automation-Architecture-TS\gTAA\visual-baselines\profile\profile_post_save\web\responsive\us\en\the-profile-form-is-editable-and-the-save-is-accepted-in-us\baseline.png,C:\Users\gilsa\Documents\Repos\Generat-Test-Automation-Architecture-TS\gTAA\visual-results\responsive-cdf88f56-b617-45f2-9883-fd40e6494298\profile\profile_post_save\web\responsive\us\en\the-profile-form-is-editable-and-the-save-is-accepted-in-us\actual.png,C:\Users\gilsa\Documents\Repos\Generat-Test-Automation-Architecture-TS\gTAA\visual-results\responsive-cdf88f56-b617-45f2-9883-fd40e6494298\profile\profile_post_save\web\responsive\us\en\the-profile-form-is-editable-and-the-save-is-accepted-in-us\diff.png,0,0,0.01,PASS,813,,GTAA_BASELINE,gTAA,local-batch,0,NOT_AVAILABLE,NOT_AVAILABLE,playwright,web,responsive,2026-06-09T17:38:55.916Z
responsive-cdf88f56-b617-45f2-9883-fd40e6494298,profile_post_save,profileFullNameInput,profilePhoneNumberInput;notesInput,web,responsive,C:\Users\gilsa\Documents\Repos\Generat-Test-Automation-Architecture-TS\gTAA\visual-baselines\profile\profile_post_save\web\responsive\mx\es\the-profile-form-is-editable-and-the-save-is-accepted-in-mx\baseline.png,C:\Users\gilsa\Documents\Repos\Generat-Test-Automation-Architecture-TS\gTAA\visual-results\responsive-cdf88f56-b617-45f2-9883-fd40e6494298\profile\profile_post_save\web\responsive\mx\es\the-profile-form-is-editable-and-the-save-is-accepted-in-mx\actual.png,C:\Users\gilsa\Documents\Repos\Generat-Test-Automation-Architecture-TS\gTAA\visual-results\responsive-cdf88f56-b617-45f2-9883-fd40e6494298\profile\profile_post_save\web\responsive\mx\es\the-profile-form-is-editable-and-the-save-is-accepted-in-mx\diff.png,0,0,0.01,PASS,851,,GTAA_BASELINE,gTAA,local-batch,0,NOT_AVAILABLE,NOT_AVAILABLE,playwright,web,responsive,2026-06-09T17:38:55.916Z
responsive-cdf88f56-b617-45f2-9883-fd40e6494298,profile_post_save,profileFullNameInput,profilePhoneNumberInput;notesInput,web,responsive,C:\Users\gilsa\Documents\Repos\Generat-Test-Automation-Architecture-TS\gTAA\visual-baselines\profile\profile_post_save\web\responsive\ch\de\the-profile-form-is-editable-and-the-save-is-accepted-in-ch\baseline.png,C:\Users\gilsa\Documents\Repos\Generat-Test-Automation-Architecture-TS\gTAA\visual-results\responsive-cdf88f56-b617-45f2-9883-fd40e6494298\profile\profile_post_save\web\responsive\ch\de\the-profile-form-is-editable-and-the-save-is-accepted-in-ch\actual.png,C:\Users\gilsa\Documents\Repos\Generat-Test-Automation-Architecture-TS\gTAA\visual-results\responsive-cdf88f56-b617-45f2-9883-fd40e6494298\profile\profile_post_save\web\responsive\ch\de\the-profile-form-is-editable-and-the-save-is-accepted-in-ch\diff.png,0,0,0.01,PASS,847,,GTAA_BASELINE,gTAA,local-batch,0,NOT_AVAILABLE,NOT_AVAILABLE,playwright,web,responsive,2026-06-09T17:38:55.916Z
responsive-cdf88f56-b617-45f2-9883-fd40e6494298,profile_post_save,profileFullNameInput,profilePhoneNumberInput;notesInput,web,responsive,C:\Users\gilsa\Documents\Repos\Generat-Test-Automation-Architecture-TS\gTAA\visual-baselines\profile\profile_post_save\web\responsive\ch\fr\the-profile-form-is-editable-and-the-save-is-accepted-in-ch\baseline.png,C:\Users\gilsa\Documents\Repos\Generat-Test-Automation-Architecture-TS\gTAA\visual-results\responsive-cdf88f56-b617-45f2-9883-fd40e6494298\profile\profile_post_save\web\responsive\ch\fr\the-profile-form-is-editable-and-the-save-is-accepted-in-ch\actual.png,C:\Users\gilsa\Documents\Repos\Generat-Test-Automation-Architecture-TS\gTAA\visual-results\responsive-cdf88f56-b617-45f2-9883-fd40e6494298\profile\profile_post_save\web\responsive\ch\fr\the-profile-form-is-editable-and-the-save-is-accepted-in-ch\diff.png,0,0,0.01,PASS,855,,GTAA_BASELINE,gTAA,local-batch,0,NOT_AVAILABLE,NOT_AVAILABLE,playwright,web,responsive,2026-06-09T17:38:55.916Z
responsive-cdf88f56-b617-45f2-9883-fd40e6494298,profile_post_save,profileFullNameInput,profilePhoneNumberInput;notesInput,web,responsive,C:\Users\gilsa\Documents\Repos\Generat-Test-Automation-Architecture-TS\gTAA\visual-baselines\profile\profile_post_save\web\responsive\jp\ja\the-profile-form-is-editable-and-the-save-is-accepted-in-jp\baseline.png,C:\Users\gilsa\Documents\Repos\Generat-Test-Automation-Architecture-TS\gTAA\visual-results\responsive-cdf88f56-b617-45f2-9883-fd40e6494298\profile\profile_post_save\web\responsive\jp\ja\the-profile-form-is-editable-and-the-save-is-accepted-in-jp\actual.png,C:\Users\gilsa\Documents\Repos\Generat-Test-Automation-Architecture-TS\gTAA\visual-results\responsive-cdf88f56-b617-45f2-9883-fd40e6494298\profile\profile_post_save\web\responsive\jp\ja\the-profile-form-is-editable-and-the-save-is-accepted-in-jp\diff.png,0,0,0.01,PASS,818,,GTAA_BASELINE,gTAA,local-batch,0,NOT_AVAILABLE,NOT_AVAILABLE,playwright,web,responsive,2026-06-09T17:38:55.916Z
responsive-d08f99a7-8624-42ca-8962-5d4857f436f9,login_screen_invalid_credentials,loginScreen,usernameInput;passwordInput,web,responsive,,,,,,0.01,SKIP,5,WEB_SESSION_FAILURE,GTAA_BASELINE,gTAA,local-batch,0,NOT_AVAILABLE,NOT_AVAILABLE,playwright,web,responsive,2026-06-09T17:38:55.916Z
sample-run-0,catalog-grid,main-content,promo-banner;cart-badge,desktop,desktop,visual-baselines/catalog-grid.png,results/visual/catalog-grid.png,results/visual/catalog-grid.diff.png,12,0.0004,0.01,PASS,320,,GTAA_BASELINE,gTAA,sample-batch,0,NOT_AVAILABLE,NOT_AVAILABLE,pixelmatch,desktop,desktop,2026-06-09T17:38:55.916Z
